2026-09-19 12:13:30 [restartedMain] INFO  c.s.SentinelFlowApplication - Starting SentinelFlowApplication using Java 22 with PID 19196 (D:\Java\SentinelFlow\target\classes started by hp in D:\Java\SentinelFlow)
2026-09-19 12:13:30 [restartedMain] DEBUG c.s.SentinelFlowApplication - Running with Spring Boot v4.1.1, Spring v7.0.9
2026-09-19 12:13:30 [restartedMain] INFO  c.s.SentinelFlowApplication - No active profile set, falling back to 1 default profile: "default"
2026-09-19 12:13:30 [restartedMain] INFO  o.s.b.d.e.DevToolsPropertyDefaultsPostProcessor - Devtools property defaults active! Set 'spring.devtools.add-properties' to 'false' to disable
2026-09-19 12:13:30 [restartedMain] INFO  o.s.b.d.e.DevToolsPropertyDefaultsPostProcessor - For additional web related logging consider setting the 'logging.level.web' property to 'DEBUG'
2026-09-19 12:13:31 [restartedMain] INFO  o.s.d.r.c.RepositoryConfigurationDelegate - Bootstrapping Spring Data JPA repositories in DEFAULT mode.
2026-09-19 12:13:31 [restartedMain] INFO  o.s.d.r.c.RepositoryConfigurationDelegate - Finished Spring Data repository scanning in 52 ms. Found 5 JPA repository interfaces.
2026-09-19 12:13:32 [restartedMain] INFO  o.s.boot.tomcat.TomcatWebServer - Tomcat initialized with port 8080 (http)
2026-09-19 12:13:32 [restartedMain] INFO  o.a.catalina.core.StandardService - Starting service [Tomcat]
2026-09-19 12:13:32 [restartedMain] INFO  o.a.catalina.core.StandardEngine - Starting Servlet engine: [Apache Tomcat/11.0.24]
2026-09-19 12:13:32 [restartedMain] INFO  o.s.b.w.c.s.WebApplicationContextInitializer - Root WebApplicationContext: initialization completed in 1656 ms
2026-09-19 12:13:32 [restartedMain] INFO  org.hibernate.orm.jpa - HHH008540: Processing PersistenceUnitInfo [name: default]
2026-09-19 12:13:32 [restartedMain] INFO  org.hibernate.orm.core - HHH000001: Hibernate ORM core version 7.4.5.Final
2026-09-19 12:13:32 [restartedMain] INFO  o.s.o.j.p.SpringPersistenceUnitInfo - No LoadTimeWeaver setup: ignoring JPA class transformer
2026-09-19 12:13:32 [restartedMain] INFO  com.zaxxer.hikari.HikariDataSource - HikariPool-1 - Starting...
2026-09-19 12:13:33 [restartedMain] INFO  com.zaxxer.hikari.pool.HikariPool - HikariPool-1 - Added connection org.postgresql.jdbc.PgConnection@382ef31b
2026-09-19 12:13:33 [restartedMain] INFO  com.zaxxer.hikari.HikariDataSource - HikariPool-1 - Start completed.
2026-09-19 12:13:33 [restartedMain] WARN  org.hibernate.orm.jdbc - HHH100046: Could not obtain connection to query JDBC database metadata
org.hibernate.boot.registry.selector.spi.StrategySelectionException: Unable to resolve name [org.hibernate.dialect.PostgreSQL10Dialect] as strategy [org.hibernate.dialect.Dialect]
	at org.hibernate.boot.registry.selector.internal.StrategySelectorImpl.selectStrategyImplementor(StrategySelectorImpl.java:82)
	at org.hibernate.boot.registry.selector.internal.StrategySelectorImpl.resolveStrategy(StrategySelectorImpl.java:176)
	at org.hibernate.boot.registry.selector.internal.StrategySelectorImpl.resolveStrategy(StrategySelectorImpl.java:118)
	at org.hibernate.engine.jdbc.dialect.internal.DialectFactoryImpl.constructDialect(DialectFactoryImpl.java:122)
	at org.hibernate.engine.jdbc.dialect.internal.DialectFactoryImpl.buildDialect(DialectFactoryImpl.java:87)
	at org.hibernate.engine.jdbc.env.internal.JdbcEnvironmentInitiator$1.execute(JdbcEnvironmentInitiator.java:398)
	at org.hibernate.engine.jdbc.env.internal.JdbcEnvironmentInitiator$1.execute(JdbcEnvironmentInitiator.java:367)
	at org.hibernate.jdbc.WorkExecutor.executeReturningWork(WorkExecutor.java:56)
	at org.hibernate.jdbc.AbstractReturningWork.accept(AbstractReturningWork.java:32)
	at org.hibernate.resource.transaction.backend.jdbc.internal.JdbcIsolationDelegate.doWorkAndCommit(JdbcIsolationDelegate.java:89)
	at org.hibernate.resource.transaction.backend.jdbc.internal.JdbcIsolationDelegate.delegateWork(JdbcIsolationDelegate.java:64)
	at org.hibernate.engine.jdbc.env.internal.JdbcEnvironmentInitiator.getJdbcEnvironmentUsingJdbcMetadata(JdbcEnvironmentInitiator.java:366)
	at org.hibernate.engine.jdbc.env.internal.JdbcEnvironmentInitiator.getJdbcEnvironment(JdbcEnvironmentInitiator.java:143)
	at org.hibernate.engine.jdbc.env.internal.JdbcEnvironmentInitiator.initiateService(JdbcEnvironmentInitiator.java:120)
	at org.hibernate.engine.jdbc.env.internal.JdbcEnvironmentInitiator.initiateService(JdbcEnvironmentInitiator.java:80)
	at org.hibernate.boot.registry.internal.StandardServiceRegistryImpl.initiateService(StandardServiceRegistryImpl.java:133)
	at org.hibernate.service.internal.AbstractServiceRegistryImpl.createService(AbstractServiceRegistryImpl.java:260)
	at org.hibernate.service.internal.AbstractServiceRegistryImpl.initializeService(AbstractServiceRegistryImpl.java:235)
	at org.hibernate.service.internal.AbstractServiceRegistryImpl.getService(AbstractServiceRegistryImpl.java:212)
	at org.hibernate.boot.model.relational.Database.<init>(Database.java:44)
	at org.hibernate.boot.internal.InFlightMetadataCollectorImpl.getDatabase(InFlightMetadataCollectorImpl.java:251)
	at org.hibernate.boot.internal.InFlightMetadataCollectorImpl.<init>(InFlightMetadataCollectorImpl.java:203)
	at org.hibernate.boot.model.process.spi.MetadataBuildingProcess.complete(MetadataBuildingProcess.java:180)
	at org.hibernate.jpa.boot.internal.EntityManagerFactoryBuilderImpl.metadata(EntityManagerFactoryBuilderImpl.java:1388)
	at org.hibernate.jpa.boot.internal.EntityManagerFactoryBuilderImpl.populateSessionFactoryBuilder(EntityManagerFactoryBuilderImpl.java:1468)
	at org.hibernate.jpa.boot.internal.EntityManagerFactoryBuilderImpl.build(EntityManagerFactoryBuilderImpl.java:1450)
	at org.springframework.orm.jpa.vendor.SpringHibernateJpaPersistenceProvider.createContainerEntityManagerFactory(SpringHibernateJpaPersistenceProvider.java:93)
	at org.springframework.orm.jpa.LocalContainerEntityManagerFactoryBean.createNativeEntityManagerFactory(LocalContainerEntityManagerFactoryBean.java:443)
	at org.springframework.orm.jpa.AbstractEntityManagerFactoryBean.buildNativeEntityManagerFactory(AbstractEntityManagerFactoryBean.java:436)
	at org.springframework.orm.jpa.AbstractEntityManagerFactoryBean.afterPropertiesSet(AbstractEntityManagerFactoryBean.java:411)
	at org.springframework.orm.jpa.LocalContainerEntityManagerFactoryBean.afterPropertiesSet(LocalContainerEntityManagerFactoryBean.java:419)
	at org.springframework.beans.factory.support.AbstractAutowireCapableBeanFactory.invokeInitMethods(AbstractAutowireCapableBeanFactory.java:1862)
	at org.springframework.beans.factory.support.AbstractAutowireCapableBeanFactory.initializeBean(AbstractAutowireCapableBeanFactory.java:1811)
	at org.springframework.beans.factory.support.AbstractAutowireCapableBeanFactory.doCreateBean(AbstractAutowireCapableBeanFactory.java:603)
	at org.springframework.beans.factory.support.AbstractAutowireCapableBeanFactory.createBean(AbstractAutowireCapableBeanFactory.java:525)
	at org.springframework.beans.factory.support.AbstractBeanFactory.lambda$doGetBean$0(AbstractBeanFactory.java:333)
	at org.springframework.beans.factory.support.DefaultSingletonBeanRegistry.getSingleton(DefaultSingletonBeanRegistry.java:371)
	at org.springframework.beans.factory.support.AbstractBeanFactory.doGetBean(AbstractBeanFactory.java:331)
	at org.springframework.beans.factory.support.AbstractBeanFactory.getBean(AbstractBeanFactory.java:201)
	at org.springframework.context.support.AbstractApplicationContext.finishBeanFactoryInitialization(AbstractApplicationContext.java:977)
	at org.springframework.context.support.AbstractApplicationContext.refresh(AbstractApplicationContext.java:621)
	at org.springframework.boot.web.server.servlet.context.ServletWebServerApplicationContext.refresh(ServletWebServerApplicationContext.java:143)
	at org.springframework.boot.SpringApplication.refresh(SpringApplication.java:756)
	at org.springframework.boot.SpringApplication.refreshContext(SpringApplication.java:445)
	at org.springframework.boot.SpringApplication.run(SpringApplication.java:321)
	at org.springframework.boot.SpringApplication.run(SpringApplication.java:1365)
	at org.springframework.boot.SpringApplication.run(SpringApplication.java:1354)
	at com.sentinelflow.SentinelFlowApplication.main(SentinelFlowApplication.java:10)
	at java.base/jdk.internal.reflect.DirectMethodHandleAccessor.invoke(DirectMethodHandleAccessor.java:103)
	at java.base/java.lang.reflect.Method.invoke(Method.java:580)
	at org.springframework.boot.devtools.restart.RestartLauncher.run(RestartLauncher.java:52)
Caused by: org.hibernate.boot.registry.classloading.spi.ClassLoadingException: Unable to load class [org.hibernate.dialect.PostgreSQL10Dialect]
	at org.hibernate.boot.registry.classloading.internal.ClassLoaderServiceImpl.classForName(ClassLoaderServiceImpl.java:88)
	at org.hibernate.boot.registry.selector.internal.StrategySelectorImpl.selectStrategyImplementor(StrategySelectorImpl.java:78)
	... 50 common frames omitted
Caused by: java.lang.ClassNotFoundException: Could not load requested class: org.hibernate.dialect.PostgreSQL10Dialect
	at org.hibernate.boot.registry.classloading.internal.AggregatedClassLoader.findClass(AggregatedClassLoader.java:198)
	at java.base/java.lang.ClassLoader.loadClass(ClassLoader.java:592)
	at java.base/java.lang.ClassLoader.loadClass(ClassLoader.java:525)
	at java.base/java.lang.Class.forName0(Native Method)
	at java.base/java.lang.Class.forName(Class.java:529)
	at java.base/java.lang.Class.forName(Class.java:508)
	at org.hibernate.boot.registry.classloading.internal.ClassLoaderServiceImpl.classForName(ClassLoaderServiceImpl.java:85)
	... 51 common frames omitted
	Suppressed: java.lang.ClassNotFoundException: org.hibernate.dialect.PostgreSQL10Dialect
		at java.base/jdk.internal.loader.BuiltinClassLoader.loadClass(BuiltinClassLoader.java:641)
		at java.base/jdk.internal.loader.ClassLoaders$AppClassLoader.loadClass(ClassLoaders.java:188)
		at java.base/java.lang.ClassLoader.loadClass(ClassLoader.java:525)
		at java.base/java.lang.Class.forName0(Native Method)
		at java.base/java.lang.Class.forName(Class.java:529)
		at java.base/java.lang.Class.forName(Class.java:508)
		at org.springframework.boot.devtools.restart.classloader.RestartClassLoader.loadClass(RestartClassLoader.java:123)
		at java.base/java.lang.ClassLoader.loadClass(ClassLoader.java:525)
		at org.hibernate.boot.registry.classloading.internal.AggregatedClassLoader.findClass(AggregatedClassLoader.java:202)
		... 57 common frames omitted
	Suppressed: java.lang.ClassNotFoundException: org.hibernate.dialect.PostgreSQL10Dialect
		at java.base/jdk.internal.loader.BuiltinClassLoader.loadClass(BuiltinClassLoader.java:641)
		at java.base/jdk.internal.loader.ClassLoaders$AppClassLoader.loadClass(ClassLoaders.java:188)
		at java.base/java.lang.ClassLoader.loadClass(ClassLoader.java:525)
		at org.hibernate.boot.registry.classloading.internal.AggregatedClassLoader.findClass(AggregatedClassLoader.java:202)
		... 57 common frames omitted
	Suppressed: java.lang.ClassNotFoundException: org.hibernate.dialect.PostgreSQL10Dialect
		at java.base/jdk.internal.loader.BuiltinClassLoader.loadClass(BuiltinClassLoader.java:641)
		at java.base/jdk.internal.loader.ClassLoaders$AppClassLoader.loadClass(ClassLoaders.java:188)
		at java.base/java.lang.ClassLoader.loadClass(ClassLoader.java:525)
		at java.base/java.lang.Class.forName0(Native Method)
		at java.base/java.lang.Class.forName(Class.java:529)
		at java.base/java.lang.Class.forName(Class.java:508)
		at org.springframework.boot.devtools.restart.classloader.RestartClassLoader.loadClass(RestartClassLoader.java:123)
		at java.base/java.lang.ClassLoader.loadClass(ClassLoader.java:525)
		at org.hibernate.boot.registry.classloading.internal.AggregatedClassLoader.findClass(AggregatedClassLoader.java:202)
		... 57 common frames omitted
	Suppressed: java.lang.ClassNotFoundException: org.hibernate.dialect.PostgreSQL10Dialect
		at java.base/jdk.internal.loader.BuiltinClassLoader.loadClass(BuiltinClassLoader.java:641)
		at java.base/jdk.internal.loader.ClassLoaders$AppClassLoader.loadClass(ClassLoaders.java:188)
		at java.base/java.lang.ClassLoader.loadClass(ClassLoader.java:525)
		at org.hibernate.boot.registry.classloading.internal.AggregatedClassLoader.findClass(AggregatedClassLoader.java:202)
		... 57 common frames omitted
2026-09-19 12:13:33 [restartedMain] ERROR o.s.o.j.LocalContainerEntityManagerFactoryBean - Failed to initialize JPA EntityManagerFactory: Unable to create requested service [org.hibernate.engine.jdbc.env.spi.JdbcEnvironment] due to: Unable to resolve name [org.hibernate.dialect.PostgreSQL10Dialect] as strategy [org.hibernate.dialect.Dialect]
2026-09-19 12:13:33 [restartedMain] WARN  o.s.b.w.s.s.c.AnnotationConfigServletWebServerApplicationContext - Exception encountered during context initialization - cancelling refresh attempt: org.springframework.beans.factory.BeanCreationException: Error creating bean with name 'entityManagerFactory' defined in class path resource [org/springframework/boot/hibernate/autoconfigure/HibernateJpaConfiguration.class]: Unable to create requested service [org.hibernate.engine.jdbc.env.spi.JdbcEnvironment] due to: Unable to resolve name [org.hibernate.dialect.PostgreSQL10Dialect] as strategy [org.hibernate.dialect.Dialect]
2026-09-19 12:13:33 [restartedMain] INFO  com.zaxxer.hikari.HikariDataSource - HikariPool-1 - Shutdown initiated...
2026-09-19 12:13:33 [restartedMain] INFO  com.zaxxer.hikari.HikariDataSource - HikariPool-1 - Shutdown completed.
2026-09-19 12:13:33 [restartedMain] INFO  o.a.catalina.core.StandardService - Stopping service [Tomcat]
2026-09-19 12:13:33 [restartedMain] INFO  o.s.b.a.l.ConditionEvaluationReportLogger - 

Error starting ApplicationContext. To display the condition evaluation report re-run your application with 'debug' enabled.
2026-09-19 12:13:33 [restartedMain] ERROR o.s.boot.SpringApplication - Application run failed
org.springframework.beans.factory.BeanCreationException: Error creating bean with name 'entityManagerFactory' defined in class path resource [org/springframework/boot/hibernate/autoconfigure/HibernateJpaConfiguration.class]: Unable to create requested service [org.hibernate.engine.jdbc.env.spi.JdbcEnvironment] due to: Unable to resolve name [org.hibernate.dialect.PostgreSQL10Dialect] as strategy [org.hibernate.dialect.Dialect]
	at org.springframework.beans.factory.support.AbstractAutowireCapableBeanFactory.initializeBean(AbstractAutowireCapableBeanFactory.java:1815)
	at org.springframework.beans.factory.support.AbstractAutowireCapableBeanFactory.doCreateBean(AbstractAutowireCapableBeanFactory.java:603)
	at org.springframework.beans.factory.support.AbstractAutowireCapableBeanFactory.createBean(AbstractAutowireCapableBeanFactory.java:525)
	at org.springframework.beans.factory.support.AbstractBeanFactory.lambda$doGetBean$0(AbstractBeanFactory.java:333)
	at org.springframework.beans.factory.support.DefaultSingletonBeanRegistry.getSingleton(DefaultSingletonBeanRegistry.java:371)
	at org.springframework.beans.factory.support.AbstractBeanFactory.doGetBean(AbstractBeanFactory.java:331)
	at org.springframework.beans.factory.support.AbstractBeanFactory.getBean(AbstractBeanFactory.java:201)
	at org.springframework.context.support.AbstractApplicationContext.finishBeanFactoryInitialization(AbstractApplicationContext.java:977)
	at org.springframework.context.support.AbstractApplicationContext.refresh(AbstractApplicationContext.java:621)
	at org.springframework.boot.web.server.servlet.context.ServletWebServerApplicationContext.refresh(ServletWebServerApplicationContext.java:143)
	at org.springframework.boot.SpringApplication.refresh(SpringApplication.java:756)
	at org.springframework.boot.SpringApplication.refreshContext(SpringApplication.java:445)
	at org.springframework.boot.SpringApplication.run(SpringApplication.java:321)
	at org.springframework.boot.SpringApplication.run(SpringApplication.java:1365)
	at org.springframework.boot.SpringApplication.run(SpringApplication.java:1354)
	at com.sentinelflow.SentinelFlowApplication.main(SentinelFlowApplication.java:10)
	at java.base/jdk.internal.reflect.DirectMethodHandleAccessor.invoke(DirectMethodHandleAccessor.java:103)
	at java.base/java.lang.reflect.Method.invoke(Method.java:580)
	at org.springframework.boot.devtools.restart.RestartLauncher.run(RestartLauncher.java:52)
Caused by: org.hibernate.service.spi.ServiceException: Unable to create requested service [org.hibernate.engine.jdbc.env.spi.JdbcEnvironment] due to: Unable to resolve name [org.hibernate.dialect.PostgreSQL10Dialect] as strategy [org.hibernate.dialect.Dialect]
	at org.hibernate.service.internal.AbstractServiceRegistryImpl.createService(AbstractServiceRegistryImpl.java:273)
	at org.hibernate.service.internal.AbstractServiceRegistryImpl.initializeService(AbstractServiceRegistryImpl.java:235)
	at org.hibernate.service.internal.AbstractServiceRegistryImpl.getService(AbstractServiceRegistryImpl.java:212)
	at org.hibernate.boot.model.relational.Database.<init>(Database.java:44)
	at org.hibernate.boot.internal.InFlightMetadataCollectorImpl.getDatabase(InFlightMetadataCollectorImpl.java:251)
	at org.hibernate.boot.internal.InFlightMetadataCollectorImpl.<init>(InFlightMetadataCollectorImpl.java:203)
	at org.hibernate.boot.model.process.spi.MetadataBuildingProcess.complete(MetadataBuildingProcess.java:180)
	at org.hibernate.jpa.boot.internal.EntityManagerFactoryBuilderImpl.metadata(EntityManagerFactoryBuilderImpl.java:1388)
	at org.hibernate.jpa.boot.internal.EntityManagerFactoryBuilderImpl.populateSessionFactoryBuilder(EntityManagerFactoryBuilderImpl.java:1468)
	at org.hibernate.jpa.boot.internal.EntityManagerFactoryBuilderImpl.build(EntityManagerFactoryBuilderImpl.java:1450)
	at org.springframework.orm.jpa.vendor.SpringHibernateJpaPersistenceProvider.createContainerEntityManagerFactory(SpringHibernateJpaPersistenceProvider.java:93)
	at org.springframework.orm.jpa.LocalContainerEntityManagerFactoryBean.createNativeEntityManagerFactory(LocalContainerEntityManagerFactoryBean.java:443)
	at org.springframework.orm.jpa.AbstractEntityManagerFactoryBean.buildNativeEntityManagerFactory(AbstractEntityManagerFactoryBean.java:436)
	at org.springframework.orm.jpa.AbstractEntityManagerFactoryBean.afterPropertiesSet(AbstractEntityManagerFactoryBean.java:411)
	at org.springframework.orm.jpa.LocalContainerEntityManagerFactoryBean.afterPropertiesSet(LocalContainerEntityManagerFactoryBean.java:419)
	at org.springframework.beans.factory.support.AbstractAutowireCapableBeanFactory.invokeInitMethods(AbstractAutowireCapableBeanFactory.java:1862)
	at org.springframework.beans.factory.support.AbstractAutowireCapableBeanFactory.initializeBean(AbstractAutowireCapableBeanFactory.java:1811)
	... 18 common frames omitted
Caused by: org.hibernate.boot.registry.selector.spi.StrategySelectionException: Unable to resolve name [org.hibernate.dialect.PostgreSQL10Dialect] as strategy [org.hibernate.dialect.Dialect]
	at org.hibernate.boot.registry.selector.internal.StrategySelectorImpl.selectStrategyImplementor(StrategySelectorImpl.java:82)
	at org.hibernate.boot.registry.selector.internal.StrategySelectorImpl.resolveStrategy(StrategySelectorImpl.java:176)
	at org.hibernate.boot.registry.selector.internal.StrategySelectorImpl.resolveStrategy(StrategySelectorImpl.java:118)
	at org.hibernate.engine.jdbc.dialect.internal.DialectFactoryImpl.constructDialect(DialectFactoryImpl.java:122)
	at org.hibernate.engine.jdbc.dialect.internal.DialectFactoryImpl.buildDialect(DialectFactoryImpl.java:87)
	at org.hibernate.engine.jdbc.env.internal.JdbcEnvironmentInitiator.getJdbcEnvironmentWithDefaults(JdbcEnvironmentInitiator.java:200)
	at org.hibernate.engine.jdbc.env.internal.JdbcEnvironmentInitiator.getJdbcEnvironmentUsingJdbcMetadata(JdbcEnvironmentInitiator.java:452)
	at org.hibernate.engine.jdbc.env.internal.JdbcEnvironmentInitiator.getJdbcEnvironment(JdbcEnvironmentInitiator.java:143)
	at org.hibernate.engine.jdbc.env.internal.JdbcEnvironmentInitiator.initiateService(JdbcEnvironmentInitiator.java:120)
	at org.hibernate.engine.jdbc.env.internal.JdbcEnvironmentInitiator.initiateService(JdbcEnvironmentInitiator.java:80)
	at org.hibernate.boot.registry.internal.StandardServiceRegistryImpl.initiateService(StandardServiceRegistryImpl.java:133)
	at org.hibernate.service.internal.AbstractServiceRegistryImpl.createService(AbstractServiceRegistryImpl.java:260)
	... 34 common frames omitted
Caused by: org.hibernate.boot.registry.classloading.spi.ClassLoadingException: Unable to load class [org.hibernate.dialect.PostgreSQL10Dialect]
	at org.hibernate.boot.registry.classloading.internal.ClassLoaderServiceImpl.classForName(ClassLoaderServiceImpl.java:88)
	at org.hibernate.boot.registry.selector.internal.StrategySelectorImpl.selectStrategyImplementor(StrategySelectorImpl.java:78)
	... 45 common frames omitted
Caused by: java.lang.ClassNotFoundException: Could not load requested class: org.hibernate.dialect.PostgreSQL10Dialect
	at org.hibernate.boot.registry.classloading.internal.AggregatedClassLoader.findClass(AggregatedClassLoader.java:198)
	at java.base/java.lang.ClassLoader.loadClass(ClassLoader.java:592)
	at java.base/java.lang.ClassLoader.loadClass(ClassLoader.java:525)
	at java.base/java.lang.Class.forName0(Native Method)
	at java.base/java.lang.Class.forName(Class.java:529)
	at java.base/java.lang.Class.forName(Class.java:508)
	at org.hibernate.boot.registry.classloading.internal.ClassLoaderServiceImpl.classForName(ClassLoaderServiceImpl.java:85)
	... 46 common frames omitted
	Suppressed: java.lang.ClassNotFoundException: org.hibernate.dialect.PostgreSQL10Dialect
		at java.base/jdk.internal.loader.BuiltinClassLoader.loadClass(BuiltinClassLoader.java:641)
		at java.base/jdk.internal.loader.ClassLoaders$AppClassLoader.loadClass(ClassLoaders.java:188)
		at java.base/java.lang.ClassLoader.loadClass(ClassLoader.java:525)
		at java.base/java.lang.Class.forName0(Native Method)
		at java.base/java.lang.Class.forName(Class.java:529)
		at java.base/java.lang.Class.forName(Class.java:508)
		at org.springframework.boot.devtools.restart.classloader.RestartClassLoader.loadClass(RestartClassLoader.java:123)
		at java.base/java.lang.ClassLoader.loadClass(ClassLoader.java:525)
		at org.hibernate.boot.registry.classloading.internal.AggregatedClassLoader.findClass(AggregatedClassLoader.java:202)
		... 52 common frames omitted
	Suppressed: java.lang.ClassNotFoundException: org.hibernate.dialect.PostgreSQL10Dialect
		at java.base/jdk.internal.loader.BuiltinClassLoader.loadClass(BuiltinClassLoader.java:641)
		at java.base/jdk.internal.loader.ClassLoaders$AppClassLoader.loadClass(ClassLoaders.java:188)
		at java.base/java.lang.ClassLoader.loadClass(ClassLoader.java:525)
		at org.hibernate.boot.registry.classloading.internal.AggregatedClassLoader.findClass(AggregatedClassLoader.java:202)
		... 52 common frames omitted
	Suppressed: java.lang.ClassNotFoundException: org.hibernate.dialect.PostgreSQL10Dialect
		at java.base/jdk.internal.loader.BuiltinClassLoader.loadClass(BuiltinClassLoader.java:641)
		at java.base/jdk.internal.loader.ClassLoaders$AppClassLoader.loadClass(ClassLoaders.java:188)
		at java.base/java.lang.ClassLoader.loadClass(ClassLoader.java:525)
		at java.base/java.lang.Class.forName0(Native Method)
		at java.base/java.lang.Class.forName(Class.java:529)
		at java.base/java.lang.Class.forName(Class.java:508)
		at org.springframework.boot.devtools.restart.classloader.RestartClassLoader.loadClass(RestartClassLoader.java:123)
		at java.base/java.lang.ClassLoader.loadClass(ClassLoader.java:525)
		at org.hibernate.boot.registry.classloading.internal.AggregatedClassLoader.findClass(AggregatedClassLoader.java:202)
		... 52 common frames omitted
	Suppressed: java.lang.ClassNotFoundException: org.hibernate.dialect.PostgreSQL10Dialect
		at java.base/jdk.internal.loader.BuiltinClassLoader.loadClass(BuiltinClassLoader.java:641)
		at java.base/jdk.internal.loader.ClassLoaders$AppClassLoader.loadClass(ClassLoaders.java:188)
		at java.base/java.lang.ClassLoader.loadClass(ClassLoader.java:525)
		at org.hibernate.boot.registry.classloading.internal.AggregatedClassLoader.findClass(AggregatedClassLoader.java:202)
		... 52 common frames omitted
2026-09-19 12:15:02 [restartedMain] INFO  c.s.SentinelFlowApplication - Starting SentinelFlowApplication using Java 22 with PID 19336 (D:\Java\SentinelFlow\target\classes started by hp in D:\Java\SentinelFlow)
2026-09-19 12:15:02 [restartedMain] DEBUG c.s.SentinelFlowApplication - Running with Spring Boot v4.1.1, Spring v7.0.9
2026-09-19 12:15:02 [restartedMain] INFO  c.s.SentinelFlowApplication - No active profile set, falling back to 1 default profile: "default"
2026-09-19 12:15:02 [restartedMain] INFO  o.s.b.d.e.DevToolsPropertyDefaultsPostProcessor - Devtools property defaults active! Set 'spring.devtools.add-properties' to 'false' to disable
2026-09-19 12:15:02 [restartedMain] INFO  o.s.b.d.e.DevToolsPropertyDefaultsPostProcessor - For additional web related logging consider setting the 'logging.level.web' property to 'DEBUG'
2026-09-19 12:15:03 [restartedMain] INFO  o.s.d.r.c.RepositoryConfigurationDelegate - Bootstrapping Spring Data JPA repositories in DEFAULT mode.
2026-09-19 12:15:04 [restartedMain] INFO  o.s.d.r.c.RepositoryConfigurationDelegate - Finished Spring Data repository scanning in 62 ms. Found 5 JPA repository interfaces.
2026-09-19 12:15:04 [restartedMain] INFO  o.s.boot.tomcat.TomcatWebServer - Tomcat initialized with port 8080 (http)
2026-09-19 12:15:04 [restartedMain] INFO  o.a.catalina.core.StandardService - Starting service [Tomcat]
2026-09-19 12:15:04 [restartedMain] INFO  o.a.catalina.core.StandardEngine - Starting Servlet engine: [Apache Tomcat/11.0.24]
2026-09-19 12:15:04 [restartedMain] INFO  o.s.b.w.c.s.WebApplicationContextInitializer - Root WebApplicationContext: initialization completed in 1732 ms
2026-09-19 12:15:04 [restartedMain] INFO  org.hibernate.orm.jpa - HHH008540: Processing PersistenceUnitInfo [name: default]
2026-09-19 12:15:04 [restartedMain] INFO  org.hibernate.orm.core - HHH000001: Hibernate ORM core version 7.4.5.Final
2026-09-19 12:15:05 [restartedMain] INFO  o.s.o.j.p.SpringPersistenceUnitInfo - No LoadTimeWeaver setup: ignoring JPA class transformer
2026-09-19 12:15:05 [restartedMain] INFO  com.zaxxer.hikari.HikariDataSource - HikariPool-1 - Starting...
2026-09-19 12:15:05 [restartedMain] INFO  com.zaxxer.hikari.pool.HikariPool - HikariPool-1 - Added connection org.postgresql.jdbc.PgConnection@75ac979
2026-09-19 12:15:05 [restartedMain] INFO  com.zaxxer.hikari.HikariDataSource - HikariPool-1 - Start completed.
2026-09-19 12:15:05 [restartedMain] INFO  o.hibernate.orm.connections.pooling - HHH10001005: Database info:
	Database JDBC URL [jdbc:postgresql://localhost:5433/AzentioHackthon]
	Database driver: PostgreSQL JDBC Driver
	Database dialect: PostgreSQLDialect
	Database version: 18.6
	Default catalog/schema: AzentioHackthon/public
	Autocommit mode: undefined/unknown
	Isolation level: READ_COMMITTED [default READ_COMMITTED]
	JDBC fetch size: none
	Pool: DataSourceConnectionProvider
	Minimum pool size: undefined/unknown
	Maximum pool size: undefined/unknown
2026-09-19 12:15:07 [restartedMain] INFO  org.hibernate.orm.core - HHH000489: No JTA platform available (set 'hibernate.transaction.jta.platform' to enable JTA platform integration)
2026-09-19 12:15:07 [restartedMain] INFO  org.hibernate.orm.jdbc.batch - HHH100501: Automatic JDBC statement batching enabled (maximum batch size 20)
2026-09-19 12:15:07 [restartedMain] ERROR o.s.o.j.LocalContainerEntityManagerFactoryBean - Failed to initialize JPA EntityManagerFactory: Unable to build Hibernate SessionFactory  [persistence unit: default] ; nested exception is org.hibernate.tool.schema.spi.SchemaManagementException: Schema validation: missing sequence [account_id_seq]
2026-09-19 12:15:07 [restartedMain] WARN  o.s.b.w.s.s.c.AnnotationConfigServletWebServerApplicationContext - Exception encountered during context initialization - cancelling refresh attempt: org.springframework.beans.factory.BeanCreationException: Error creating bean with name 'entityManagerFactory' defined in class path resource [org/springframework/boot/hibernate/autoconfigure/HibernateJpaConfiguration.class]: Unable to build Hibernate SessionFactory  [persistence unit: default] ; nested exception is org.hibernate.tool.schema.spi.SchemaManagementException: Schema validation: missing sequence [account_id_seq]
2026-09-19 12:15:07 [restartedMain] INFO  com.zaxxer.hikari.HikariDataSource - HikariPool-1 - Shutdown initiated...
2026-09-19 12:15:07 [restartedMain] INFO  com.zaxxer.hikari.HikariDataSource - HikariPool-1 - Shutdown completed.
2026-09-19 12:15:07 [restartedMain] INFO  o.a.catalina.core.StandardService - Stopping service [Tomcat]
2026-09-19 12:15:07 [restartedMain] INFO  o.s.b.a.l.ConditionEvaluationReportLogger - 

Error starting ApplicationContext. To display the condition evaluation report re-run your application with 'debug' enabled.
2026-09-19 12:15:07 [restartedMain] ERROR o.s.boot.SpringApplication - Application run failed
org.springframework.beans.factory.BeanCreationException: Error creating bean with name 'entityManagerFactory' defined in class path resource [org/springframework/boot/hibernate/autoconfigure/HibernateJpaConfiguration.class]: Unable to build Hibernate SessionFactory  [persistence unit: default] ; nested exception is org.hibernate.tool.schema.spi.SchemaManagementException: Schema validation: missing sequence [account_id_seq]
	at org.springframework.beans.factory.support.AbstractAutowireCapableBeanFactory.initializeBean(AbstractAutowireCapableBeanFactory.java:1815)
	at org.springframework.beans.factory.support.AbstractAutowireCapableBeanFactory.doCreateBean(AbstractAutowireCapableBeanFactory.java:603)
	at org.springframework.beans.factory.support.AbstractAutowireCapableBeanFactory.createBean(AbstractAutowireCapableBeanFactory.java:525)
	at org.springframework.beans.factory.support.AbstractBeanFactory.lambda$doGetBean$0(AbstractBeanFactory.java:333)
	at org.springframework.beans.factory.support.DefaultSingletonBeanRegistry.getSingleton(DefaultSingletonBeanRegistry.java:371)
	at org.springframework.beans.factory.support.AbstractBeanFactory.doGetBean(AbstractBeanFactory.java:331)
	at org.springframework.beans.factory.support.AbstractBeanFactory.getBean(AbstractBeanFactory.java:201)
	at org.springframework.context.support.AbstractApplicationContext.finishBeanFactoryInitialization(AbstractApplicationContext.java:977)
	at org.springframework.context.support.AbstractApplicationContext.refresh(AbstractApplicationContext.java:621)
	at org.springframework.boot.web.server.servlet.context.ServletWebServerApplicationContext.refresh(ServletWebServerApplicationContext.java:143)
	at org.springframework.boot.SpringApplication.refresh(SpringApplication.java:756)
	at org.springframework.boot.SpringApplication.refreshContext(SpringApplication.java:445)
	at org.springframework.boot.SpringApplication.run(SpringApplication.java:321)
	at org.springframework.boot.SpringApplication.run(SpringApplication.java:1365)
	at org.springframework.boot.SpringApplication.run(SpringApplication.java:1354)
	at com.sentinelflow.SentinelFlowApplication.main(SentinelFlowApplication.java:10)
	at java.base/jdk.internal.reflect.DirectMethodHandleAccessor.invoke(DirectMethodHandleAccessor.java:103)
	at java.base/java.lang.reflect.Method.invoke(Method.java:580)
	at org.springframework.boot.devtools.restart.RestartLauncher.run(RestartLauncher.java:52)
Caused by: jakarta.persistence.PersistenceException: Unable to build Hibernate SessionFactory  [persistence unit: default] ; nested exception is org.hibernate.tool.schema.spi.SchemaManagementException: Schema validation: missing sequence [account_id_seq]
	at org.springframework.orm.jpa.AbstractEntityManagerFactoryBean.buildNativeEntityManagerFactory(AbstractEntityManagerFactoryBean.java:448)
	at org.springframework.orm.jpa.AbstractEntityManagerFactoryBean.afterPropertiesSet(AbstractEntityManagerFactoryBean.java:411)
	at org.springframework.orm.jpa.LocalContainerEntityManagerFactoryBean.afterPropertiesSet(LocalContainerEntityManagerFactoryBean.java:419)
	at org.springframework.beans.factory.support.AbstractAutowireCapableBeanFactory.invokeInitMethods(AbstractAutowireCapableBeanFactory.java:1862)
	at org.springframework.beans.factory.support.AbstractAutowireCapableBeanFactory.initializeBean(AbstractAutowireCapableBeanFactory.java:1811)
	... 18 common frames omitted
Caused by: org.hibernate.tool.schema.spi.SchemaManagementException: Schema validation: missing sequence [account_id_seq]
	at org.hibernate.tool.schema.internal.AbstractSchemaValidator.validateSequence(AbstractSchemaValidator.java:312)
	at org.hibernate.tool.schema.internal.AbstractSchemaValidator.performValidation(AbstractSchemaValidator.java:105)
	at org.hibernate.tool.schema.internal.AbstractSchemaValidator.doValidation(AbstractSchemaValidator.java:75)
	at org.hibernate.tool.schema.spi.SchemaManagementToolCoordinator.performDatabaseAction(SchemaManagementToolCoordinator.java:278)
	at org.hibernate.tool.schema.spi.SchemaManagementToolCoordinator.lambda$process$1(SchemaManagementToolCoordinator.java:101)
	at java.base/java.util.HashMap.forEach(HashMap.java:1429)
	at org.hibernate.tool.schema.spi.SchemaManagementToolCoordinator.process(SchemaManagementToolCoordinator.java:100)
	at org.hibernate.boot.internal.SessionFactoryObserverForSchemaExport.sessionFactoryCreated(SessionFactoryObserverForSchemaExport.java:35)
	at org.hibernate.internal.SessionFactoryObserverChain.sessionFactoryCreated(SessionFactoryObserverChain.java:33)
	at org.hibernate.internal.SessionFactoryImpl.<init>(SessionFactoryImpl.java:327)
	at org.hibernate.internal.SessionFactoryRegistry.instantiateSessionFactory(SessionFactoryRegistry.java:64)
	at org.hibernate.boot.internal.SessionFactoryBuilderImpl.build(SessionFactoryBuilderImpl.java:458)
	at org.hibernate.jpa.boot.internal.EntityManagerFactoryBuilderImpl.build(EntityManagerFactoryBuilderImpl.java:1452)
	at org.springframework.orm.jpa.vendor.SpringHibernateJpaPersistenceProvider.createContainerEntityManagerFactory(SpringHibernateJpaPersistenceProvider.java:93)
	at org.springframework.orm.jpa.LocalContainerEntityManagerFactoryBean.createNativeEntityManagerFactory(LocalContainerEntityManagerFactoryBean.java:443)
	at org.springframework.orm.jpa.AbstractEntityManagerFactoryBean.buildNativeEntityManagerFactory(AbstractEntityManagerFactoryBean.java:436)
	... 22 common frames omitted
2026-09-19 12:16:56 [restartedMain] INFO  c.s.SentinelFlowApplication - Starting SentinelFlowApplication using Java 22 with PID 19020 (D:\Java\SentinelFlow\target\classes started by hp in D:\Java\SentinelFlow)
2026-09-19 12:16:56 [restartedMain] DEBUG c.s.SentinelFlowApplication - Running with Spring Boot v4.1.1, Spring v7.0.9
2026-09-19 12:16:56 [restartedMain] INFO  c.s.SentinelFlowApplication - No active profile set, falling back to 1 default profile: "default"
2026-09-19 12:16:56 [restartedMain] INFO  o.s.b.d.e.DevToolsPropertyDefaultsPostProcessor - Devtools property defaults active! Set 'spring.devtools.add-properties' to 'false' to disable
2026-09-19 12:16:56 [restartedMain] INFO  o.s.b.d.e.DevToolsPropertyDefaultsPostProcessor - For additional web related logging consider setting the 'logging.level.web' property to 'DEBUG'
2026-09-19 12:16:57 [restartedMain] INFO  o.s.d.r.c.RepositoryConfigurationDelegate - Bootstrapping Spring Data JPA repositories in DEFAULT mode.
2026-09-19 12:16:57 [restartedMain] INFO  o.s.d.r.c.RepositoryConfigurationDelegate - Finished Spring Data repository scanning in 54 ms. Found 5 JPA repository interfaces.
2026-09-19 12:16:57 [restartedMain] INFO  o.s.boot.tomcat.TomcatWebServer - Tomcat initialized with port 8080 (http)
2026-09-19 12:16:57 [restartedMain] INFO  o.a.catalina.core.StandardService - Starting service [Tomcat]
2026-09-19 12:16:57 [restartedMain] INFO  o.a.catalina.core.StandardEngine - Starting Servlet engine: [Apache Tomcat/11.0.24]
2026-09-19 12:16:57 [restartedMain] INFO  o.s.b.w.c.s.WebApplicationContextInitializer - Root WebApplicationContext: initialization completed in 1553 ms
2026-09-19 12:16:57 [restartedMain] INFO  org.hibernate.orm.jpa - HHH008540: Processing PersistenceUnitInfo [name: default]
2026-09-19 12:16:57 [restartedMain] INFO  org.hibernate.orm.core - HHH000001: Hibernate ORM core version 7.4.5.Final
2026-09-19 12:16:58 [restartedMain] INFO  o.s.o.j.p.SpringPersistenceUnitInfo - No LoadTimeWeaver setup: ignoring JPA class transformer
2026-09-19 12:16:58 [restartedMain] INFO  com.zaxxer.hikari.HikariDataSource - HikariPool-1 - Starting...
2026-09-19 12:16:58 [restartedMain] INFO  com.zaxxer.hikari.pool.HikariPool - HikariPool-1 - Added connection org.postgresql.jdbc.PgConnection@14027a11
2026-09-19 12:16:58 [restartedMain] INFO  com.zaxxer.hikari.HikariDataSource - HikariPool-1 - Start completed.
2026-09-19 12:16:58 [restartedMain] INFO  o.hibernate.orm.connections.pooling - HHH10001005: Database info:
	Database JDBC URL [jdbc:postgresql://localhost:5433/AzentioHackthon]
	Database driver: PostgreSQL JDBC Driver
	Database dialect: PostgreSQLDialect
	Database version: 18.6
	Default catalog/schema: AzentioHackthon/public
	Autocommit mode: undefined/unknown
	Isolation level: READ_COMMITTED [default READ_COMMITTED]
	JDBC fetch size: none
	Pool: DataSourceConnectionProvider
	Minimum pool size: undefined/unknown
	Maximum pool size: undefined/unknown
2026-09-19 12:17:00 [restartedMain] INFO  org.hibernate.orm.core - HHH000489: No JTA platform available (set 'hibernate.transaction.jta.platform' to enable JTA platform integration)
2026-09-19 12:17:00 [restartedMain] INFO  org.hibernate.orm.jdbc.batch - HHH100501: Automatic JDBC statement batching enabled (maximum batch size 20)
2026-09-19 12:17:00 [restartedMain] INFO  o.s.o.j.LocalContainerEntityManagerFactoryBean - Initialized JPA EntityManagerFactory for persistence unit 'default'
2026-09-19 12:17:00 [restartedMain] DEBUG o.s.w.s.m.m.a.RequestMappingHandlerMapping - 6 mappings in 'requestMappingHandlerMapping'
2026-09-19 12:17:00 [restartedMain] DEBUG o.s.w.s.h.SimpleUrlHandlerMapping - Patterns [/webjars/**, /**, /swagger-ui*/*swagger-initializer.js, /swagger-ui*/**] in 'resourceHandlerMapping'
2026-09-19 12:17:00 [restartedMain] DEBUG o.s.w.s.m.m.a.RequestMappingHandlerAdapter - ControllerAdvice beans: 0 @ModelAttribute, 0 @InitBinder, 2 RequestBodyAdvice, 1 ResponseBodyAdvice
2026-09-19 12:17:00 [restartedMain] DEBUG o.s.w.s.m.m.a.ExceptionHandlerExceptionResolver - ControllerAdvice beans: 1 @ExceptionHandler, 1 ResponseBodyAdvice
2026-09-19 12:17:01 [restartedMain] DEBUG o.s.d.j.r.c.JpaMetamodelMappingContextFactoryBean - Initializing JpaMetamodelMappingContext…
2026-09-19 12:17:01 [restartedMain] DEBUG o.s.d.j.r.c.JpaMetamodelMappingContextFactoryBean - Finished initializing JpaMetamodelMappingContext
2026-09-19 12:17:01 [restartedMain] INFO  o.s.d.j.r.q.QueryEnhancerFactories - Hibernate is in classpath; If applicable, HQL parser will be used.
2026-09-19 12:17:01 [restartedMain] DEBUG o.s.d.j.repository.query.NamedQuery - Looking up named query 'AmlCase.findByCaseStatus'
2026-09-19 12:17:01 [restartedMain] DEBUG o.s.d.j.repository.query.NamedQuery - Did not find named query AmlCase.findByCaseStatus
2026-09-19 12:17:01 [restartedMain] DEBUG o.s.d.j.repository.query.NamedQuery - Did not find named query AmlCase.countOpenCases.count
2026-09-19 12:17:02 [restartedMain] DEBUG o.s.d.j.repository.query.NamedQuery - Looking up named query 'AmlCase.findByAssignedTo'
2026-09-19 12:17:02 [restartedMain] DEBUG o.s.d.j.repository.query.NamedQuery - Did not find named query AmlCase.findByAssignedTo
2026-09-19 12:17:02 [restartedMain] DEBUG o.s.d.j.repository.query.NamedQuery - Looking up named query 'AmlCase.findBySeverity'
2026-09-19 12:17:02 [restartedMain] DEBUG o.s.d.j.repository.query.NamedQuery - Did not find named query AmlCase.findBySeverity
2026-09-19 12:17:02 [restartedMain] DEBUG o.s.d.j.repository.query.NamedQuery - Looking up named query 'AmlCase.findByCustomerId'
2026-09-19 12:17:02 [restartedMain] DEBUG o.s.d.j.repository.query.NamedQuery - Did not find named query AmlCase.findByCustomerId
2026-09-19 12:17:02 [restartedMain] WARN  o.s.b.w.s.s.c.AnnotationConfigServletWebServerApplicationContext - Exception encountered during context initialization - cancelling refresh attempt: org.springframework.beans.factory.BeanCreationException: Error creating bean with name 'amlCaseRepository' defined in com.sentinelflow.repositories.AmlCaseRepository defined in @EnableJpaRepositories declared on DataJpaRepositoriesRegistrar.EnableJpaRepositoriesConfiguration: No property 'id' found for type 'Customer'; Traversed path: AmlCase.customer
2026-09-19 12:17:02 [restartedMain] INFO  o.s.o.j.LocalContainerEntityManagerFactoryBean - Closing JPA EntityManagerFactory for persistence unit 'default'
2026-09-19 12:17:02 [restartedMain] INFO  com.zaxxer.hikari.HikariDataSource - HikariPool-1 - Shutdown initiated...
2026-09-19 12:17:02 [restartedMain] INFO  com.zaxxer.hikari.HikariDataSource - HikariPool-1 - Shutdown completed.
2026-09-19 12:17:02 [restartedMain] INFO  o.a.catalina.core.StandardService - Stopping service [Tomcat]
2026-09-19 12:17:02 [restartedMain] INFO  o.s.b.a.l.ConditionEvaluationReportLogger - 

Error starting ApplicationContext. To display the condition evaluation report re-run your application with 'debug' enabled.
2026-09-19 12:17:02 [restartedMain] ERROR o.s.boot.SpringApplication - Application run failed
org.springframework.beans.factory.BeanCreationException: Error creating bean with name 'amlCaseRepository' defined in com.sentinelflow.repositories.AmlCaseRepository defined in @EnableJpaRepositories declared on DataJpaRepositoriesRegistrar.EnableJpaRepositoriesConfiguration: No property 'id' found for type 'Customer'; Traversed path: AmlCase.customer
	at org.springframework.beans.factory.support.AbstractAutowireCapableBeanFactory.initializeBean(AbstractAutowireCapableBeanFactory.java:1815)
	at org.springframework.beans.factory.support.AbstractAutowireCapableBeanFactory.doCreateBean(AbstractAutowireCapableBeanFactory.java:603)
	at org.springframework.beans.factory.support.AbstractAutowireCapableBeanFactory.createBean(AbstractAutowireCapableBeanFactory.java:525)
	at org.springframework.beans.factory.support.AbstractBeanFactory.lambda$doGetBean$0(AbstractBeanFactory.java:333)
	at org.springframework.beans.factory.support.DefaultSingletonBeanRegistry.getSingleton(DefaultSingletonBeanRegistry.java:371)
	at org.springframework.beans.factory.support.AbstractBeanFactory.doGetBean(AbstractBeanFactory.java:331)
	at org.springframework.beans.factory.support.AbstractBeanFactory.getBean(AbstractBeanFactory.java:196)
	at org.springframework.beans.factory.support.DefaultListableBeanFactory.instantiateSingleton(DefaultListableBeanFactory.java:1219)
	at org.springframework.beans.factory.support.DefaultListableBeanFactory.preInstantiateSingleton(DefaultListableBeanFactory.java:1191)
	at org.springframework.beans.factory.support.DefaultListableBeanFactory.preInstantiateSingletons(DefaultListableBeanFactory.java:1121)
	at org.springframework.context.support.AbstractApplicationContext.finishBeanFactoryInitialization(AbstractApplicationContext.java:994)
	at org.springframework.context.support.AbstractApplicationContext.refresh(AbstractApplicationContext.java:621)
	at org.springframework.boot.web.server.servlet.context.ServletWebServerApplicationContext.refresh(ServletWebServerApplicationContext.java:143)
	at org.springframework.boot.SpringApplication.refresh(SpringApplication.java:756)
	at org.springframework.boot.SpringApplication.refreshContext(SpringApplication.java:445)
	at org.springframework.boot.SpringApplication.run(SpringApplication.java:321)
	at org.springframework.boot.SpringApplication.run(SpringApplication.java:1365)
	at org.springframework.boot.SpringApplication.run(SpringApplication.java:1354)
	at com.sentinelflow.SentinelFlowApplication.main(SentinelFlowApplication.java:10)
	at java.base/jdk.internal.reflect.DirectMethodHandleAccessor.invoke(DirectMethodHandleAccessor.java:103)
	at java.base/java.lang.reflect.Method.invoke(Method.java:580)
	at org.springframework.boot.devtools.restart.RestartLauncher.run(RestartLauncher.java:52)
Caused by: org.springframework.data.repository.query.QueryCreationException: Cannot create query for method [AmlCaseRepository.findByCustomerId(java.lang.Long)]; No property 'id' found for type 'Customer'; Traversed path: AmlCase.customer
	at org.springframework.data.repository.query.QueryCreationException.create(QueryCreationException.java:109)
	at org.springframework.data.jpa.repository.query.PartTreeJpaQuery.<init>(PartTreeJpaQuery.java:114)
	at org.springframework.data.jpa.repository.query.JpaQueryLookupStrategy$CreateQueryLookupStrategy.resolveQuery(JpaQueryLookupStrategy.java:118)
	at org.springframework.data.jpa.repository.query.JpaQueryLookupStrategy$CreateIfNotFoundQueryLookupStrategy.resolveQuery(JpaQueryLookupStrategy.java:291)
	at org.springframework.data.jpa.repository.query.JpaQueryLookupStrategy$AbstractQueryLookupStrategy.resolveQuery(JpaQueryLookupStrategy.java:93)
	at org.springframework.data.repository.core.support.QueryExecutorMethodInterceptor.lookupQuery(QueryExecutorMethodInterceptor.java:114)
	at org.springframework.data.repository.core.support.QueryExecutorMethodInterceptor.mapMethodsToQuery(QueryExecutorMethodInterceptor.java:102)
	at org.springframework.data.repository.core.support.QueryExecutorMethodInterceptor.<init>(QueryExecutorMethodInterceptor.java:90)
	at org.springframework.data.repository.core.support.RepositoryFactorySupport.getRepository(RepositoryFactorySupport.java:413)
	at org.springframework.data.repository.core.support.RepositoryFactoryBeanSupport.lambda$afterPropertiesSet$1(RepositoryFactoryBeanSupport.java:361)
	at org.springframework.data.util.Lazy.getNullable(Lazy.java:136)
	at org.springframework.data.util.Lazy.get(Lazy.java:114)
	at org.springframework.data.repository.core.support.RepositoryFactoryBeanSupport.afterPropertiesSet(RepositoryFactoryBeanSupport.java:370)
	at org.springframework.data.jpa.repository.support.JpaRepositoryFactoryBean.afterPropertiesSet(JpaRepositoryFactoryBean.java:212)
	at org.springframework.beans.factory.support.AbstractAutowireCapableBeanFactory.invokeInitMethods(AbstractAutowireCapableBeanFactory.java:1862)
	at org.springframework.beans.factory.support.AbstractAutowireCapableBeanFactory.initializeBean(AbstractAutowireCapableBeanFactory.java:1811)
	... 21 common frames omitted
Caused by: org.springframework.data.core.PropertyReferenceException: No property 'id' found for type 'Customer'; Traversed path: AmlCase.customer
	at org.springframework.data.core.SimplePropertyPath.<init>(SimplePropertyPath.java:94)
	at org.springframework.data.core.SimplePropertyPath.create(SimplePropertyPath.java:322)
	at org.springframework.data.core.SimplePropertyPath.create(SimplePropertyPath.java:297)
	at org.springframework.data.core.SimplePropertyPath.create(SimplePropertyPath.java:332)
	at org.springframework.data.core.SimplePropertyPath.create(SimplePropertyPath.java:355)
	at org.springframework.data.core.SimplePropertyPath.create(SimplePropertyPath.java:297)
	at org.springframework.data.core.SimplePropertyPath.lambda$from$0(SimplePropertyPath.java:250)
	at org.springframework.util.ConcurrentReferenceHashMap$6.execute(ConcurrentReferenceHashMap.java:387)
	at org.springframework.util.ConcurrentReferenceHashMap$Segment.doTask(ConcurrentReferenceHashMap.java:688)
	at org.springframework.util.ConcurrentReferenceHashMap.doTask(ConcurrentReferenceHashMap.java:572)
	at org.springframework.util.ConcurrentReferenceHashMap.computeIfAbsent(ConcurrentReferenceHashMap.java:381)
	at org.springframework.data.core.SimplePropertyPath.from(SimplePropertyPath.java:228)
	at org.springframework.data.core.PropertyPath.from(PropertyPath.java:264)
	at org.springframework.data.core.PropertyPath.from(PropertyPath.java:247)
	at org.springframework.data.repository.query.parser.Part.<init>(Part.java:81)
	at org.springframework.data.repository.query.parser.PartTree$OrPart.lambda$new$0(PartTree.java:260)
	at java.base/java.util.stream.ReferencePipeline$3$1.accept(ReferencePipeline.java:212)
	at java.base/java.util.stream.ReferencePipeline$2$1.accept(ReferencePipeline.java:194)
	at java.base/java.util.Spliterators$ArraySpliterator.forEachRemaining(Spliterators.java:1024)
	at java.base/java.util.stream.AbstractPipeline.copyInto(AbstractPipeline.java:556)
	at java.base/java.util.stream.AbstractPipeline.wrapAndCopyInto(AbstractPipeline.java:546)
	at java.base/java.util.stream.ReduceOps$ReduceOp.evaluateSequential(ReduceOps.java:921)
	at java.base/java.util.stream.AbstractPipeline.evaluate(AbstractPipeline.java:265)
	at java.base/java.util.stream.ReferencePipeline.collect(ReferencePipeline.java:702)
	at org.springframework.data.repository.query.parser.PartTree$OrPart.<init>(PartTree.java:261)
	at org.springframework.data.repository.query.parser.PartTree$Predicate.lambda$new$0(PartTree.java:390)
	at java.base/java.util.stream.ReferencePipeline$3$1.accept(ReferencePipeline.java:212)
	at java.base/java.util.stream.ReferencePipeline$2$1.accept(ReferencePipeline.java:194)
	at java.base/java.util.Spliterators$ArraySpliterator.forEachRemaining(Spliterators.java:1024)
	at java.base/java.util.stream.AbstractPipeline.copyInto(AbstractPipeline.java:556)
	at java.base/java.util.stream.AbstractPipeline.wrapAndCopyInto(AbstractPipeline.java:546)
	at java.base/java.util.stream.ReduceOps$ReduceOp.evaluateSequential(ReduceOps.java:921)
	at java.base/java.util.stream.AbstractPipeline.evaluate(AbstractPipeline.java:265)
	at java.base/java.util.stream.ReferencePipeline.collect(ReferencePipeline.java:702)
	at org.springframework.data.repository.query.parser.PartTree$Predicate.<init>(PartTree.java:391)
	at org.springframework.data.repository.query.parser.PartTree.<init>(PartTree.java:104)
	at org.springframework.data.jpa.repository.query.PartTreeJpaQuery.<init>(PartTreeJpaQuery.java:108)
	... 35 common frames omitted
2026-09-19 12:18:39 [restartedMain] INFO  c.s.SentinelFlowApplication - Starting SentinelFlowApplication using Java 22 with PID 12192 (D:\Java\SentinelFlow\target\classes started by hp in D:\Java\SentinelFlow)
2026-09-19 12:18:39 [restartedMain] DEBUG c.s.SentinelFlowApplication - Running with Spring Boot v4.1.1, Spring v7.0.9
2026-09-19 12:18:39 [restartedMain] INFO  c.s.SentinelFlowApplication - No active profile set, falling back to 1 default profile: "default"
2026-09-19 12:18:40 [restartedMain] INFO  o.s.b.d.e.DevToolsPropertyDefaultsPostProcessor - Devtools property defaults active! Set 'spring.devtools.add-properties' to 'false' to disable
2026-09-19 12:18:40 [restartedMain] INFO  o.s.b.d.e.DevToolsPropertyDefaultsPostProcessor - For additional web related logging consider setting the 'logging.level.web' property to 'DEBUG'
2026-09-19 12:18:40 [restartedMain] INFO  o.s.d.r.c.RepositoryConfigurationDelegate - Bootstrapping Spring Data JPA repositories in DEFAULT mode.
2026-09-19 12:18:41 [restartedMain] INFO  o.s.d.r.c.RepositoryConfigurationDelegate - Finished Spring Data repository scanning in 50 ms. Found 5 JPA repository interfaces.
2026-09-19 12:18:41 [restartedMain] INFO  o.s.boot.tomcat.TomcatWebServer - Tomcat initialized with port 8080 (http)
2026-09-19 12:18:41 [restartedMain] INFO  o.a.catalina.core.StandardService - Starting service [Tomcat]
2026-09-19 12:18:41 [restartedMain] INFO  o.a.catalina.core.StandardEngine - Starting Servlet engine: [Apache Tomcat/11.0.24]
2026-09-19 12:18:41 [restartedMain] INFO  o.s.b.w.c.s.WebApplicationContextInitializer - Root WebApplicationContext: initialization completed in 1590 ms
2026-09-19 12:18:41 [restartedMain] INFO  org.hibernate.orm.jpa - HHH008540: Processing PersistenceUnitInfo [name: default]
2026-09-19 12:18:41 [restartedMain] INFO  org.hibernate.orm.core - HHH000001: Hibernate ORM core version 7.4.5.Final
2026-09-19 12:18:42 [restartedMain] INFO  o.s.o.j.p.SpringPersistenceUnitInfo - No LoadTimeWeaver setup: ignoring JPA class transformer
2026-09-19 12:18:42 [restartedMain] INFO  com.zaxxer.hikari.HikariDataSource - HikariPool-1 - Starting...
2026-09-19 12:18:42 [restartedMain] INFO  com.zaxxer.hikari.pool.HikariPool - HikariPool-1 - Added connection org.postgresql.jdbc.PgConnection@4fdd0210
2026-09-19 12:18:42 [restartedMain] INFO  com.zaxxer.hikari.HikariDataSource - HikariPool-1 - Start completed.
2026-09-19 12:18:42 [restartedMain] INFO  o.hibernate.orm.connections.pooling - HHH10001005: Database info:
	Database JDBC URL [jdbc:postgresql://localhost:5433/AzentioHackthon]
	Database driver: PostgreSQL JDBC Driver
	Database dialect: PostgreSQLDialect
	Database version: 18.6
	Default catalog/schema: AzentioHackthon/public
	Autocommit mode: undefined/unknown
	Isolation level: READ_COMMITTED [default READ_COMMITTED]
	JDBC fetch size: none
	Pool: DataSourceConnectionProvider
	Minimum pool size: undefined/unknown
	Maximum pool size: undefined/unknown
2026-09-19 12:18:44 [restartedMain] INFO  org.hibernate.orm.core - HHH000489: No JTA platform available (set 'hibernate.transaction.jta.platform' to enable JTA platform integration)
2026-09-19 12:18:44 [restartedMain] INFO  org.hibernate.orm.jdbc.batch - HHH100501: Automatic JDBC statement batching enabled (maximum batch size 20)
2026-09-19 12:18:44 [restartedMain] INFO  o.s.o.j.LocalContainerEntityManagerFactoryBean - Initialized JPA EntityManagerFactory for persistence unit 'default'
2026-09-19 12:18:44 [restartedMain] DEBUG o.s.w.s.m.m.a.RequestMappingHandlerMapping - 6 mappings in 'requestMappingHandlerMapping'
2026-09-19 12:18:44 [restartedMain] DEBUG o.s.w.s.h.SimpleUrlHandlerMapping - Patterns [/webjars/**, /**, /swagger-ui*/*swagger-initializer.js, /swagger-ui*/**] in 'resourceHandlerMapping'
2026-09-19 12:18:44 [restartedMain] DEBUG o.s.w.s.m.m.a.RequestMappingHandlerAdapter - ControllerAdvice beans: 0 @ModelAttribute, 0 @InitBinder, 2 RequestBodyAdvice, 1 ResponseBodyAdvice
2026-09-19 12:18:44 [restartedMain] DEBUG o.s.w.s.m.m.a.ExceptionHandlerExceptionResolver - ControllerAdvice beans: 1 @ExceptionHandler, 1 ResponseBodyAdvice
2026-09-19 12:18:45 [restartedMain] DEBUG o.s.d.j.r.c.JpaMetamodelMappingContextFactoryBean - Initializing JpaMetamodelMappingContext…
2026-09-19 12:18:45 [restartedMain] DEBUG o.s.d.j.r.c.JpaMetamodelMappingContextFactoryBean - Finished initializing JpaMetamodelMappingContext
2026-09-19 12:18:45 [restartedMain] INFO  o.s.d.j.r.q.QueryEnhancerFactories - Hibernate is in classpath; If applicable, HQL parser will be used.
2026-09-19 12:18:45 [restartedMain] DEBUG o.s.d.j.repository.query.NamedQuery - Looking up named query 'Transaction.findByAccountId'
2026-09-19 12:18:45 [restartedMain] DEBUG o.s.d.j.repository.query.NamedQuery - Did not find named query Transaction.findByAccountId
2026-09-19 12:18:45 [restartedMain] WARN  o.s.b.w.s.s.c.AnnotationConfigServletWebServerApplicationContext - Exception encountered during context initialization - cancelling refresh attempt: org.springframework.beans.factory.BeanCreationException: Error creating bean with name 'transactionRepository' defined in com.sentinelflow.repositories.TransactionRepository defined in @EnableJpaRepositories declared on DataJpaRepositoriesRegistrar.EnableJpaRepositoriesConfiguration: No property 'id' found for type 'Account'; Traversed path: Transaction.account
2026-09-19 12:18:45 [restartedMain] INFO  o.s.o.j.LocalContainerEntityManagerFactoryBean - Closing JPA EntityManagerFactory for persistence unit 'default'
2026-09-19 12:18:45 [restartedMain] INFO  com.zaxxer.hikari.HikariDataSource - HikariPool-1 - Shutdown initiated...
2026-09-19 12:18:45 [restartedMain] INFO  com.zaxxer.hikari.HikariDataSource - HikariPool-1 - Shutdown completed.
2026-09-19 12:18:45 [restartedMain] INFO  o.a.catalina.core.StandardService - Stopping service [Tomcat]
2026-09-19 12:18:45 [restartedMain] INFO  o.s.b.a.l.ConditionEvaluationReportLogger - 

Error starting ApplicationContext. To display the condition evaluation report re-run your application with 'debug' enabled.
2026-09-19 12:18:45 [restartedMain] ERROR o.s.boot.SpringApplication - Application run failed
org.springframework.beans.factory.BeanCreationException: Error creating bean with name 'transactionRepository' defined in com.sentinelflow.repositories.TransactionRepository defined in @EnableJpaRepositories declared on DataJpaRepositoriesRegistrar.EnableJpaRepositoriesConfiguration: No property 'id' found for type 'Account'; Traversed path: Transaction.account
	at org.springframework.beans.factory.support.AbstractAutowireCapableBeanFactory.initializeBean(AbstractAutowireCapableBeanFactory.java:1815)
	at org.springframework.beans.factory.support.AbstractAutowireCapableBeanFactory.doCreateBean(AbstractAutowireCapableBeanFactory.java:603)
	at org.springframework.beans.factory.support.AbstractAutowireCapableBeanFactory.createBean(AbstractAutowireCapableBeanFactory.java:525)
	at org.springframework.beans.factory.support.AbstractBeanFactory.lambda$doGetBean$0(AbstractBeanFactory.java:333)
	at org.springframework.beans.factory.support.DefaultSingletonBeanRegistry.getSingleton(DefaultSingletonBeanRegistry.java:371)
	at org.springframework.beans.factory.support.AbstractBeanFactory.doGetBean(AbstractBeanFactory.java:331)
	at org.springframework.beans.factory.support.AbstractBeanFactory.getBean(AbstractBeanFactory.java:196)
	at org.springframework.beans.factory.support.DefaultListableBeanFactory.instantiateSingleton(DefaultListableBeanFactory.java:1219)
	at org.springframework.beans.factory.support.DefaultListableBeanFactory.preInstantiateSingleton(DefaultListableBeanFactory.java:1191)
	at org.springframework.beans.factory.support.DefaultListableBeanFactory.preInstantiateSingletons(DefaultListableBeanFactory.java:1121)
	at org.springframework.context.support.AbstractApplicationContext.finishBeanFactoryInitialization(AbstractApplicationContext.java:994)
	at org.springframework.context.support.AbstractApplicationContext.refresh(AbstractApplicationContext.java:621)
	at org.springframework.boot.web.server.servlet.context.ServletWebServerApplicationContext.refresh(ServletWebServerApplicationContext.java:143)
	at org.springframework.boot.SpringApplication.refresh(SpringApplication.java:756)
	at org.springframework.boot.SpringApplication.refreshContext(SpringApplication.java:445)
	at org.springframework.boot.SpringApplication.run(SpringApplication.java:321)
	at org.springframework.boot.SpringApplication.run(SpringApplication.java:1365)
	at org.springframework.boot.SpringApplication.run(SpringApplication.java:1354)
	at com.sentinelflow.SentinelFlowApplication.main(SentinelFlowApplication.java:10)
	at java.base/jdk.internal.reflect.DirectMethodHandleAccessor.invoke(DirectMethodHandleAccessor.java:103)
	at java.base/java.lang.reflect.Method.invoke(Method.java:580)
	at org.springframework.boot.devtools.restart.RestartLauncher.run(RestartLauncher.java:52)
Caused by: org.springframework.data.repository.query.QueryCreationException: Cannot create query for method [TransactionRepository.findByAccountId(java.lang.Long)]; No property 'id' found for type 'Account'; Traversed path: Transaction.account
	at org.springframework.data.repository.query.QueryCreationException.create(QueryCreationException.java:109)
	at org.springframework.data.jpa.repository.query.PartTreeJpaQuery.<init>(PartTreeJpaQuery.java:114)
	at org.springframework.data.jpa.repository.query.JpaQueryLookupStrategy$CreateQueryLookupStrategy.resolveQuery(JpaQueryLookupStrategy.java:118)
	at org.springframework.data.jpa.repository.query.JpaQueryLookupStrategy$CreateIfNotFoundQueryLookupStrategy.resolveQuery(JpaQueryLookupStrategy.java:291)
	at org.springframework.data.jpa.repository.query.JpaQueryLookupStrategy$AbstractQueryLookupStrategy.resolveQuery(JpaQueryLookupStrategy.java:93)
	at org.springframework.data.repository.core.support.QueryExecutorMethodInterceptor.lookupQuery(QueryExecutorMethodInterceptor.java:114)
	at org.springframework.data.repository.core.support.QueryExecutorMethodInterceptor.mapMethodsToQuery(QueryExecutorMethodInterceptor.java:102)
	at org.springframework.data.repository.core.support.QueryExecutorMethodInterceptor.<init>(QueryExecutorMethodInterceptor.java:90)
	at org.springframework.data.repository.core.support.RepositoryFactorySupport.getRepository(RepositoryFactorySupport.java:413)
	at org.springframework.data.repository.core.support.RepositoryFactoryBeanSupport.lambda$afterPropertiesSet$1(RepositoryFactoryBeanSupport.java:361)
	at org.springframework.data.util.Lazy.getNullable(Lazy.java:136)
	at org.springframework.data.util.Lazy.get(Lazy.java:114)
	at org.springframework.data.repository.core.support.RepositoryFactoryBeanSupport.afterPropertiesSet(RepositoryFactoryBeanSupport.java:370)
	at org.springframework.data.jpa.repository.support.JpaRepositoryFactoryBean.afterPropertiesSet(JpaRepositoryFactoryBean.java:212)
	at org.springframework.beans.factory.support.AbstractAutowireCapableBeanFactory.invokeInitMethods(AbstractAutowireCapableBeanFactory.java:1862)
	at org.springframework.beans.factory.support.AbstractAutowireCapableBeanFactory.initializeBean(AbstractAutowireCapableBeanFactory.java:1811)
	... 21 common frames omitted
Caused by: org.springframework.data.core.PropertyReferenceException: No property 'id' found for type 'Account'; Traversed path: Transaction.account
	at org.springframework.data.core.SimplePropertyPath.<init>(SimplePropertyPath.java:94)
	at org.springframework.data.core.SimplePropertyPath.create(SimplePropertyPath.java:322)
	at org.springframework.data.core.SimplePropertyPath.create(SimplePropertyPath.java:297)
	at org.springframework.data.core.SimplePropertyPath.create(SimplePropertyPath.java:332)
	at org.springframework.data.core.SimplePropertyPath.create(SimplePropertyPath.java:355)
	at org.springframework.data.core.SimplePropertyPath.create(SimplePropertyPath.java:297)
	at org.springframework.data.core.SimplePropertyPath.lambda$from$0(SimplePropertyPath.java:250)
	at org.springframework.util.ConcurrentReferenceHashMap$6.execute(ConcurrentReferenceHashMap.java:387)
	at org.springframework.util.ConcurrentReferenceHashMap$Segment.doTask(ConcurrentReferenceHashMap.java:688)
	at org.springframework.util.ConcurrentReferenceHashMap.doTask(ConcurrentReferenceHashMap.java:572)
	at org.springframework.util.ConcurrentReferenceHashMap.computeIfAbsent(ConcurrentReferenceHashMap.java:381)
	at org.springframework.data.core.SimplePropertyPath.from(SimplePropertyPath.java:228)
	at org.springframework.data.core.PropertyPath.from(PropertyPath.java:264)
	at org.springframework.data.core.PropertyPath.from(PropertyPath.java:247)
	at org.springframework.data.repository.query.parser.Part.<init>(Part.java:81)
	at org.springframework.data.repository.query.parser.PartTree$OrPart.lambda$new$0(PartTree.java:260)
	at java.base/java.util.stream.ReferencePipeline$3$1.accept(ReferencePipeline.java:212)
	at java.base/java.util.stream.ReferencePipeline$2$1.accept(ReferencePipeline.java:194)
	at java.base/java.util.Spliterators$ArraySpliterator.forEachRemaining(Spliterators.java:1024)
	at java.base/java.util.stream.AbstractPipeline.copyInto(AbstractPipeline.java:556)
	at java.base/java.util.stream.AbstractPipeline.wrapAndCopyInto(AbstractPipeline.java:546)
	at java.base/java.util.stream.ReduceOps$ReduceOp.evaluateSequential(ReduceOps.java:921)
	at java.base/java.util.stream.AbstractPipeline.evaluate(AbstractPipeline.java:265)
	at java.base/java.util.stream.ReferencePipeline.collect(ReferencePipeline.java:702)
	at org.springframework.data.repository.query.parser.PartTree$OrPart.<init>(PartTree.java:261)
	at org.springframework.data.repository.query.parser.PartTree$Predicate.lambda$new$0(PartTree.java:390)
	at java.base/java.util.stream.ReferencePipeline$3$1.accept(ReferencePipeline.java:212)
	at java.base/java.util.stream.ReferencePipeline$2$1.accept(ReferencePipeline.java:194)
	at java.base/java.util.Spliterators$ArraySpliterator.forEachRemaining(Spliterators.java:1024)
	at java.base/java.util.stream.AbstractPipeline.copyInto(AbstractPipeline.java:556)
	at java.base/java.util.stream.AbstractPipeline.wrapAndCopyInto(AbstractPipeline.java:546)
	at java.base/java.util.stream.ReduceOps$ReduceOp.evaluateSequential(ReduceOps.java:921)
	at java.base/java.util.stream.AbstractPipeline.evaluate(AbstractPipeline.java:265)
	at java.base/java.util.stream.ReferencePipeline.collect(ReferencePipeline.java:702)
	at org.springframework.data.repository.query.parser.PartTree$Predicate.<init>(PartTree.java:391)
	at org.springframework.data.repository.query.parser.PartTree.<init>(PartTree.java:104)
	at org.springframework.data.jpa.repository.query.PartTreeJpaQuery.<init>(PartTreeJpaQuery.java:108)
	... 35 common frames omitted
2026-09-19 12:19:37 [restartedMain] INFO  c.s.SentinelFlowApplication - Starting SentinelFlowApplication using Java 22 with PID 18444 (D:\Java\SentinelFlow\target\classes started by hp in D:\Java\SentinelFlow)
2026-09-19 12:19:37 [restartedMain] DEBUG c.s.SentinelFlowApplication - Running with Spring Boot v4.1.1, Spring v7.0.9
2026-09-19 12:19:37 [restartedMain] INFO  c.s.SentinelFlowApplication - No active profile set, falling back to 1 default profile: "default"
2026-09-19 12:19:37 [restartedMain] INFO  o.s.b.d.e.DevToolsPropertyDefaultsPostProcessor - Devtools property defaults active! Set 'spring.devtools.add-properties' to 'false' to disable
2026-09-19 12:19:37 [restartedMain] INFO  o.s.b.d.e.DevToolsPropertyDefaultsPostProcessor - For additional web related logging consider setting the 'logging.level.web' property to 'DEBUG'
2026-09-19 12:19:38 [restartedMain] INFO  o.s.d.r.c.RepositoryConfigurationDelegate - Bootstrapping Spring Data JPA repositories in DEFAULT mode.
2026-09-19 12:19:38 [restartedMain] INFO  o.s.d.r.c.RepositoryConfigurationDelegate - Finished Spring Data repository scanning in 48 ms. Found 5 JPA repository interfaces.
2026-09-19 12:19:39 [restartedMain] INFO  o.s.boot.tomcat.TomcatWebServer - Tomcat initialized with port 8080 (http)
2026-09-19 12:19:39 [restartedMain] INFO  o.a.catalina.core.StandardService - Starting service [Tomcat]
2026-09-19 12:19:39 [restartedMain] INFO  o.a.catalina.core.StandardEngine - Starting Servlet engine: [Apache Tomcat/11.0.24]
2026-09-19 12:19:39 [restartedMain] INFO  o.s.b.w.c.s.WebApplicationContextInitializer - Root WebApplicationContext: initialization completed in 1415 ms
2026-09-19 12:19:39 [restartedMain] INFO  org.hibernate.orm.jpa - HHH008540: Processing PersistenceUnitInfo [name: default]
2026-09-19 12:19:39 [restartedMain] INFO  org.hibernate.orm.core - HHH000001: Hibernate ORM core version 7.4.5.Final
2026-09-19 12:19:39 [restartedMain] INFO  o.s.o.j.p.SpringPersistenceUnitInfo - No LoadTimeWeaver setup: ignoring JPA class transformer
2026-09-19 12:19:40 [restartedMain] INFO  com.zaxxer.hikari.HikariDataSource - HikariPool-1 - Starting...
2026-09-19 12:19:40 [restartedMain] INFO  com.zaxxer.hikari.pool.HikariPool - HikariPool-1 - Added connection org.postgresql.jdbc.PgConnection@a46f941
2026-09-19 12:19:40 [restartedMain] INFO  com.zaxxer.hikari.HikariDataSource - HikariPool-1 - Start completed.
2026-09-19 12:19:40 [restartedMain] INFO  o.hibernate.orm.connections.pooling - HHH10001005: Database info:
	Database JDBC URL [jdbc:postgresql://localhost:5433/AzentioHackthon]
	Database driver: PostgreSQL JDBC Driver
	Database dialect: PostgreSQLDialect
	Database version: 18.6
	Default catalog/schema: AzentioHackthon/public
	Autocommit mode: undefined/unknown
	Isolation level: READ_COMMITTED [default READ_COMMITTED]
	JDBC fetch size: none
	Pool: DataSourceConnectionProvider
	Minimum pool size: undefined/unknown
	Maximum pool size: undefined/unknown
2026-09-19 12:19:41 [restartedMain] INFO  org.hibernate.orm.core - HHH000489: No JTA platform available (set 'hibernate.transaction.jta.platform' to enable JTA platform integration)
2026-09-19 12:19:41 [restartedMain] INFO  org.hibernate.orm.jdbc.batch - HHH100501: Automatic JDBC statement batching enabled (maximum batch size 20)
2026-09-19 12:19:41 [restartedMain] INFO  o.s.o.j.LocalContainerEntityManagerFactoryBean - Initialized JPA EntityManagerFactory for persistence unit 'default'
2026-09-19 12:19:41 [restartedMain] DEBUG o.s.w.s.m.m.a.RequestMappingHandlerMapping - 6 mappings in 'requestMappingHandlerMapping'
2026-09-19 12:19:41 [restartedMain] DEBUG o.s.w.s.h.SimpleUrlHandlerMapping - Patterns [/webjars/**, /**, /swagger-ui*/*swagger-initializer.js, /swagger-ui*/**] in 'resourceHandlerMapping'
2026-09-19 12:19:41 [restartedMain] DEBUG o.s.w.s.m.m.a.RequestMappingHandlerAdapter - ControllerAdvice beans: 0 @ModelAttribute, 0 @InitBinder, 2 RequestBodyAdvice, 1 ResponseBodyAdvice
2026-09-19 12:19:41 [restartedMain] DEBUG o.s.w.s.m.m.a.ExceptionHandlerExceptionResolver - ControllerAdvice beans: 1 @ExceptionHandler, 1 ResponseBodyAdvice
2026-09-19 12:19:42 [restartedMain] DEBUG o.s.d.j.r.c.JpaMetamodelMappingContextFactoryBean - Initializing JpaMetamodelMappingContext…
2026-09-19 12:19:42 [restartedMain] DEBUG o.s.d.j.r.c.JpaMetamodelMappingContextFactoryBean - Finished initializing JpaMetamodelMappingContext
2026-09-19 12:19:42 [restartedMain] INFO  o.s.d.j.r.q.QueryEnhancerFactories - Hibernate is in classpath; If applicable, HQL parser will be used.
2026-09-19 12:19:42 [restartedMain] DEBUG o.s.d.j.repository.query.NamedQuery - Did not find named query Alert.findByTransactionId.count
2026-09-19 12:19:42 [restartedMain] DEBUG o.s.d.j.repository.query.NamedQuery - Did not find named query Alert.findOpenAlertsByCustomerId.count
2026-09-19 12:19:42 [restartedMain] DEBUG o.s.d.j.repository.query.NamedQuery - Did not find named query Alert.findAlertsByDateRange.count
2026-09-19 12:19:42 [restartedMain] DEBUG o.s.d.j.repository.query.NamedQuery - Did not find named query Alert.findByAlertStatusAndCreatedByOrderByTriggeredAtDesc.count
2026-09-19 12:19:42 [restartedMain] DEBUG o.s.d.j.repository.query.NamedQuery - Did not find named query Alert.findByCustomerId.count
2026-09-19 12:19:42 [restartedMain] DEBUG o.s.d.j.repository.query.NamedQuery - Did not find named query Alert.findByAccountId.count
2026-09-19 12:19:42 [restartedMain] DEBUG o.s.d.j.repository.query.NamedQuery - Did not find named query Alert.findByAlertStatus.count
2026-09-19 12:19:42 [restartedMain] DEBUG o.s.d.j.repository.query.NamedQuery - Did not find named query Alert.findCriticalAlerts.count
2026-09-19 12:19:42 [restartedMain] DEBUG o.s.d.j.repository.query.NamedQuery - Did not find named query Alert.findByRuleCode.count
2026-09-19 12:19:42 [restartedMain] DEBUG o.s.d.j.repository.query.NamedQuery - Did not find named query Alert.countOpenAlerts.count
2026-09-19 12:19:43 [restartedMain] DEBUG o.s.d.j.repository.query.NamedQuery - Did not find named query Alert.findOpenAlertsByRuleCodeAndCustomer.count
2026-09-19 12:19:43 [restartedMain] DEBUG o.s.d.j.repository.query.NamedQuery - Did not find named query Alert.countOpenAlertsByCustomerId.count
2026-09-19 12:19:43 [restartedMain] DEBUG o.s.d.j.repository.query.NamedQuery - Did not find named query Alert.findAlertsByRiskScoreAndTimeRange.count
2026-09-19 12:19:43 [restartedMain] DEBUG o.s.d.j.repository.query.NamedQuery - Did not find named query Alert.findOpenAlertsSortedByRiskScore.count
2026-09-19 12:19:43 [restartedMain] DEBUG o.s.d.j.repository.query.NamedQuery - Did not find named query AmlCase.countOpenCasesByCustomerId.count
2026-09-19 12:19:43 [restartedMain] DEBUG o.s.d.j.repository.query.NamedQuery - Did not find named query AmlCase.findUnassignedOpenCases.count
2026-09-19 12:19:43 [restartedMain] DEBUG o.s.d.j.repository.query.NamedQuery - Did not find named query AmlCase.findHighSeverityCases.count
2026-09-19 12:19:43 [restartedMain] DEBUG o.s.d.j.repository.query.NamedQuery - Did not find named query AmlCase.findOpenCasesByCustomerId.count
2026-09-19 12:19:43 [restartedMain] DEBUG o.s.d.j.repository.query.NamedQuery - Did not find named query AmlCase.findClosedCasesByDateRange.count
2026-09-19 12:19:43 [restartedMain] DEBUG o.s.d.j.repository.query.NamedQuery - Did not find named query AmlCase.findByCustomerId.count
2026-09-19 12:19:43 [restartedMain] DEBUG o.s.d.j.repository.query.NamedQuery - Did not find named query AmlCase.findByCaseStatus.count
2026-09-19 12:19:43 [restartedMain] DEBUG o.s.d.j.repository.query.NamedQuery - Did not find named query AmlCase.findBySeverity.count
2026-09-19 12:19:43 [restartedMain] DEBUG o.s.d.j.repository.query.NamedQuery - Did not find named query AmlCase.countOpenCases.count
2026-09-19 12:19:43 [restartedMain] DEBUG o.s.d.j.repository.query.NamedQuery - Did not find named query AmlCase.findByAssignedTo.count
2026-09-19 12:19:43 [restartedMain] DEBUG o.s.d.j.repository.query.NamedQuery - Did not find named query AmlCase.findByOpenedAtBetweenOrderByOpenedAtDesc.count
2026-09-19 12:19:43 [restartedMain] DEBUG o.s.d.j.repository.query.NamedQuery - Did not find named query AmlCase.findOpenCasesSortedBySeverity.count
2026-09-19 12:19:43 [restartedMain] DEBUG o.s.d.j.repository.query.NamedQuery - Did not find named query AmlCase.findOpenCasesAssignedToAnalyst.count
2026-09-19 12:19:43 [restartedMain] DEBUG o.s.d.j.repository.query.NamedQuery - Did not find named query AmlCase.countOpenCasesAssignedToAnalyst.count
2026-09-19 12:19:43 [restartedMain] DEBUG o.s.d.j.repository.query.NamedQuery - Did not find named query Transaction.findHighValueTransactionsByAccountAndTimeRange.count
2026-09-19 12:19:43 [restartedMain] DEBUG o.s.d.j.repository.query.NamedQuery - Did not find named query Transaction.findByIsHighRiskTrue.count
2026-09-19 12:19:43 [restartedMain] DEBUG o.s.d.j.repository.query.NamedQuery - Did not find named query Transaction.findByAccountIdAndStatus.count
2026-09-19 12:19:43 [restartedMain] DEBUG o.s.d.j.repository.query.NamedQuery - Did not find named query Transaction.findByCountryCodeAndStatusAndTransactionDatetimeBetween.count
2026-09-19 12:19:43 [restartedMain] DEBUG o.s.d.j.repository.query.NamedQuery - Did not find named query Transaction.findByAccountId.count
2026-09-19 12:19:43 [restartedMain] DEBUG o.s.d.j.repository.query.NamedQuery - Did not find named query Transaction.findByCountryCode.count
2026-09-19 12:19:43 [restartedMain] DEBUG o.s.d.j.repository.query.NamedQuery - Did not find named query Transaction.findTransactionsByAmountAndTimeRange.count
2026-09-19 12:19:43 [restartedMain] DEBUG o.s.d.j.repository.query.NamedQuery - Did not find named query Transaction.sumTransactionAmountByAccountAndTimeRange.count
2026-09-19 12:19:43 [restartedMain] DEBUG o.s.d.j.repository.query.NamedQuery - Did not find named query Transaction.findTransactionsByAccountAndTimeRange.count
2026-09-19 12:19:43 [restartedMain] DEBUG o.s.d.j.repository.query.NamedQuery - Did not find named query Transaction.countTransactionsByAccountAndTimeRange.count
2026-09-19 12:19:43 [restartedMain] DEBUG o.s.d.j.repository.query.NamedQuery - Did not find named query Transaction.findHighRiskTransactionsByChannel.count
2026-09-19 12:19:43 [restartedMain] DEBUG o.s.d.j.repository.query.NamedQuery - Did not find named query Transaction.findTransactionsByTypeAndTimeRange.count
2026-09-19 12:19:43 [restartedMain] DEBUG o.s.d.j.repository.query.NamedQuery - Did not find named query Account.findByAccountNumber.count
2026-09-19 12:19:43 [restartedMain] DEBUG o.s.d.j.repository.query.NamedQuery - Did not find named query Account.findByCustomerIdAndStatus.count
2026-09-19 12:19:43 [restartedMain] DEBUG o.s.d.j.repository.query.NamedQuery - Did not find named query Account.findAccountsOpenedBetween.count
2026-09-19 12:19:43 [restartedMain] DEBUG o.s.d.j.repository.query.NamedQuery - Did not find named query Account.findActiveJointAccounts.count
2026-09-19 12:19:43 [restartedMain] DEBUG o.s.d.j.repository.query.NamedQuery - Did not find named query Account.findActiveAccountsByCustomerAndCurrency.count
2026-09-19 12:19:43 [restartedMain] DEBUG o.s.d.j.repository.query.NamedQuery - Did not find named query Account.findByCustomerId.count
2026-09-19 12:19:43 [restartedMain] DEBUG o.s.d.j.repository.query.NamedQuery - Did not find named query Account.findByStatus.count
2026-09-19 12:19:43 [restartedMain] DEBUG o.s.d.j.repository.query.NamedQuery - Did not find named query Account.findActiveAccountsByCustomerId.count
2026-09-19 12:19:43 [restartedMain] DEBUG o.s.d.j.repository.query.NamedQuery - Did not find named query Account.findActiveAccountsWithMinBalance.count
2026-09-19 12:19:43 [restartedMain] DEBUG o.s.d.j.repository.query.NamedQuery - Did not find named query Account.findByIsActiveTrueAndCurrency.count
2026-09-19 12:19:43 [restartedMain] DEBUG o.s.d.j.repository.query.NamedQuery - Did not find named query Customer.findByIsActiveTrueAndNumComplaintsGreaterThan.count
2026-09-19 12:19:43 [restartedMain] DEBUG o.s.d.j.repository.query.NamedQuery - Did not find named query Customer.findHighRiskCustomers.count
2026-09-19 12:19:43 [restartedMain] DEBUG o.s.d.j.repository.query.NamedQuery - Did not find named query Customer.findVerifiedCustomers.count
2026-09-19 12:19:43 [restartedMain] DEBUG o.s.d.j.repository.query.NamedQuery - Did not find named query Customer.findByPhone.count
2026-09-19 12:19:43 [restartedMain] DEBUG o.s.d.j.repository.query.NamedQuery - Did not find named query Customer.findByEmail.count
2026-09-19 12:19:43 [restartedMain] DEBUG o.s.d.j.repository.query.NamedQuery - Did not find named query Customer.findByRiskRating.count
2026-09-19 12:19:43 [restartedMain] DEBUG o.s.d.j.repository.query.NamedQuery - Did not find named query Customer.findByKycStatus.count
2026-09-19 12:19:43 [restartedMain] DEBUG o.s.d.j.repository.query.NamedQuery - Did not find named query Customer.findExposedHighRiskCustomers.count
2026-09-19 12:19:43 [restartedMain] DEBUG o.s.d.j.repository.query.NamedQuery - Did not find named query Customer.findByPoliticallyExposedTrue.count
2026-09-19 12:19:43 [restartedMain] DEBUG o.s.d.j.repository.query.NamedQuery - Did not find named query Customer.findActiveCustomersByCountry.count
2026-09-19 12:19:43 [restartedMain] WARN  o.s.b.w.s.s.c.AnnotationConfigServletWebServerApplicationContext - Exception encountered during context initialization - cancelling refresh attempt: org.springframework.context.ApplicationContextException: Failed to start bean 'webServerStartStop'
2026-09-19 12:19:43 [restartedMain] INFO  o.s.o.j.LocalContainerEntityManagerFactoryBean - Closing JPA EntityManagerFactory for persistence unit 'default'
2026-09-19 12:19:43 [restartedMain] INFO  com.zaxxer.hikari.HikariDataSource - HikariPool-1 - Shutdown initiated...
2026-09-19 12:19:43 [restartedMain] INFO  com.zaxxer.hikari.HikariDataSource - HikariPool-1 - Shutdown completed.
2026-09-19 12:19:43 [restartedMain] INFO  o.s.b.a.l.ConditionEvaluationReportLogger - 

Error starting ApplicationContext. To display the condition evaluation report re-run your application with 'debug' enabled.
2026-09-19 12:19:43 [restartedMain] ERROR o.s.b.d.LoggingFailureAnalysisReporter - 

***************************
APPLICATION FAILED TO START
***************************

Description:

Web server failed to start. Port 8080 was already in use.

Action:

Identify and stop the process that's listening on port 8080 or configure this application to listen on another port.

2026-09-19 12:20:40 [restartedMain] INFO  c.s.SentinelFlowApplication - Starting SentinelFlowApplication using Java 22 with PID 19408 (D:\Java\SentinelFlow\target\classes started by hp in D:\Java\SentinelFlow)
2026-09-19 12:20:40 [restartedMain] DEBUG c.s.SentinelFlowApplication - Running with Spring Boot v4.1.1, Spring v7.0.9
2026-09-19 12:20:40 [restartedMain] INFO  c.s.SentinelFlowApplication - No active profile set, falling back to 1 default profile: "default"
2026-09-19 12:20:40 [restartedMain] INFO  o.s.b.d.e.DevToolsPropertyDefaultsPostProcessor - Devtools property defaults active! Set 'spring.devtools.add-properties' to 'false' to disable
2026-09-19 12:20:40 [restartedMain] INFO  o.s.b.d.e.DevToolsPropertyDefaultsPostProcessor - For additional web related logging consider setting the 'logging.level.web' property to 'DEBUG'
2026-09-19 12:20:41 [restartedMain] INFO  o.s.d.r.c.RepositoryConfigurationDelegate - Bootstrapping Spring Data JPA repositories in DEFAULT mode.
2026-09-19 12:20:41 [restartedMain] INFO  o.s.d.r.c.RepositoryConfigurationDelegate - Finished Spring Data repository scanning in 53 ms. Found 5 JPA repository interfaces.
2026-09-19 12:20:41 [restartedMain] INFO  o.s.boot.tomcat.TomcatWebServer - Tomcat initialized with port 8082 (http)
2026-09-19 12:20:41 [restartedMain] INFO  o.a.catalina.core.StandardService - Starting service [Tomcat]
2026-09-19 12:20:41 [restartedMain] INFO  o.a.catalina.core.StandardEngine - Starting Servlet engine: [Apache Tomcat/11.0.24]
2026-09-19 12:20:41 [restartedMain] INFO  o.s.b.w.c.s.WebApplicationContextInitializer - Root WebApplicationContext: initialization completed in 1562 ms
2026-09-19 12:20:42 [restartedMain] INFO  org.hibernate.orm.jpa - HHH008540: Processing PersistenceUnitInfo [name: default]
2026-09-19 12:20:42 [restartedMain] INFO  org.hibernate.orm.core - HHH000001: Hibernate ORM core version 7.4.5.Final
2026-09-19 12:20:42 [restartedMain] INFO  o.s.o.j.p.SpringPersistenceUnitInfo - No LoadTimeWeaver setup: ignoring JPA class transformer
2026-09-19 12:20:42 [restartedMain] INFO  com.zaxxer.hikari.HikariDataSource - HikariPool-1 - Starting...
2026-09-19 12:20:42 [restartedMain] INFO  com.zaxxer.hikari.pool.HikariPool - HikariPool-1 - Added connection org.postgresql.jdbc.PgConnection@2c9ede24
2026-09-19 12:20:42 [restartedMain] INFO  com.zaxxer.hikari.HikariDataSource - HikariPool-1 - Start completed.
2026-09-19 12:20:42 [restartedMain] INFO  o.hibernate.orm.connections.pooling - HHH10001005: Database info:
	Database JDBC URL [jdbc:postgresql://localhost:5433/AzentioHackthon]
	Database driver: PostgreSQL JDBC Driver
	Database dialect: PostgreSQLDialect
	Database version: 18.6
	Default catalog/schema: AzentioHackthon/public
	Autocommit mode: undefined/unknown
	Isolation level: READ_COMMITTED [default READ_COMMITTED]
	JDBC fetch size: none
	Pool: DataSourceConnectionProvider
	Minimum pool size: undefined/unknown
	Maximum pool size: undefined/unknown
2026-09-19 12:20:44 [restartedMain] INFO  org.hibernate.orm.core - HHH000489: No JTA platform available (set 'hibernate.transaction.jta.platform' to enable JTA platform integration)
2026-09-19 12:20:44 [restartedMain] INFO  org.hibernate.orm.jdbc.batch - HHH100501: Automatic JDBC statement batching enabled (maximum batch size 20)
2026-09-19 12:20:44 [restartedMain] INFO  o.s.o.j.LocalContainerEntityManagerFactoryBean - Initialized JPA EntityManagerFactory for persistence unit 'default'
2026-09-19 12:20:44 [restartedMain] DEBUG o.s.w.s.m.m.a.RequestMappingHandlerMapping - 6 mappings in 'requestMappingHandlerMapping'
2026-09-19 12:20:44 [restartedMain] DEBUG o.s.w.s.h.SimpleUrlHandlerMapping - Patterns [/webjars/**, /**, /swagger-ui*/*swagger-initializer.js, /swagger-ui*/**] in 'resourceHandlerMapping'
2026-09-19 12:20:44 [restartedMain] DEBUG o.s.w.s.m.m.a.RequestMappingHandlerAdapter - ControllerAdvice beans: 0 @ModelAttribute, 0 @InitBinder, 2 RequestBodyAdvice, 1 ResponseBodyAdvice
2026-09-19 12:20:44 [restartedMain] DEBUG o.s.w.s.m.m.a.ExceptionHandlerExceptionResolver - ControllerAdvice beans: 1 @ExceptionHandler, 1 ResponseBodyAdvice
2026-09-19 12:20:44 [restartedMain] DEBUG o.s.d.j.r.c.JpaMetamodelMappingContextFactoryBean - Initializing JpaMetamodelMappingContext…
2026-09-19 12:20:44 [restartedMain] DEBUG o.s.d.j.r.c.JpaMetamodelMappingContextFactoryBean - Finished initializing JpaMetamodelMappingContext
2026-09-19 12:20:44 [restartedMain] INFO  o.s.d.j.r.q.QueryEnhancerFactories - Hibernate is in classpath; If applicable, HQL parser will be used.
2026-09-19 12:20:44 [restartedMain] DEBUG o.s.d.j.repository.query.NamedQuery - Did not find named query Transaction.findHighValueTransactionsByAccountAndTimeRange.count
2026-09-19 12:20:45 [restartedMain] DEBUG o.s.d.j.repository.query.NamedQuery - Did not find named query Transaction.findByCountryCodeAndStatusAndTransactionDatetimeBetween.count
2026-09-19 12:20:45 [restartedMain] DEBUG o.s.d.j.repository.query.NamedQuery - Did not find named query Transaction.sumTransactionAmountByAccountAndTimeRange.count
2026-09-19 12:20:45 [restartedMain] DEBUG o.s.d.j.repository.query.NamedQuery - Did not find named query Transaction.findTransactionsByAmountAndTimeRange.count
2026-09-19 12:20:45 [restartedMain] DEBUG o.s.d.j.repository.query.NamedQuery - Did not find named query Transaction.findTransactionsByAccountAndTimeRange.count
2026-09-19 12:20:45 [restartedMain] DEBUG o.s.d.j.repository.query.NamedQuery - Did not find named query Transaction.countTransactionsByAccountAndTimeRange.count
2026-09-19 12:20:45 [restartedMain] DEBUG o.s.d.j.repository.query.NamedQuery - Did not find named query Transaction.findByAccountIdAndStatus.count
2026-09-19 12:20:45 [restartedMain] DEBUG o.s.d.j.repository.query.NamedQuery - Did not find named query Transaction.findByIsHighRiskTrue.count
2026-09-19 12:20:45 [restartedMain] DEBUG o.s.d.j.repository.query.NamedQuery - Did not find named query Transaction.findByAccountId.count
2026-09-19 12:20:45 [restartedMain] DEBUG o.s.d.j.repository.query.NamedQuery - Did not find named query Transaction.findHighRiskTransactionsByChannel.count
2026-09-19 12:20:45 [restartedMain] DEBUG o.s.d.j.repository.query.NamedQuery - Did not find named query Transaction.findTransactionsByTypeAndTimeRange.count
2026-09-19 12:20:45 [restartedMain] DEBUG o.s.d.j.repository.query.NamedQuery - Did not find named query Transaction.findByCountryCode.count
2026-09-19 12:20:45 [restartedMain] DEBUG o.s.d.j.repository.query.NamedQuery - Did not find named query Account.findActiveAccountsByCustomerAndCurrency.count
2026-09-19 12:20:45 [restartedMain] DEBUG o.s.d.j.repository.query.NamedQuery - Did not find named query Account.findByIsActiveTrueAndCurrency.count
2026-09-19 12:20:45 [restartedMain] DEBUG o.s.d.j.repository.query.NamedQuery - Did not find named query Account.findActiveAccountsByCustomerId.count
2026-09-19 12:20:45 [restartedMain] DEBUG o.s.d.j.repository.query.NamedQuery - Did not find named query Account.findActiveAccountsWithMinBalance.count
2026-09-19 12:20:45 [restartedMain] DEBUG o.s.d.j.repository.query.NamedQuery - Did not find named query Account.findActiveJointAccounts.count
2026-09-19 12:20:45 [restartedMain] DEBUG o.s.d.j.repository.query.NamedQuery - Did not find named query Account.findByCustomerIdAndStatus.count
2026-09-19 12:20:45 [restartedMain] DEBUG o.s.d.j.repository.query.NamedQuery - Did not find named query Account.findAccountsOpenedBetween.count
2026-09-19 12:20:45 [restartedMain] DEBUG o.s.d.j.repository.query.NamedQuery - Did not find named query Account.findByAccountNumber.count
2026-09-19 12:20:45 [restartedMain] DEBUG o.s.d.j.repository.query.NamedQuery - Did not find named query Account.findByStatus.count
2026-09-19 12:20:45 [restartedMain] DEBUG o.s.d.j.repository.query.NamedQuery - Did not find named query Account.findByCustomerId.count
2026-09-19 12:20:45 [restartedMain] DEBUG o.s.d.j.repository.query.NamedQuery - Did not find named query Alert.findByCustomerId.count
2026-09-19 12:20:45 [restartedMain] DEBUG o.s.d.j.repository.query.NamedQuery - Did not find named query Alert.findByAlertStatusAndCreatedByOrderByTriggeredAtDesc.count
2026-09-19 12:20:45 [restartedMain] DEBUG o.s.d.j.repository.query.NamedQuery - Did not find named query Alert.findOpenAlertsByRuleCodeAndCustomer.count
2026-09-19 12:20:45 [restartedMain] DEBUG o.s.d.j.repository.query.NamedQuery - Did not find named query Alert.findOpenAlertsByCustomerId.count
2026-09-19 12:20:45 [restartedMain] DEBUG o.s.d.j.repository.query.NamedQuery - Did not find named query Alert.findByTransactionId.count
2026-09-19 12:20:45 [restartedMain] DEBUG o.s.d.j.repository.query.NamedQuery - Did not find named query Alert.findAlertsByDateRange.count
2026-09-19 12:20:45 [restartedMain] DEBUG o.s.d.j.repository.query.NamedQuery - Did not find named query Alert.findByAlertStatus.count
2026-09-19 12:20:45 [restartedMain] DEBUG o.s.d.j.repository.query.NamedQuery - Did not find named query Alert.countOpenAlerts.count
2026-09-19 12:20:45 [restartedMain] DEBUG o.s.d.j.repository.query.NamedQuery - Did not find named query Alert.findCriticalAlerts.count
2026-09-19 12:20:45 [restartedMain] DEBUG o.s.d.j.repository.query.NamedQuery - Did not find named query Alert.findByAccountId.count
2026-09-19 12:20:45 [restartedMain] DEBUG o.s.d.j.repository.query.NamedQuery - Did not find named query Alert.findByRuleCode.count
2026-09-19 12:20:45 [restartedMain] DEBUG o.s.d.j.repository.query.NamedQuery - Did not find named query Alert.findAlertsByRiskScoreAndTimeRange.count
2026-09-19 12:20:45 [restartedMain] DEBUG o.s.d.j.repository.query.NamedQuery - Did not find named query Alert.findOpenAlertsSortedByRiskScore.count
2026-09-19 12:20:45 [restartedMain] DEBUG o.s.d.j.repository.query.NamedQuery - Did not find named query Alert.countOpenAlertsByCustomerId.count
2026-09-19 12:20:45 [restartedMain] DEBUG o.s.d.j.repository.query.NamedQuery - Did not find named query Customer.findByIsActiveTrueAndNumComplaintsGreaterThan.count
2026-09-19 12:20:45 [restartedMain] DEBUG o.s.d.j.repository.query.NamedQuery - Did not find named query Customer.findVerifiedCustomers.count
2026-09-19 12:20:45 [restartedMain] DEBUG o.s.d.j.repository.query.NamedQuery - Did not find named query Customer.findHighRiskCustomers.count
2026-09-19 12:20:45 [restartedMain] DEBUG o.s.d.j.repository.query.NamedQuery - Did not find named query Customer.findByEmail.count
2026-09-19 12:20:45 [restartedMain] DEBUG o.s.d.j.repository.query.NamedQuery - Did not find named query Customer.findByRiskRating.count
2026-09-19 12:20:45 [restartedMain] DEBUG o.s.d.j.repository.query.NamedQuery - Did not find named query Customer.findByKycStatus.count
2026-09-19 12:20:45 [restartedMain] DEBUG o.s.d.j.repository.query.NamedQuery - Did not find named query Customer.findByPhone.count
2026-09-19 12:20:45 [restartedMain] DEBUG o.s.d.j.repository.query.NamedQuery - Did not find named query Customer.findActiveCustomersByCountry.count
2026-09-19 12:20:45 [restartedMain] DEBUG o.s.d.j.repository.query.NamedQuery - Did not find named query Customer.findExposedHighRiskCustomers.count
2026-09-19 12:20:45 [restartedMain] DEBUG o.s.d.j.repository.query.NamedQuery - Did not find named query Customer.findByPoliticallyExposedTrue.count
2026-09-19 12:20:45 [restartedMain] DEBUG o.s.d.j.repository.query.NamedQuery - Did not find named query AmlCase.findByCustomerId.count
2026-09-19 12:20:45 [restartedMain] DEBUG o.s.d.j.repository.query.NamedQuery - Did not find named query AmlCase.findByOpenedAtBetweenOrderByOpenedAtDesc.count
2026-09-19 12:20:45 [restartedMain] DEBUG o.s.d.j.repository.query.NamedQuery - Did not find named query AmlCase.countOpenCasesByCustomerId.count
2026-09-19 12:20:45 [restartedMain] DEBUG o.s.d.j.repository.query.NamedQuery - Did not find named query AmlCase.findHighSeverityCases.count
2026-09-19 12:20:45 [restartedMain] DEBUG o.s.d.j.repository.query.NamedQuery - Did not find named query AmlCase.findOpenCasesByCustomerId.count
2026-09-19 12:20:45 [restartedMain] DEBUG o.s.d.j.repository.query.NamedQuery - Did not find named query AmlCase.findClosedCasesByDateRange.count
2026-09-19 12:20:45 [restartedMain] DEBUG o.s.d.j.repository.query.NamedQuery - Did not find named query AmlCase.findUnassignedOpenCases.count
2026-09-19 12:20:45 [restartedMain] DEBUG o.s.d.j.repository.query.NamedQuery - Did not find named query AmlCase.findByAssignedTo.count
2026-09-19 12:20:45 [restartedMain] DEBUG o.s.d.j.repository.query.NamedQuery - Did not find named query AmlCase.countOpenCases.count
2026-09-19 12:20:45 [restartedMain] DEBUG o.s.d.j.repository.query.NamedQuery - Did not find named query AmlCase.findBySeverity.count
2026-09-19 12:20:45 [restartedMain] DEBUG o.s.d.j.repository.query.NamedQuery - Did not find named query AmlCase.findByCaseStatus.count
2026-09-19 12:20:45 [restartedMain] DEBUG o.s.d.j.repository.query.NamedQuery - Did not find named query AmlCase.findOpenCasesSortedBySeverity.count
2026-09-19 12:20:45 [restartedMain] DEBUG o.s.d.j.repository.query.NamedQuery - Did not find named query AmlCase.countOpenCasesAssignedToAnalyst.count
2026-09-19 12:20:45 [restartedMain] DEBUG o.s.d.j.repository.query.NamedQuery - Did not find named query AmlCase.findOpenCasesAssignedToAnalyst.count
2026-09-19 12:20:45 [restartedMain] INFO  o.s.boot.tomcat.TomcatWebServer - Tomcat started on port 8082 (http) with context path '/sentinel'
2026-09-19 12:20:45 [restartedMain] INFO  c.s.SentinelFlowApplication - Started SentinelFlowApplication in 6.172 seconds (process running for 7.044)
2026-09-19 12:30:30 [File Watcher] INFO  o.s.b.d.a.LocalDevToolsAutoConfiguration$RestartingClassPathChangeChangedEventListener - Restarting due to 19 class path changes (0 additions, 16 deletions, 3 modifications)
2026-09-19 12:30:30 [Thread-1] INFO  o.s.boot.tomcat.GracefulShutdown - Commencing graceful shutdown. Waiting for active requests to complete
2026-09-19 12:30:30 [tomcat-shutdown] INFO  o.s.boot.tomcat.GracefulShutdown - Graceful shutdown complete
2026-09-19 12:30:30 [Thread-1] INFO  o.s.o.j.LocalContainerEntityManagerFactoryBean - Closing JPA EntityManagerFactory for persistence unit 'default'
2026-09-19 12:30:30 [Thread-1] INFO  com.zaxxer.hikari.HikariDataSource - HikariPool-1 - Shutdown initiated...
2026-09-19 12:30:30 [Thread-1] INFO  com.zaxxer.hikari.HikariDataSource - HikariPool-1 - Shutdown completed.
2026-09-19 12:30:30 [restartedMain] INFO  c.s.SentinelFlowApplication - Starting SentinelFlowApplication using Java 22 with PID 19408 (D:\Java\SentinelFlow\target\classes started by hp in D:\Java\SentinelFlow)
2026-09-19 12:30:30 [restartedMain] DEBUG c.s.SentinelFlowApplication - Running with Spring Boot v4.1.1, Spring v7.0.9
2026-09-19 12:30:30 [restartedMain] INFO  c.s.SentinelFlowApplication - No active profile set, falling back to 1 default profile: "default"
2026-09-19 12:30:31 [restartedMain] INFO  o.s.d.r.c.RepositoryConfigurationDelegate - Bootstrapping Spring Data JPA repositories in DEFAULT mode.
2026-09-19 12:30:31 [restartedMain] INFO  o.s.d.r.c.RepositoryConfigurationDelegate - Finished Spring Data repository scanning in 1 ms. Found 0 JPA repository interfaces.
2026-09-19 12:30:31 [restartedMain] INFO  o.s.boot.tomcat.TomcatWebServer - Tomcat initialized with port 8082 (http)
2026-09-19 12:30:31 [restartedMain] INFO  o.a.catalina.core.StandardService - Starting service [Tomcat]
2026-09-19 12:30:31 [restartedMain] INFO  o.a.catalina.core.StandardEngine - Starting Servlet engine: [Apache Tomcat/11.0.24]
2026-09-19 12:30:31 [restartedMain] INFO  o.s.b.w.c.s.WebApplicationContextInitializer - Root WebApplicationContext: initialization completed in 423 ms
2026-09-19 12:30:31 [restartedMain] INFO  org.hibernate.orm.jpa - HHH008540: Processing PersistenceUnitInfo [name: default]
2026-09-19 12:30:31 [restartedMain] INFO  o.s.o.j.p.SpringPersistenceUnitInfo - No LoadTimeWeaver setup: ignoring JPA class transformer
2026-09-19 12:30:31 [restartedMain] INFO  com.zaxxer.hikari.HikariDataSource - HikariPool-2 - Starting...
2026-09-19 12:30:31 [restartedMain] INFO  com.zaxxer.hikari.pool.HikariPool - HikariPool-2 - Added connection org.postgresql.jdbc.PgConnection@2e315126
2026-09-19 12:30:31 [restartedMain] INFO  com.zaxxer.hikari.HikariDataSource - HikariPool-2 - Start completed.
2026-09-19 12:30:31 [restartedMain] INFO  o.hibernate.orm.connections.pooling - HHH10001005: Database info:
	Database JDBC URL [jdbc:postgresql://localhost:5433/AzentioHackthon]
	Database driver: PostgreSQL JDBC Driver
	Database dialect: PostgreSQLDialect
	Database version: 18.6
	Default catalog/schema: AzentioHackthon/public
	Autocommit mode: undefined/unknown
	Isolation level: READ_COMMITTED [default READ_COMMITTED]
	JDBC fetch size: none
	Pool: DataSourceConnectionProvider
	Minimum pool size: undefined/unknown
	Maximum pool size: undefined/unknown
2026-09-19 12:30:31 [restartedMain] INFO  org.hibernate.orm.core - HHH000489: No JTA platform available (set 'hibernate.transaction.jta.platform' to enable JTA platform integration)
2026-09-19 12:30:31 [restartedMain] INFO  org.hibernate.orm.jdbc.batch - HHH100501: Automatic JDBC statement batching enabled (maximum batch size 20)
2026-09-19 12:30:31 [restartedMain] INFO  o.s.o.j.LocalContainerEntityManagerFactoryBean - Initialized JPA EntityManagerFactory for persistence unit 'default'
2026-09-19 12:30:31 [restartedMain] DEBUG o.s.w.s.m.m.a.RequestMappingHandlerMapping - 6 mappings in 'requestMappingHandlerMapping'
2026-09-19 12:30:31 [restartedMain] DEBUG o.s.w.s.h.SimpleUrlHandlerMapping - Patterns [/webjars/**, /**, /swagger-ui*/*swagger-initializer.js, /swagger-ui*/**] in 'resourceHandlerMapping'
2026-09-19 12:30:31 [restartedMain] DEBUG o.s.w.s.m.m.a.RequestMappingHandlerAdapter - ControllerAdvice beans: 0 @ModelAttribute, 0 @InitBinder, 2 RequestBodyAdvice, 1 ResponseBodyAdvice
2026-09-19 12:30:31 [restartedMain] DEBUG o.s.w.s.m.m.a.ExceptionHandlerExceptionResolver - ControllerAdvice beans: 1 @ExceptionHandler, 1 ResponseBodyAdvice
2026-09-19 12:30:31 [restartedMain] INFO  o.s.boot.tomcat.TomcatWebServer - Tomcat started on port 8082 (http) with context path '/sentinel'
2026-09-19 12:30:31 [restartedMain] INFO  c.s.SentinelFlowApplication - Started SentinelFlowApplication in 0.892 seconds (process running for 592.86)
2026-09-19 12:30:31 [restartedMain] INFO  o.s.b.d.a.ConditionEvaluationDeltaLoggingListener - Condition evaluation unchanged
2026-09-19 12:48:26 [File Watcher] INFO  o.s.b.d.a.LocalDevToolsAutoConfiguration$RestartingClassPathChangeChangedEventListener - Restarting due to 3 class path changes (0 additions, 2 deletions, 1 modification)
2026-09-19 12:48:26 [Thread-5] INFO  o.s.boot.tomcat.GracefulShutdown - Commencing graceful shutdown. Waiting for active requests to complete
2026-09-19 12:48:26 [tomcat-shutdown] INFO  o.s.boot.tomcat.GracefulShutdown - Graceful shutdown complete
2026-09-19 12:48:26 [Thread-5] INFO  o.s.o.j.LocalContainerEntityManagerFactoryBean - Closing JPA EntityManagerFactory for persistence unit 'default'
2026-09-19 12:48:27 [Thread-5] INFO  com.zaxxer.hikari.HikariDataSource - HikariPool-2 - Shutdown initiated...
2026-09-19 12:48:27 [Thread-5] INFO  com.zaxxer.hikari.HikariDataSource - HikariPool-2 - Shutdown completed.
2026-09-19 12:48:28 [restartedMain] INFO  c.s.SentinelFlowApplication - Starting SentinelFlowApplication using Java 22 with PID 19408 (D:\Java\SentinelFlow\target\classes started by hp in D:\Java\SentinelFlow)
2026-09-19 12:48:28 [restartedMain] DEBUG c.s.SentinelFlowApplication - Running with Spring Boot v4.1.1, Spring v7.0.9
2026-09-19 12:48:28 [restartedMain] INFO  c.s.SentinelFlowApplication - No active profile set, falling back to 1 default profile: "default"
2026-09-19 12:48:28 [restartedMain] INFO  o.s.d.r.c.RepositoryConfigurationDelegate - Bootstrapping Spring Data JPA repositories in DEFAULT mode.
2026-09-19 12:48:28 [restartedMain] INFO  o.s.d.r.c.RepositoryConfigurationDelegate - Finished Spring Data repository scanning in 1 ms. Found 0 JPA repository interfaces.
2026-09-19 12:48:28 [restartedMain] INFO  o.s.boot.tomcat.TomcatWebServer - Tomcat initialized with port 8082 (http)
2026-09-19 12:48:28 [restartedMain] INFO  o.a.catalina.core.StandardService - Starting service [Tomcat]
2026-09-19 12:48:28 [restartedMain] INFO  o.a.catalina.core.StandardEngine - Starting Servlet engine: [Apache Tomcat/11.0.24]
2026-09-19 12:48:28 [restartedMain] INFO  o.s.b.w.c.s.WebApplicationContextInitializer - Root WebApplicationContext: initialization completed in 812 ms
2026-09-19 12:48:29 [restartedMain] INFO  org.hibernate.orm.jpa - HHH008540: Processing PersistenceUnitInfo [name: default]
2026-09-19 12:48:29 [restartedMain] INFO  o.s.o.j.p.SpringPersistenceUnitInfo - No LoadTimeWeaver setup: ignoring JPA class transformer
2026-09-19 12:48:29 [restartedMain] INFO  com.zaxxer.hikari.HikariDataSource - HikariPool-3 - Starting...
2026-09-19 12:48:29 [restartedMain] INFO  com.zaxxer.hikari.pool.HikariPool - HikariPool-3 - Added connection org.postgresql.jdbc.PgConnection@3cc5007
2026-09-19 12:48:29 [restartedMain] INFO  com.zaxxer.hikari.HikariDataSource - HikariPool-3 - Start completed.
2026-09-19 12:48:29 [restartedMain] INFO  o.hibernate.orm.connections.pooling - HHH10001005: Database info:
	Database JDBC URL [jdbc:postgresql://localhost:5433/AzentioHackthon]
	Database driver: PostgreSQL JDBC Driver
	Database dialect: PostgreSQLDialect
	Database version: 18.6
	Default catalog/schema: AzentioHackthon/public
	Autocommit mode: undefined/unknown
	Isolation level: READ_COMMITTED [default READ_COMMITTED]
	JDBC fetch size: none
	Pool: DataSourceConnectionProvider
	Minimum pool size: undefined/unknown
	Maximum pool size: undefined/unknown
2026-09-19 12:48:29 [restartedMain] INFO  org.hibernate.orm.core - HHH000489: No JTA platform available (set 'hibernate.transaction.jta.platform' to enable JTA platform integration)
2026-09-19 12:48:29 [restartedMain] INFO  org.hibernate.orm.jdbc.batch - HHH100501: Automatic JDBC statement batching enabled (maximum batch size 20)
2026-09-19 12:48:29 [restartedMain] INFO  o.s.o.j.LocalContainerEntityManagerFactoryBean - Initialized JPA EntityManagerFactory for persistence unit 'default'
2026-09-19 12:48:29 [restartedMain] DEBUG o.s.w.s.m.m.a.RequestMappingHandlerMapping - 6 mappings in 'requestMappingHandlerMapping'
2026-09-19 12:48:29 [restartedMain] DEBUG o.s.w.s.h.SimpleUrlHandlerMapping - Patterns [/webjars/**, /**, /swagger-ui*/*swagger-initializer.js, /swagger-ui*/**] in 'resourceHandlerMapping'
2026-09-19 12:48:29 [restartedMain] DEBUG o.s.w.s.m.m.a.RequestMappingHandlerAdapter - ControllerAdvice beans: 0 @ModelAttribute, 0 @InitBinder, 2 RequestBodyAdvice, 1 ResponseBodyAdvice
2026-09-19 12:48:29 [restartedMain] DEBUG o.s.w.s.m.m.a.ExceptionHandlerExceptionResolver - ControllerAdvice beans: 1 @ExceptionHandler, 1 ResponseBodyAdvice
2026-09-19 12:48:29 [restartedMain] INFO  o.s.boot.tomcat.TomcatWebServer - Tomcat started on port 8082 (http) with context path '/sentinel'
2026-09-19 12:48:30 [restartedMain] INFO  c.s.SentinelFlowApplication - Started SentinelFlowApplication in 2.071 seconds (process running for 1671.109)
2026-09-19 12:48:30 [restartedMain] INFO  o.s.b.d.a.ConditionEvaluationDeltaLoggingListener - Condition evaluation unchanged
2026-09-19 12:48:55 [File Watcher] INFO  o.s.b.d.a.LocalDevToolsAutoConfiguration$RestartingClassPathChangeChangedEventListener - Restarting due to 3 class path changes (0 additions, 3 deletions, 0 modifications)
2026-09-19 12:48:55 [Thread-9] INFO  o.s.boot.tomcat.GracefulShutdown - Commencing graceful shutdown. Waiting for active requests to complete
2026-09-19 12:48:55 [tomcat-shutdown] INFO  o.s.boot.tomcat.GracefulShutdown - Graceful shutdown complete
2026-09-19 12:48:55 [Thread-9] INFO  o.s.o.j.LocalContainerEntityManagerFactoryBean - Closing JPA EntityManagerFactory for persistence unit 'default'
2026-09-19 12:48:55 [Thread-9] INFO  com.zaxxer.hikari.HikariDataSource - HikariPool-3 - Shutdown initiated...
2026-09-19 12:48:55 [Thread-9] INFO  com.zaxxer.hikari.HikariDataSource - HikariPool-3 - Shutdown completed.
2026-09-19 12:49:00 [restartedMain] INFO  c.s.SentinelFlowApplication - Starting SentinelFlowApplication using Java 22 with PID 19408 (D:\Java\SentinelFlow\target\classes started by hp in D:\Java\SentinelFlow)
2026-09-19 12:49:00 [restartedMain] DEBUG c.s.SentinelFlowApplication - Running with Spring Boot v4.1.1, Spring v7.0.9
2026-09-19 12:49:00 [restartedMain] INFO  c.s.SentinelFlowApplication - No active profile set, falling back to 1 default profile: "default"
2026-09-19 12:49:00 [restartedMain] INFO  o.s.d.r.c.RepositoryConfigurationDelegate - Bootstrapping Spring Data JPA repositories in DEFAULT mode.
2026-09-19 12:49:00 [restartedMain] INFO  o.s.d.r.c.RepositoryConfigurationDelegate - Finished Spring Data repository scanning in 1 ms. Found 0 JPA repository interfaces.
2026-09-19 12:49:01 [restartedMain] INFO  o.s.boot.tomcat.TomcatWebServer - Tomcat initialized with port 8082 (http)
2026-09-19 12:49:01 [restartedMain] INFO  o.a.catalina.core.StandardService - Starting service [Tomcat]
2026-09-19 12:49:01 [restartedMain] INFO  o.a.catalina.core.StandardEngine - Starting Servlet engine: [Apache Tomcat/11.0.24]
2026-09-19 12:49:01 [restartedMain] INFO  o.s.b.w.c.s.WebApplicationContextInitializer - Root WebApplicationContext: initialization completed in 595 ms
2026-09-19 12:49:01 [restartedMain] INFO  org.hibernate.orm.jpa - HHH008540: Processing PersistenceUnitInfo [name: default]
2026-09-19 12:49:01 [restartedMain] INFO  o.s.o.j.p.SpringPersistenceUnitInfo - No LoadTimeWeaver setup: ignoring JPA class transformer
2026-09-19 12:49:01 [restartedMain] INFO  com.zaxxer.hikari.HikariDataSource - HikariPool-4 - Starting...
2026-09-19 12:49:01 [restartedMain] INFO  com.zaxxer.hikari.pool.HikariPool - HikariPool-4 - Added connection org.postgresql.jdbc.PgConnection@2e61b120
2026-09-19 12:49:01 [restartedMain] INFO  com.zaxxer.hikari.HikariDataSource - HikariPool-4 - Start completed.
2026-09-19 12:49:01 [restartedMain] INFO  o.hibernate.orm.connections.pooling - HHH10001005: Database info:
	Database JDBC URL [jdbc:postgresql://localhost:5433/AzentioHackthon]
	Database driver: PostgreSQL JDBC Driver
	Database dialect: PostgreSQLDialect
	Database version: 18.6
	Default catalog/schema: AzentioHackthon/public
	Autocommit mode: undefined/unknown
	Isolation level: READ_COMMITTED [default READ_COMMITTED]
	JDBC fetch size: none
	Pool: DataSourceConnectionProvider
	Minimum pool size: undefined/unknown
	Maximum pool size: undefined/unknown
2026-09-19 12:49:01 [restartedMain] INFO  org.hibernate.orm.core - HHH000489: No JTA platform available (set 'hibernate.transaction.jta.platform' to enable JTA platform integration)
2026-09-19 12:49:01 [restartedMain] INFO  org.hibernate.orm.jdbc.batch - HHH100501: Automatic JDBC statement batching enabled (maximum batch size 20)
2026-09-19 12:49:01 [restartedMain] INFO  o.s.o.j.LocalContainerEntityManagerFactoryBean - Initialized JPA EntityManagerFactory for persistence unit 'default'
2026-09-19 12:49:01 [restartedMain] DEBUG o.s.w.s.m.m.a.RequestMappingHandlerMapping - 6 mappings in 'requestMappingHandlerMapping'
2026-09-19 12:49:01 [restartedMain] DEBUG o.s.w.s.h.SimpleUrlHandlerMapping - Patterns [/webjars/**, /**, /swagger-ui*/*swagger-initializer.js, /swagger-ui*/**] in 'resourceHandlerMapping'
2026-09-19 12:49:01 [restartedMain] DEBUG o.s.w.s.m.m.a.RequestMappingHandlerAdapter - ControllerAdvice beans: 0 @ModelAttribute, 0 @InitBinder, 2 RequestBodyAdvice, 1 ResponseBodyAdvice
2026-09-19 12:49:01 [restartedMain] DEBUG o.s.w.s.m.m.a.ExceptionHandlerExceptionResolver - ControllerAdvice beans: 1 @ExceptionHandler, 1 ResponseBodyAdvice
2026-09-19 12:49:01 [restartedMain] INFO  o.s.boot.tomcat.TomcatWebServer - Tomcat started on port 8082 (http) with context path '/sentinel'
2026-09-19 12:49:01 [restartedMain] INFO  c.s.SentinelFlowApplication - Started SentinelFlowApplication in 1.483 seconds (process running for 1703.009)
2026-09-19 12:49:01 [restartedMain] INFO  o.s.b.d.a.ConditionEvaluationDeltaLoggingListener - Condition evaluation unchanged
2026-09-19 12:49:04 [RMI TCP Connection(46)-127.0.0.1] INFO  o.s.b.a.SpringApplicationAdminMXBeanRegistrar$SpringApplicationAdmin - Application shutdown requested.
2026-09-19 12:49:04 [RMI TCP Connection(46)-127.0.0.1] INFO  o.s.boot.tomcat.GracefulShutdown - Commencing graceful shutdown. Waiting for active requests to complete
2026-09-19 12:49:04 [tomcat-shutdown] INFO  o.s.boot.tomcat.GracefulShutdown - Graceful shutdown complete
2026-09-19 12:49:04 [RMI TCP Connection(46)-127.0.0.1] INFO  o.s.o.j.LocalContainerEntityManagerFactoryBean - Closing JPA EntityManagerFactory for persistence unit 'default'
2026-09-19 12:49:04 [RMI TCP Connection(46)-127.0.0.1] INFO  com.zaxxer.hikari.HikariDataSource - HikariPool-4 - Shutdown initiated...
2026-09-19 12:49:04 [RMI TCP Connection(46)-127.0.0.1] INFO  com.zaxxer.hikari.HikariDataSource - HikariPool-4 - Shutdown completed.
2026-09-19 13:02:54 [restartedMain] INFO  c.s.SentinelFlowApplication - Starting SentinelFlowApplication using Java 22 with PID 6864 (D:\Java\SentinelFlow\target\classes started by hp in D:\Java\SentinelFlow)
2026-09-19 13:02:54 [restartedMain] DEBUG c.s.SentinelFlowApplication - Running with Spring Boot v4.1.1, Spring v7.0.9
2026-09-19 13:02:54 [restartedMain] INFO  c.s.SentinelFlowApplication - No active profile set, falling back to 1 default profile: "default"
2026-09-19 13:02:54 [restartedMain] INFO  o.s.b.d.e.DevToolsPropertyDefaultsPostProcessor - Devtools property defaults active! Set 'spring.devtools.add-properties' to 'false' to disable
2026-09-19 13:02:54 [restartedMain] INFO  o.s.b.d.e.DevToolsPropertyDefaultsPostProcessor - For additional web related logging consider setting the 'logging.level.web' property to 'DEBUG'
2026-09-19 13:02:54 [restartedMain] INFO  o.s.d.r.c.RepositoryConfigurationDelegate - Bootstrapping Spring Data JPA repositories in DEFAULT mode.
2026-09-19 13:02:54 [restartedMain] INFO  o.s.d.r.c.RepositoryConfigurationDelegate - Finished Spring Data repository scanning in 44 ms. Found 7 JPA repository interfaces.
2026-09-19 13:02:55 [restartedMain] INFO  o.s.boot.tomcat.TomcatWebServer - Tomcat initialized with port 8082 (http)
2026-09-19 13:02:55 [restartedMain] INFO  o.a.catalina.core.StandardService - Starting service [Tomcat]
2026-09-19 13:02:55 [restartedMain] INFO  o.a.catalina.core.StandardEngine - Starting Servlet engine: [Apache Tomcat/11.0.24]
2026-09-19 13:02:55 [restartedMain] INFO  o.s.b.w.c.s.WebApplicationContextInitializer - Root WebApplicationContext: initialization completed in 1116 ms
2026-09-19 13:02:55 [restartedMain] INFO  org.hibernate.orm.jpa - HHH008540: Processing PersistenceUnitInfo [name: default]
2026-09-19 13:02:55 [restartedMain] INFO  org.hibernate.orm.core - HHH000001: Hibernate ORM core version 7.4.5.Final
2026-09-19 13:02:55 [restartedMain] INFO  o.s.o.j.p.SpringPersistenceUnitInfo - No LoadTimeWeaver setup: ignoring JPA class transformer
2026-09-19 13:02:55 [restartedMain] INFO  com.zaxxer.hikari.HikariDataSource - HikariPool-1 - Starting...
2026-09-19 13:02:56 [restartedMain] INFO  com.zaxxer.hikari.pool.HikariPool - HikariPool-1 - Added connection org.postgresql.jdbc.PgConnection@2770f798
2026-09-19 13:02:56 [restartedMain] INFO  com.zaxxer.hikari.HikariDataSource - HikariPool-1 - Start completed.
2026-09-19 13:02:56 [restartedMain] INFO  o.hibernate.orm.connections.pooling - HHH10001005: Database info:
	Database JDBC URL [jdbc:postgresql://localhost:5433/AzentioHackthon]
	Database driver: PostgreSQL JDBC Driver
	Database dialect: PostgreSQLDialect
	Database version: 18.6
	Default catalog/schema: AzentioHackthon/public
	Autocommit mode: undefined/unknown
	Isolation level: READ_COMMITTED [default READ_COMMITTED]
	JDBC fetch size: none
	Pool: DataSourceConnectionProvider
	Minimum pool size: undefined/unknown
	Maximum pool size: undefined/unknown
2026-09-19 13:02:57 [restartedMain] INFO  org.hibernate.orm.core - HHH000489: No JTA platform available (set 'hibernate.transaction.jta.platform' to enable JTA platform integration)
2026-09-19 13:02:57 [restartedMain] INFO  org.hibernate.orm.jdbc.batch - HHH100501: Automatic JDBC statement batching enabled (maximum batch size 20)
2026-09-19 13:02:57 [restartedMain] INFO  o.s.o.j.LocalContainerEntityManagerFactoryBean - Initialized JPA EntityManagerFactory for persistence unit 'default'
2026-09-19 13:02:57 [restartedMain] DEBUG o.s.d.j.r.c.JpaMetamodelMappingContextFactoryBean - Initializing JpaMetamodelMappingContext…
2026-09-19 13:02:57 [restartedMain] DEBUG o.s.d.j.r.c.JpaMetamodelMappingContextFactoryBean - Finished initializing JpaMetamodelMappingContext
2026-09-19 13:02:57 [restartedMain] INFO  o.s.d.j.r.q.QueryEnhancerFactories - Hibernate is in classpath; If applicable, HQL parser will be used.
2026-09-19 13:02:58 [restartedMain] DEBUG o.s.d.j.repository.query.NamedQuery - Looking up named query 'RuleConfig.findByRuleCode'
2026-09-19 13:02:58 [restartedMain] DEBUG o.s.d.j.repository.query.NamedQuery - Did not find named query RuleConfig.findByRuleCode
2026-09-19 13:02:58 [restartedMain] DEBUG o.s.d.j.repository.query.NamedQuery - Did not find named query Transaction.findTransactionsByAccountAndTimeRange.count
2026-09-19 13:02:58 [restartedMain] DEBUG o.s.d.j.repository.query.NamedQuery - Did not find named query Transaction.calculateAccountTransactionTotalFor90Days.count
2026-09-19 13:02:59 [restartedMain] DEBUG o.s.d.j.repository.query.NamedQuery - Did not find named query Transaction.calculateAccountTransactionTotal.count
2026-09-19 13:02:59 [restartedMain] DEBUG o.s.d.j.repository.query.NamedQuery - Did not find named query Transaction.findByIsHighRiskTrue.count
2026-09-19 13:02:59 [restartedMain] DEBUG o.s.d.j.repository.query.NamedQuery - Did not find named query Transaction.findByAccountIdAndStatus.count
2026-09-19 13:02:59 [restartedMain] DEBUG o.s.d.j.repository.query.NamedQuery - Did not find named query Transaction.findHighValueTransactionsByAccountAndTimeRange.count
2026-09-19 13:02:59 [restartedMain] DEBUG o.s.d.j.repository.query.NamedQuery - Did not find named query Transaction.sumTransactionAmountByAccountAndTimeRange.count
2026-09-19 13:02:59 [restartedMain] DEBUG o.s.d.j.repository.query.NamedQuery - Did not find named query Transaction.sumTransactionAmountByCustomerAndTimeRange.count
2026-09-19 13:02:59 [restartedMain] DEBUG o.s.d.j.repository.query.NamedQuery - Did not find named query Transaction.countTransactionsByAccountAndTimeRange.count
2026-09-19 13:02:59 [restartedMain] DEBUG o.s.d.j.repository.query.NamedQuery - Did not find named query Transaction.findTransactionsByAmountAndTimeRange.count
2026-09-19 13:02:59 [restartedMain] DEBUG o.s.d.j.repository.query.NamedQuery - Did not find named query Transaction.findByAccountId.count
2026-09-19 13:02:59 [restartedMain] DEBUG o.s.d.j.repository.query.NamedQuery - Did not find named query Transaction.findByCountryCodeAndStatusAndTransactionDatetimeBetween.count
2026-09-19 13:02:59 [restartedMain] DEBUG o.s.d.j.repository.query.NamedQuery - Did not find named query Transaction.findByCountryCode.count
2026-09-19 13:02:59 [restartedMain] DEBUG o.s.d.j.repository.query.NamedQuery - Did not find named query Transaction.findHighRiskTransactionsByChannel.count
2026-09-19 13:02:59 [restartedMain] DEBUG o.s.d.j.repository.query.NamedQuery - Did not find named query Transaction.findTransactionsByTypeAndTimeRange.count
2026-09-19 13:02:59 [restartedMain] DEBUG o.s.d.j.repository.query.NamedQuery - Looking up named query 'HighRiskJurisdiction.existsByCountryCodeAndActive'
2026-09-19 13:02:59 [restartedMain] DEBUG o.s.d.j.repository.query.NamedQuery - Did not find named query HighRiskJurisdiction.existsByCountryCodeAndActive
2026-09-19 13:02:59 [restartedMain] DEBUG o.s.d.j.repository.query.NamedQuery - Did not find named query Account.findByCustomerId.count
2026-09-19 13:02:59 [restartedMain] DEBUG o.s.d.j.repository.query.NamedQuery - Did not find named query Account.findByStatus.count
2026-09-19 13:02:59 [restartedMain] DEBUG o.s.d.j.repository.query.NamedQuery - Did not find named query Account.findByCustomerIdAndStatus.count
2026-09-19 13:02:59 [restartedMain] DEBUG o.s.d.j.repository.query.NamedQuery - Did not find named query Account.findAccountsOpenedBetween.count
2026-09-19 13:02:59 [restartedMain] DEBUG o.s.d.j.repository.query.NamedQuery - Did not find named query Account.findActiveJointAccounts.count
2026-09-19 13:02:59 [restartedMain] DEBUG o.s.d.j.repository.query.NamedQuery - Did not find named query Account.findByAccountNumber.count
2026-09-19 13:02:59 [restartedMain] DEBUG o.s.d.j.repository.query.NamedQuery - Did not find named query Account.findActiveAccountsByCustomerAndCurrency.count
2026-09-19 13:02:59 [restartedMain] DEBUG o.s.d.j.repository.query.NamedQuery - Did not find named query Account.findByIsActiveTrueAndCurrency.count
2026-09-19 13:02:59 [restartedMain] DEBUG o.s.d.j.repository.query.NamedQuery - Did not find named query Account.findActiveAccountsWithMinBalance.count
2026-09-19 13:02:59 [restartedMain] DEBUG o.s.d.j.repository.query.NamedQuery - Did not find named query Account.findActiveAccountsByCustomerId.count
2026-09-19 13:02:59 [restartedMain] DEBUG o.s.w.s.m.m.a.RequestMappingHandlerMapping - 7 mappings in 'requestMappingHandlerMapping'
2026-09-19 13:02:59 [restartedMain] DEBUG o.s.w.s.h.SimpleUrlHandlerMapping - Patterns [/webjars/**, /**, /swagger-ui*/*swagger-initializer.js, /swagger-ui*/**] in 'resourceHandlerMapping'
2026-09-19 13:02:59 [restartedMain] DEBUG o.s.w.s.m.m.a.RequestMappingHandlerAdapter - ControllerAdvice beans: 0 @ModelAttribute, 0 @InitBinder, 2 RequestBodyAdvice, 1 ResponseBodyAdvice
2026-09-19 13:02:59 [restartedMain] DEBUG o.s.w.s.m.m.a.ExceptionHandlerExceptionResolver - ControllerAdvice beans: 1 @ExceptionHandler, 1 ResponseBodyAdvice
2026-09-19 13:02:59 [restartedMain] DEBUG o.s.d.j.repository.query.NamedQuery - Did not find named query Alert.findByRuleCode.count
2026-09-19 13:02:59 [restartedMain] DEBUG o.s.d.j.repository.query.NamedQuery - Did not find named query Alert.findByCustomerId.count
2026-09-19 13:02:59 [restartedMain] DEBUG o.s.d.j.repository.query.NamedQuery - Did not find named query Alert.findByTransactionId.count
2026-09-19 13:02:59 [restartedMain] DEBUG o.s.d.j.repository.query.NamedQuery - Did not find named query Alert.findOpenAlertsByCustomerId.count
2026-09-19 13:02:59 [restartedMain] DEBUG o.s.d.j.repository.query.NamedQuery - Did not find named query Alert.findAlertsByDateRange.count
2026-09-19 13:02:59 [restartedMain] DEBUG o.s.d.j.repository.query.NamedQuery - Did not find named query Alert.findByAlertStatusAndCreatedByOrderByTriggeredAtDesc.count
2026-09-19 13:02:59 [restartedMain] DEBUG o.s.d.j.repository.query.NamedQuery - Did not find named query Alert.findOpenAlertsByRuleCodeAndCustomer.count
2026-09-19 13:02:59 [restartedMain] DEBUG o.s.d.j.repository.query.NamedQuery - Did not find named query Alert.countOpenAlertsByCustomerId.count
2026-09-19 13:02:59 [restartedMain] DEBUG o.s.d.j.repository.query.NamedQuery - Did not find named query Alert.findAlertsByRiskScoreAndTimeRange.count
2026-09-19 13:02:59 [restartedMain] DEBUG o.s.d.j.repository.query.NamedQuery - Did not find named query Alert.findOpenAlertsSortedByRiskScore.count
2026-09-19 13:02:59 [restartedMain] DEBUG o.s.d.j.repository.query.NamedQuery - Did not find named query Alert.countOpenAlerts.count
2026-09-19 13:02:59 [restartedMain] DEBUG o.s.d.j.repository.query.NamedQuery - Did not find named query Alert.findCriticalAlerts.count
2026-09-19 13:02:59 [restartedMain] DEBUG o.s.d.j.repository.query.NamedQuery - Did not find named query Alert.findByAlertStatus.count
2026-09-19 13:02:59 [restartedMain] DEBUG o.s.d.j.repository.query.NamedQuery - Did not find named query Alert.findByAccountId.count
2026-09-19 13:02:59 [restartedMain] DEBUG o.s.d.j.repository.query.NamedQuery - Did not find named query Customer.findVerifiedCustomers.count
2026-09-19 13:02:59 [restartedMain] DEBUG o.s.d.j.repository.query.NamedQuery - Did not find named query Customer.findHighRiskCustomers.count
2026-09-19 13:02:59 [restartedMain] DEBUG o.s.d.j.repository.query.NamedQuery - Did not find named query Customer.findByIsActiveTrueAndNumComplaintsGreaterThan.count
2026-09-19 13:02:59 [restartedMain] DEBUG o.s.d.j.repository.query.NamedQuery - Did not find named query Customer.findByPoliticallyExposedTrue.count
2026-09-19 13:02:59 [restartedMain] DEBUG o.s.d.j.repository.query.NamedQuery - Did not find named query Customer.findActiveCustomersByCountry.count
2026-09-19 13:02:59 [restartedMain] DEBUG o.s.d.j.repository.query.NamedQuery - Did not find named query Customer.findByEmail.count
2026-09-19 13:02:59 [restartedMain] DEBUG o.s.d.j.repository.query.NamedQuery - Did not find named query Customer.findByPhone.count
2026-09-19 13:02:59 [restartedMain] DEBUG o.s.d.j.repository.query.NamedQuery - Did not find named query Customer.findByRiskRating.count
2026-09-19 13:02:59 [restartedMain] DEBUG o.s.d.j.repository.query.NamedQuery - Did not find named query Customer.findByKycStatus.count
2026-09-19 13:02:59 [restartedMain] DEBUG o.s.d.j.repository.query.NamedQuery - Did not find named query Customer.findExposedHighRiskCustomers.count
2026-09-19 13:03:00 [restartedMain] DEBUG o.s.d.j.repository.query.NamedQuery - Did not find named query AmlCase.countOpenCasesByCustomerId.count
2026-09-19 13:03:00 [restartedMain] DEBUG o.s.d.j.repository.query.NamedQuery - Did not find named query AmlCase.findHighSeverityCases.count
2026-09-19 13:03:00 [restartedMain] DEBUG o.s.d.j.repository.query.NamedQuery - Did not find named query AmlCase.findUnassignedOpenCases.count
2026-09-19 13:03:00 [restartedMain] DEBUG o.s.d.j.repository.query.NamedQuery - Did not find named query AmlCase.findClosedCasesByDateRange.count
2026-09-19 13:03:00 [restartedMain] DEBUG o.s.d.j.repository.query.NamedQuery - Did not find named query AmlCase.findOpenCasesByCustomerId.count
2026-09-19 13:03:00 [restartedMain] DEBUG o.s.d.j.repository.query.NamedQuery - Did not find named query AmlCase.findByCustomerId.count
2026-09-19 13:03:00 [restartedMain] DEBUG o.s.d.j.repository.query.NamedQuery - Did not find named query AmlCase.findByOpenedAtBetweenOrderByOpenedAtDesc.count
2026-09-19 13:03:00 [restartedMain] DEBUG o.s.d.j.repository.query.NamedQuery - Did not find named query AmlCase.findOpenCasesSortedBySeverity.count
2026-09-19 13:03:00 [restartedMain] DEBUG o.s.d.j.repository.query.NamedQuery - Did not find named query AmlCase.countOpenCasesAssignedToAnalyst.count
2026-09-19 13:03:00 [restartedMain] DEBUG o.s.d.j.repository.query.NamedQuery - Did not find named query AmlCase.findOpenCasesAssignedToAnalyst.count
2026-09-19 13:03:00 [restartedMain] DEBUG o.s.d.j.repository.query.NamedQuery - Did not find named query AmlCase.findByCaseStatus.count
2026-09-19 13:03:00 [restartedMain] DEBUG o.s.d.j.repository.query.NamedQuery - Did not find named query AmlCase.findBySeverity.count
2026-09-19 13:03:00 [restartedMain] DEBUG o.s.d.j.repository.query.NamedQuery - Did not find named query AmlCase.findByAssignedTo.count
2026-09-19 13:03:00 [restartedMain] DEBUG o.s.d.j.repository.query.NamedQuery - Did not find named query AmlCase.countOpenCases.count
2026-09-19 13:03:00 [restartedMain] INFO  o.s.boot.tomcat.TomcatWebServer - Tomcat started on port 8082 (http) with context path '/sentinel'
2026-09-19 13:03:00 [restartedMain] INFO  c.s.SentinelFlowApplication - Started SentinelFlowApplication in 6.49 seconds (process running for 7.192)
2026-09-19 13:21:46 [RMI TCP Connection(28)-127.0.0.1] INFO  o.s.b.a.SpringApplicationAdminMXBeanRegistrar$SpringApplicationAdmin - Application shutdown requested.
2026-09-19 13:21:46 [RMI TCP Connection(28)-127.0.0.1] INFO  o.s.boot.tomcat.GracefulShutdown - Commencing graceful shutdown. Waiting for active requests to complete
2026-09-19 13:21:46 [tomcat-shutdown] INFO  o.s.boot.tomcat.GracefulShutdown - Graceful shutdown complete
2026-09-19 13:21:46 [RMI TCP Connection(28)-127.0.0.1] INFO  o.s.o.j.LocalContainerEntityManagerFactoryBean - Closing JPA EntityManagerFactory for persistence unit 'default'
2026-09-19 13:21:46 [RMI TCP Connection(28)-127.0.0.1] INFO  com.zaxxer.hikari.HikariDataSource - HikariPool-1 - Shutdown initiated...
2026-09-19 13:21:46 [RMI TCP Connection(28)-127.0.0.1] INFO  com.zaxxer.hikari.HikariDataSource - HikariPool-1 - Shutdown completed.
2026-09-19 13:23:43 [restartedMain] INFO  c.s.SentinelFlowApplication - Starting SentinelFlowApplication using Java 22 with PID 18356 (D:\Java\SentinelFlow\target\classes started by hp in D:\Java\SentinelFlow)
2026-09-19 13:23:43 [restartedMain] DEBUG c.s.SentinelFlowApplication - Running with Spring Boot v4.1.1, Spring v7.0.9
2026-09-19 13:23:43 [restartedMain] INFO  c.s.SentinelFlowApplication - No active profile set, falling back to 1 default profile: "default"
2026-09-19 13:23:43 [restartedMain] INFO  o.s.b.d.e.DevToolsPropertyDefaultsPostProcessor - Devtools property defaults active! Set 'spring.devtools.add-properties' to 'false' to disable
2026-09-19 13:23:43 [restartedMain] INFO  o.s.b.d.e.DevToolsPropertyDefaultsPostProcessor - For additional web related logging consider setting the 'logging.level.web' property to 'DEBUG'
2026-09-19 13:23:44 [restartedMain] INFO  o.s.d.r.c.RepositoryConfigurationDelegate - Bootstrapping Spring Data JPA repositories in DEFAULT mode.
2026-09-19 13:23:44 [restartedMain] INFO  o.s.d.r.c.RepositoryConfigurationDelegate - Finished Spring Data repository scanning in 63 ms. Found 7 JPA repository interfaces.
2026-09-19 13:23:45 [restartedMain] INFO  o.s.boot.tomcat.TomcatWebServer - Tomcat initialized with port 8082 (http)
2026-09-19 13:23:45 [restartedMain] INFO  o.a.catalina.core.StandardService - Starting service [Tomcat]
2026-09-19 13:23:45 [restartedMain] INFO  o.a.catalina.core.StandardEngine - Starting Servlet engine: [Apache Tomcat/11.0.24]
2026-09-19 13:23:45 [restartedMain] INFO  o.s.b.w.c.s.WebApplicationContextInitializer - Root WebApplicationContext: initialization completed in 1511 ms
2026-09-19 13:23:45 [restartedMain] INFO  org.hibernate.orm.jpa - HHH008540: Processing PersistenceUnitInfo [name: default]
2026-09-19 13:23:45 [restartedMain] INFO  org.hibernate.orm.core - HHH000001: Hibernate ORM core version 7.4.5.Final
2026-09-19 13:23:45 [restartedMain] INFO  o.s.o.j.p.SpringPersistenceUnitInfo - No LoadTimeWeaver setup: ignoring JPA class transformer
2026-09-19 13:23:45 [restartedMain] INFO  com.zaxxer.hikari.HikariDataSource - HikariPool-1 - Starting...
2026-09-19 13:23:46 [restartedMain] INFO  com.zaxxer.hikari.pool.HikariPool - HikariPool-1 - Added connection org.postgresql.jdbc.PgConnection@685ee632
2026-09-19 13:23:46 [restartedMain] INFO  com.zaxxer.hikari.HikariDataSource - HikariPool-1 - Start completed.
2026-09-19 13:23:46 [restartedMain] INFO  o.hibernate.orm.connections.pooling - HHH10001005: Database info:
	Database JDBC URL [jdbc:postgresql://localhost:5433/AzentioHackthon]
	Database driver: PostgreSQL JDBC Driver
	Database dialect: PostgreSQLDialect
	Database version: 18.6
	Default catalog/schema: AzentioHackthon/public
	Autocommit mode: undefined/unknown
	Isolation level: READ_COMMITTED [default READ_COMMITTED]
	JDBC fetch size: none
	Pool: DataSourceConnectionProvider
	Minimum pool size: undefined/unknown
	Maximum pool size: undefined/unknown
2026-09-19 13:23:47 [restartedMain] INFO  org.hibernate.orm.core - HHH000489: No JTA platform available (set 'hibernate.transaction.jta.platform' to enable JTA platform integration)
2026-09-19 13:23:47 [restartedMain] INFO  org.hibernate.orm.jdbc.batch - HHH100501: Automatic JDBC statement batching enabled (maximum batch size 20)
2026-09-19 13:23:47 [restartedMain] INFO  o.s.o.j.LocalContainerEntityManagerFactoryBean - Initialized JPA EntityManagerFactory for persistence unit 'default'
2026-09-19 13:23:47 [restartedMain] DEBUG o.s.d.j.r.c.JpaMetamodelMappingContextFactoryBean - Initializing JpaMetamodelMappingContext…
2026-09-19 13:23:47 [restartedMain] DEBUG o.s.d.j.r.c.JpaMetamodelMappingContextFactoryBean - Finished initializing JpaMetamodelMappingContext
2026-09-19 13:23:47 [restartedMain] INFO  o.s.d.j.r.q.QueryEnhancerFactories - Hibernate is in classpath; If applicable, HQL parser will be used.
2026-09-19 13:23:47 [restartedMain] DEBUG o.s.d.j.repository.query.NamedQuery - Looking up named query 'RuleConfig.findByRuleCode'
2026-09-19 13:23:47 [restartedMain] DEBUG o.s.d.j.repository.query.NamedQuery - Did not find named query RuleConfig.findByRuleCode
2026-09-19 13:23:47 [restartedMain] DEBUG o.s.d.j.repository.query.NamedQuery - Did not find named query Transaction.calculateAccountTransactionTotalFor90Days.count
2026-09-19 13:23:48 [restartedMain] DEBUG o.s.d.j.repository.query.NamedQuery - Did not find named query Transaction.findTransactionsByAccountAndTimeRange.count
2026-09-19 13:23:48 [restartedMain] DEBUG o.s.d.j.repository.query.NamedQuery - Did not find named query Transaction.calculateAccountTransactionTotal.count
2026-09-19 13:23:48 [restartedMain] DEBUG o.s.d.j.repository.query.NamedQuery - Did not find named query Transaction.findHighValueTransactionsByAccountAndTimeRange.count
2026-09-19 13:23:48 [restartedMain] DEBUG o.s.d.j.repository.query.NamedQuery - Did not find named query Transaction.findTransactionsByAmountAndTimeRange.count
2026-09-19 13:23:48 [restartedMain] DEBUG o.s.d.j.repository.query.NamedQuery - Did not find named query Transaction.sumTransactionAmountByAccountAndTimeRange.count
2026-09-19 13:23:48 [restartedMain] DEBUG o.s.d.j.repository.query.NamedQuery - Did not find named query Transaction.sumTransactionAmountByCustomerAndTimeRange.count
2026-09-19 13:23:48 [restartedMain] DEBUG o.s.d.j.repository.query.NamedQuery - Did not find named query Transaction.countTransactionsByAccountAndTimeRange.count
2026-09-19 13:23:48 [restartedMain] DEBUG o.s.d.j.repository.query.NamedQuery - Did not find named query Transaction.findByAccountId.count
2026-09-19 13:23:48 [restartedMain] DEBUG o.s.d.j.repository.query.NamedQuery - Did not find named query Transaction.findByCountryCodeAndStatusAndTransactionDatetimeBetween.count
2026-09-19 13:23:48 [restartedMain] DEBUG o.s.d.j.repository.query.NamedQuery - Did not find named query Transaction.findByIsHighRiskTrue.count
2026-09-19 13:23:48 [restartedMain] DEBUG o.s.d.j.repository.query.NamedQuery - Did not find named query Transaction.findByAccountIdAndStatus.count
2026-09-19 13:23:48 [restartedMain] DEBUG o.s.d.j.repository.query.NamedQuery - Did not find named query Transaction.findHighRiskTransactionsByChannel.count
2026-09-19 13:23:48 [restartedMain] DEBUG o.s.d.j.repository.query.NamedQuery - Did not find named query Transaction.findTransactionsByTypeAndTimeRange.count
2026-09-19 13:23:48 [restartedMain] DEBUG o.s.d.j.repository.query.NamedQuery - Did not find named query Transaction.findByCountryCode.count
2026-09-19 13:23:48 [restartedMain] DEBUG o.s.d.j.repository.query.NamedQuery - Looking up named query 'HighRiskJurisdiction.existsByCountryCodeAndActive'
2026-09-19 13:23:48 [restartedMain] DEBUG o.s.d.j.repository.query.NamedQuery - Did not find named query HighRiskJurisdiction.existsByCountryCodeAndActive
2026-09-19 13:23:48 [restartedMain] DEBUG o.s.d.j.repository.query.NamedQuery - Did not find named query Account.findActiveAccountsByCustomerAndCurrency.count
2026-09-19 13:23:48 [restartedMain] DEBUG o.s.d.j.repository.query.NamedQuery - Did not find named query Account.findByStatus.count
2026-09-19 13:23:48 [restartedMain] DEBUG o.s.d.j.repository.query.NamedQuery - Did not find named query Account.findByCustomerId.count
2026-09-19 13:23:48 [restartedMain] DEBUG o.s.d.j.repository.query.NamedQuery - Did not find named query Account.findByCustomerIdAndStatus.count
2026-09-19 13:23:48 [restartedMain] DEBUG o.s.d.j.repository.query.NamedQuery - Did not find named query Account.findAccountsOpenedBetween.count
2026-09-19 13:23:48 [restartedMain] DEBUG o.s.d.j.repository.query.NamedQuery - Did not find named query Account.findByAccountNumber.count
2026-09-19 13:23:48 [restartedMain] DEBUG o.s.d.j.repository.query.NamedQuery - Did not find named query Account.findActiveJointAccounts.count
2026-09-19 13:23:48 [restartedMain] DEBUG o.s.d.j.repository.query.NamedQuery - Did not find named query Account.findActiveAccountsByCustomerId.count
2026-09-19 13:23:48 [restartedMain] DEBUG o.s.d.j.repository.query.NamedQuery - Did not find named query Account.findActiveAccountsWithMinBalance.count
2026-09-19 13:23:48 [restartedMain] DEBUG o.s.d.j.repository.query.NamedQuery - Did not find named query Account.findByIsActiveTrueAndCurrency.count
2026-09-19 13:23:48 [restartedMain] DEBUG o.s.d.j.repository.query.NamedQuery - Did not find named query Alert.findByRuleCode.count
2026-09-19 13:23:48 [restartedMain] DEBUG o.s.d.j.repository.query.NamedQuery - Did not find named query Alert.findOpenAlertsByRuleCodeAndCustomer.count
2026-09-19 13:23:48 [restartedMain] DEBUG o.s.d.j.repository.query.NamedQuery - Did not find named query Alert.findCriticalAlerts.count
2026-09-19 13:23:48 [restartedMain] DEBUG o.s.d.j.repository.query.NamedQuery - Did not find named query Alert.countOpenAlerts.count
2026-09-19 13:23:48 [restartedMain] DEBUG o.s.d.j.repository.query.NamedQuery - Did not find named query Alert.findByAccountId.count
2026-09-19 13:23:48 [restartedMain] DEBUG o.s.d.j.repository.query.NamedQuery - Did not find named query Alert.findByAlertStatus.count
2026-09-19 13:23:48 [restartedMain] DEBUG o.s.d.j.repository.query.NamedQuery - Did not find named query Alert.findByCustomerId.count
2026-09-19 13:23:48 [restartedMain] DEBUG o.s.d.j.repository.query.NamedQuery - Did not find named query Alert.findByAlertStatusAndCreatedByOrderByTriggeredAtDesc.count
2026-09-19 13:23:48 [restartedMain] DEBUG o.s.d.j.repository.query.NamedQuery - Did not find named query Alert.findOpenAlertsByCustomerId.count
2026-09-19 13:23:48 [restartedMain] DEBUG o.s.d.j.repository.query.NamedQuery - Did not find named query Alert.findAlertsByDateRange.count
2026-09-19 13:23:48 [restartedMain] DEBUG o.s.d.j.repository.query.NamedQuery - Did not find named query Alert.findByTransactionId.count
2026-09-19 13:23:48 [restartedMain] DEBUG o.s.d.j.repository.query.NamedQuery - Did not find named query Alert.findAlertsByRiskScoreAndTimeRange.count
2026-09-19 13:23:48 [restartedMain] DEBUG o.s.d.j.repository.query.NamedQuery - Did not find named query Alert.findOpenAlertsSortedByRiskScore.count
2026-09-19 13:23:48 [restartedMain] DEBUG o.s.d.j.repository.query.NamedQuery - Did not find named query Alert.countOpenAlertsByCustomerId.count
2026-09-19 13:23:49 [restartedMain] DEBUG o.s.w.s.m.m.a.RequestMappingHandlerMapping - 7 mappings in 'requestMappingHandlerMapping'
2026-09-19 13:23:49 [restartedMain] DEBUG o.s.w.s.h.SimpleUrlHandlerMapping - Patterns [/webjars/**, /**, /swagger-ui*/*swagger-initializer.js, /swagger-ui*/**] in 'resourceHandlerMapping'
2026-09-19 13:23:49 [restartedMain] DEBUG o.s.w.s.m.m.a.RequestMappingHandlerAdapter - ControllerAdvice beans: 0 @ModelAttribute, 0 @InitBinder, 2 RequestBodyAdvice, 1 ResponseBodyAdvice
2026-09-19 13:23:49 [restartedMain] DEBUG o.s.w.s.m.m.a.ExceptionHandlerExceptionResolver - ControllerAdvice beans: 1 @ExceptionHandler, 1 ResponseBodyAdvice
2026-09-19 13:23:49 [restartedMain] DEBUG o.s.d.j.repository.query.NamedQuery - Did not find named query Customer.findByIsActiveTrueAndNumComplaintsGreaterThan.count
2026-09-19 13:23:49 [restartedMain] DEBUG o.s.d.j.repository.query.NamedQuery - Did not find named query Customer.findHighRiskCustomers.count
2026-09-19 13:23:49 [restartedMain] DEBUG o.s.d.j.repository.query.NamedQuery - Did not find named query Customer.findVerifiedCustomers.count
2026-09-19 13:23:49 [restartedMain] DEBUG o.s.d.j.repository.query.NamedQuery - Did not find named query Customer.findActiveCustomersByCountry.count
2026-09-19 13:23:49 [restartedMain] DEBUG o.s.d.j.repository.query.NamedQuery - Did not find named query Customer.findByPoliticallyExposedTrue.count
2026-09-19 13:23:49 [restartedMain] DEBUG o.s.d.j.repository.query.NamedQuery - Did not find named query Customer.findExposedHighRiskCustomers.count
2026-09-19 13:23:49 [restartedMain] DEBUG o.s.d.j.repository.query.NamedQuery - Did not find named query Customer.findByPhone.count
2026-09-19 13:23:49 [restartedMain] DEBUG o.s.d.j.repository.query.NamedQuery - Did not find named query Customer.findByKycStatus.count
2026-09-19 13:23:49 [restartedMain] DEBUG o.s.d.j.repository.query.NamedQuery - Did not find named query Customer.findByRiskRating.count
2026-09-19 13:23:49 [restartedMain] DEBUG o.s.d.j.repository.query.NamedQuery - Did not find named query Customer.findByEmail.count
2026-09-19 13:23:49 [restartedMain] DEBUG o.s.d.j.repository.query.NamedQuery - Did not find named query AmlCase.findByOpenedAtBetweenOrderByOpenedAtDesc.count
2026-09-19 13:23:49 [restartedMain] DEBUG o.s.d.j.repository.query.NamedQuery - Did not find named query AmlCase.findByCustomerId.count
2026-09-19 13:23:49 [restartedMain] DEBUG o.s.d.j.repository.query.NamedQuery - Did not find named query AmlCase.findOpenCasesByCustomerId.count
2026-09-19 13:23:49 [restartedMain] DEBUG o.s.d.j.repository.query.NamedQuery - Did not find named query AmlCase.countOpenCasesByCustomerId.count
2026-09-19 13:23:49 [restartedMain] DEBUG o.s.d.j.repository.query.NamedQuery - Did not find named query AmlCase.findClosedCasesByDateRange.count
2026-09-19 13:23:49 [restartedMain] DEBUG o.s.d.j.repository.query.NamedQuery - Did not find named query AmlCase.findUnassignedOpenCases.count
2026-09-19 13:23:49 [restartedMain] DEBUG o.s.d.j.repository.query.NamedQuery - Did not find named query AmlCase.findHighSeverityCases.count
2026-09-19 13:23:49 [restartedMain] DEBUG o.s.d.j.repository.query.NamedQuery - Did not find named query AmlCase.findOpenCasesSortedBySeverity.count
2026-09-19 13:23:49 [restartedMain] DEBUG o.s.d.j.repository.query.NamedQuery - Did not find named query AmlCase.findOpenCasesAssignedToAnalyst.count
2026-09-19 13:23:49 [restartedMain] DEBUG o.s.d.j.repository.query.NamedQuery - Did not find named query AmlCase.countOpenCasesAssignedToAnalyst.count
2026-09-19 13:23:49 [restartedMain] DEBUG o.s.d.j.repository.query.NamedQuery - Did not find named query AmlCase.countOpenCases.count
2026-09-19 13:23:49 [restartedMain] DEBUG o.s.d.j.repository.query.NamedQuery - Did not find named query AmlCase.findByAssignedTo.count
2026-09-19 13:23:49 [restartedMain] DEBUG o.s.d.j.repository.query.NamedQuery - Did not find named query AmlCase.findByCaseStatus.count
2026-09-19 13:23:49 [restartedMain] DEBUG o.s.d.j.repository.query.NamedQuery - Did not find named query AmlCase.findBySeverity.count
2026-09-19 13:23:49 [restartedMain] INFO  o.s.boot.tomcat.TomcatWebServer - Tomcat started on port 8082 (http) with context path '/sentinel'
2026-09-19 13:23:49 [restartedMain] INFO  c.s.SentinelFlowApplication - Started SentinelFlowApplication in 6.513 seconds (process running for 7.419)
2026-09-19 13:24:50 [http-nio-8082-exec-2] INFO  o.a.c.c.C.[.[localhost].[/sentinel] - Initializing Spring DispatcherServlet 'dispatcherServlet'
2026-09-19 13:24:50 [http-nio-8082-exec-2] INFO  o.s.web.servlet.DispatcherServlet - Initializing Servlet 'dispatcherServlet'
2026-09-19 13:24:50 [http-nio-8082-exec-2] DEBUG o.s.web.servlet.DispatcherServlet - Detected StandardServletMultipartResolver
2026-09-19 13:24:50 [http-nio-8082-exec-2] DEBUG o.s.web.servlet.DispatcherServlet - Detected AcceptHeaderLocaleResolver
2026-09-19 13:24:50 [http-nio-8082-exec-2] DEBUG o.s.web.servlet.DispatcherServlet - Detected org.springframework.web.servlet.view.DefaultRequestToViewNameTranslator@2e64cdc2
2026-09-19 13:24:50 [http-nio-8082-exec-2] DEBUG o.s.web.servlet.DispatcherServlet - Detected org.springframework.web.servlet.support.SessionFlashMapManager@52e76486
2026-09-19 13:24:50 [http-nio-8082-exec-2] DEBUG o.s.web.servlet.DispatcherServlet - enableLoggingRequestDetails='false': request parameters and headers will be masked to prevent unsafe logging of potentially sensitive data
2026-09-19 13:24:50 [http-nio-8082-exec-2] INFO  o.s.web.servlet.DispatcherServlet - Completed initialization in 0 ms
2026-09-19 13:24:50 [http-nio-8082-exec-2] DEBUG o.s.web.servlet.DispatcherServlet - POST "/sentinel/api/v1/transactions", parameters={}
2026-09-19 13:24:50 [http-nio-8082-exec-2] DEBUG o.s.w.s.m.m.a.RequestMappingHandlerMapping - Mapped to com.sentinelflow.controller.TransactionController#createTransaction(TransactionRequest)
2026-09-19 13:24:51 [http-nio-8082-exec-2] DEBUG o.s.w.s.m.m.a.RequestResponseBodyMethodProcessor - Read "application/json;charset=UTF-8" to [com.sentinelflow.dto.TransactionRequest@2812b5b5]
2026-09-19 13:24:51 [http-nio-8082-exec-2] DEBUG o.s.d.j.r.query.PartTreeJpaQuery - QueryPreparer: Derived query for query method [public abstract java.util.Optional com.sentinelflow.repositories.RuleConfigRepository.findByRuleCode(java.lang.String)]: 'SELECT r FROM RuleConfig r WHERE r.ruleCode = :ruleCode'
2026-09-19 13:24:51 [http-nio-8082-exec-2] DEBUG o.s.d.j.r.query.PartTreeJpaQuery - QueryPreparer: Derived query for query method [public abstract java.util.Optional com.sentinelflow.repositories.RuleConfigRepository.findByRuleCode(java.lang.String)]: 'SELECT r FROM RuleConfig r WHERE r.ruleCode = :ruleCode'
2026-09-19 13:24:51 [http-nio-8082-exec-2] DEBUG o.s.d.j.r.query.PartTreeJpaQuery - QueryPreparer: Derived query for query method [public abstract boolean com.sentinelflow.repositories.HighRiskJurisdictionRepository.existsByCountryCodeAndActive(java.lang.String,boolean)]: 'SELECT h.id FROM HighRiskJurisdiction h WHERE h.countryCode = :countryCode AND h.active = :active'
2026-09-19 13:24:51 [http-nio-8082-exec-2] DEBUG o.s.d.j.r.query.PartTreeJpaQuery - QueryPreparer: Derived query for query method [public abstract java.util.Optional com.sentinelflow.repositories.RuleConfigRepository.findByRuleCode(java.lang.String)]: 'SELECT r FROM RuleConfig r WHERE r.ruleCode = :ruleCode'
2026-09-19 13:24:51 [http-nio-8082-exec-2] DEBUG o.s.d.j.r.query.PartTreeJpaQuery - QueryPreparer: Derived query for query method [public abstract java.util.Optional com.sentinelflow.repositories.RuleConfigRepository.findByRuleCode(java.lang.String)]: 'SELECT r FROM RuleConfig r WHERE r.ruleCode = :ruleCode'
2026-09-19 13:24:51 [http-nio-8082-exec-2] DEBUG o.s.d.j.r.query.PartTreeJpaQuery - QueryPreparer: Derived query for query method [public abstract java.util.Optional com.sentinelflow.repositories.RuleConfigRepository.findByRuleCode(java.lang.String)]: 'SELECT r FROM RuleConfig r WHERE r.ruleCode = :ruleCode'
2026-09-19 13:24:51 [http-nio-8082-exec-2] DEBUG o.s.d.j.r.query.PartTreeJpaQuery - QueryPreparer: Derived query for query method [public abstract java.util.Optional com.sentinelflow.repositories.RuleConfigRepository.findByRuleCode(java.lang.String)]: 'SELECT r FROM RuleConfig r WHERE r.ruleCode = :ruleCode'
2026-09-19 13:24:51 [http-nio-8082-exec-2] DEBUG o.s.w.s.m.m.a.HttpEntityMethodProcessor - Using 'application/json', given [*/*] and supported [application/json, application/*+json, application/yaml]
2026-09-19 13:24:51 [http-nio-8082-exec-2] DEBUG o.s.w.s.m.m.a.HttpEntityMethodProcessor - Writing [com.sentinelflow.models.Transaction@3b1ed4cb]
2026-09-19 13:24:51 [http-nio-8082-exec-2] WARN  o.s.w.s.m.s.DefaultHandlerExceptionResolver - Resolved [org.springframework.http.converter.HttpMessageNotWritableException: Could not write JSON: Could not initialize proxy [com.sentinelflow.models.Customer#1] - no session]
2026-09-19 13:24:51 [http-nio-8082-exec-2] DEBUG o.s.web.servlet.DispatcherServlet - Completed 500 INTERNAL_SERVER_ERROR
2026-09-19 13:24:51 [http-nio-8082-exec-2] DEBUG o.s.web.servlet.DispatcherServlet - "ERROR" dispatch for GET "/sentinel/error", parameters={}
2026-09-19 13:24:51 [http-nio-8082-exec-2] DEBUG o.s.w.s.m.m.a.RequestMappingHandlerMapping - Mapped to org.springframework.boot.webmvc.autoconfigure.error.BasicErrorController#error(HttpServletRequest)
2026-09-19 13:24:51 [http-nio-8082-exec-2] DEBUG o.s.w.s.m.m.a.HttpEntityMethodProcessor - Using 'application/json', given [*/*] and supported [application/json, application/*+json, application/yaml]
2026-09-19 13:24:51 [http-nio-8082-exec-2] DEBUG o.s.w.s.m.m.a.HttpEntityMethodProcessor - Writing [{timestamp=Sat Sep 19 13:24:51 IST 2026, status=500, error=Internal Server Error, trace=org.springfr (truncated)...]
2026-09-19 13:24:51 [http-nio-8082-exec-2] DEBUG o.s.web.servlet.DispatcherServlet - Exiting from "ERROR" dispatch, status 500
2026-09-19 13:27:16 [RMI TCP Connection(14)-127.0.0.1] INFO  o.s.b.a.SpringApplicationAdminMXBeanRegistrar$SpringApplicationAdmin - Application shutdown requested.
2026-09-19 13:27:16 [RMI TCP Connection(14)-127.0.0.1] INFO  o.s.boot.tomcat.GracefulShutdown - Commencing graceful shutdown. Waiting for active requests to complete
2026-09-19 13:27:16 [tomcat-shutdown] INFO  o.s.boot.tomcat.GracefulShutdown - Graceful shutdown complete
2026-09-19 13:27:17 [RMI TCP Connection(14)-127.0.0.1] INFO  o.s.o.j.LocalContainerEntityManagerFactoryBean - Closing JPA EntityManagerFactory for persistence unit 'default'
2026-09-19 13:27:17 [RMI TCP Connection(14)-127.0.0.1] INFO  com.zaxxer.hikari.HikariDataSource - HikariPool-1 - Shutdown initiated...
2026-09-19 13:27:17 [RMI TCP Connection(14)-127.0.0.1] INFO  com.zaxxer.hikari.HikariDataSource - HikariPool-1 - Shutdown completed.
2026-09-19 13:27:19 [restartedMain] INFO  c.s.SentinelFlowApplication - Starting SentinelFlowApplication using Java 22 with PID 19492 (D:\Java\SentinelFlow\target\classes started by hp in D:\Java\SentinelFlow)
2026-09-19 13:27:19 [restartedMain] DEBUG c.s.SentinelFlowApplication - Running with Spring Boot v4.1.1, Spring v7.0.9
2026-09-19 13:27:19 [restartedMain] INFO  c.s.SentinelFlowApplication - No active profile set, falling back to 1 default profile: "default"
2026-09-19 13:27:19 [restartedMain] INFO  o.s.b.d.e.DevToolsPropertyDefaultsPostProcessor - Devtools property defaults active! Set 'spring.devtools.add-properties' to 'false' to disable
2026-09-19 13:27:19 [restartedMain] INFO  o.s.b.d.e.DevToolsPropertyDefaultsPostProcessor - For additional web related logging consider setting the 'logging.level.web' property to 'DEBUG'
2026-09-19 13:27:20 [restartedMain] INFO  o.s.d.r.c.RepositoryConfigurationDelegate - Bootstrapping Spring Data JPA repositories in DEFAULT mode.
2026-09-19 13:27:20 [restartedMain] INFO  o.s.d.r.c.RepositoryConfigurationDelegate - Finished Spring Data repository scanning in 46 ms. Found 7 JPA repository interfaces.
2026-09-19 13:27:20 [restartedMain] INFO  o.s.boot.tomcat.TomcatWebServer - Tomcat initialized with port 8082 (http)
2026-09-19 13:27:20 [restartedMain] INFO  o.a.catalina.core.StandardService - Starting service [Tomcat]
2026-09-19 13:27:20 [restartedMain] INFO  o.a.catalina.core.StandardEngine - Starting Servlet engine: [Apache Tomcat/11.0.24]
2026-09-19 13:27:20 [restartedMain] INFO  o.s.b.w.c.s.WebApplicationContextInitializer - Root WebApplicationContext: initialization completed in 1096 ms
2026-09-19 13:27:20 [restartedMain] INFO  org.hibernate.orm.jpa - HHH008540: Processing PersistenceUnitInfo [name: default]
2026-09-19 13:27:20 [restartedMain] INFO  org.hibernate.orm.core - HHH000001: Hibernate ORM core version 7.4.5.Final
2026-09-19 13:27:21 [restartedMain] INFO  o.s.o.j.p.SpringPersistenceUnitInfo - No LoadTimeWeaver setup: ignoring JPA class transformer
2026-09-19 13:27:21 [restartedMain] INFO  com.zaxxer.hikari.HikariDataSource - HikariPool-1 - Starting...
2026-09-19 13:27:21 [restartedMain] INFO  com.zaxxer.hikari.pool.HikariPool - HikariPool-1 - Added connection org.postgresql.jdbc.PgConnection@685ee632
2026-09-19 13:27:21 [restartedMain] INFO  com.zaxxer.hikari.HikariDataSource - HikariPool-1 - Start completed.
2026-09-19 13:27:21 [restartedMain] INFO  o.hibernate.orm.connections.pooling - HHH10001005: Database info:
	Database JDBC URL [jdbc:postgresql://localhost:5433/AzentioHackthon]
	Database driver: PostgreSQL JDBC Driver
	Database dialect: PostgreSQLDialect
	Database version: 18.6
	Default catalog/schema: AzentioHackthon/public
	Autocommit mode: undefined/unknown
	Isolation level: READ_COMMITTED [default READ_COMMITTED]
	JDBC fetch size: none
	Pool: DataSourceConnectionProvider
	Minimum pool size: undefined/unknown
	Maximum pool size: undefined/unknown
2026-09-19 13:27:22 [restartedMain] INFO  org.hibernate.orm.core - HHH000489: No JTA platform available (set 'hibernate.transaction.jta.platform' to enable JTA platform integration)
2026-09-19 13:27:22 [restartedMain] INFO  org.hibernate.orm.jdbc.batch - HHH100501: Automatic JDBC statement batching enabled (maximum batch size 20)
2026-09-19 13:27:22 [restartedMain] INFO  o.s.o.j.LocalContainerEntityManagerFactoryBean - Initialized JPA EntityManagerFactory for persistence unit 'default'
2026-09-19 13:27:22 [restartedMain] DEBUG o.s.d.j.r.c.JpaMetamodelMappingContextFactoryBean - Initializing JpaMetamodelMappingContext…
2026-09-19 13:27:22 [restartedMain] DEBUG o.s.d.j.r.c.JpaMetamodelMappingContextFactoryBean - Finished initializing JpaMetamodelMappingContext
2026-09-19 13:27:22 [restartedMain] INFO  o.s.d.j.r.q.QueryEnhancerFactories - Hibernate is in classpath; If applicable, HQL parser will be used.
2026-09-19 13:27:22 [restartedMain] DEBUG o.s.d.j.repository.query.NamedQuery - Looking up named query 'RuleConfig.findByRuleCode'
2026-09-19 13:27:22 [restartedMain] DEBUG o.s.d.j.repository.query.NamedQuery - Did not find named query RuleConfig.findByRuleCode
2026-09-19 13:27:22 [restartedMain] DEBUG o.s.d.j.repository.query.NamedQuery - Did not find named query Transaction.findByAccountId.count
2026-09-19 13:27:23 [restartedMain] DEBUG o.s.d.j.repository.query.NamedQuery - Did not find named query Transaction.calculateAccountTransactionTotalFor90Days.count
2026-09-19 13:27:23 [restartedMain] DEBUG o.s.d.j.repository.query.NamedQuery - Did not find named query Transaction.findTransactionsByAccountAndTimeRange.count
2026-09-19 13:27:23 [restartedMain] DEBUG o.s.d.j.repository.query.NamedQuery - Did not find named query Transaction.calculateAccountTransactionTotal.count
2026-09-19 13:27:23 [restartedMain] DEBUG o.s.d.j.repository.query.NamedQuery - Did not find named query Transaction.findHighRiskTransactionsByChannel.count
2026-09-19 13:27:23 [restartedMain] DEBUG o.s.d.j.repository.query.NamedQuery - Did not find named query Transaction.findTransactionsByTypeAndTimeRange.count
2026-09-19 13:27:23 [restartedMain] DEBUG o.s.d.j.repository.query.NamedQuery - Did not find named query Transaction.findHighValueTransactionsByAccountAndTimeRange.count
2026-09-19 13:27:23 [restartedMain] DEBUG o.s.d.j.repository.query.NamedQuery - Did not find named query Transaction.findByCountryCodeAndStatusAndTransactionDatetimeBetween.count
2026-09-19 13:27:23 [restartedMain] DEBUG o.s.d.j.repository.query.NamedQuery - Did not find named query Transaction.findByIsHighRiskTrue.count
2026-09-19 13:27:23 [restartedMain] DEBUG o.s.d.j.repository.query.NamedQuery - Did not find named query Transaction.findByAccountIdAndStatus.count
2026-09-19 13:27:23 [restartedMain] DEBUG o.s.d.j.repository.query.NamedQuery - Did not find named query Transaction.sumTransactionAmountByAccountAndTimeRange.count
2026-09-19 13:27:23 [restartedMain] DEBUG o.s.d.j.repository.query.NamedQuery - Did not find named query Transaction.countTransactionsByAccountAndTimeRange.count
2026-09-19 13:27:23 [restartedMain] DEBUG o.s.d.j.repository.query.NamedQuery - Did not find named query Transaction.findTransactionsByAmountAndTimeRange.count
2026-09-19 13:27:23 [restartedMain] DEBUG o.s.d.j.repository.query.NamedQuery - Did not find named query Transaction.sumTransactionAmountByCustomerAndTimeRange.count
2026-09-19 13:27:23 [restartedMain] DEBUG o.s.d.j.repository.query.NamedQuery - Did not find named query Transaction.findByCountryCode.count
2026-09-19 13:27:23 [restartedMain] DEBUG o.s.d.j.repository.query.NamedQuery - Looking up named query 'HighRiskJurisdiction.existsByCountryCodeAndActive'
2026-09-19 13:27:23 [restartedMain] DEBUG o.s.d.j.repository.query.NamedQuery - Did not find named query HighRiskJurisdiction.existsByCountryCodeAndActive
2026-09-19 13:27:23 [restartedMain] DEBUG o.s.d.j.repository.query.NamedQuery - Did not find named query Account.findByCustomerIdAndStatus.count
2026-09-19 13:27:23 [restartedMain] DEBUG o.s.d.j.repository.query.NamedQuery - Did not find named query Account.findByAccountNumber.count
2026-09-19 13:27:23 [restartedMain] DEBUG o.s.d.j.repository.query.NamedQuery - Did not find named query Account.findActiveJointAccounts.count
2026-09-19 13:27:23 [restartedMain] DEBUG o.s.d.j.repository.query.NamedQuery - Did not find named query Account.findAccountsOpenedBetween.count
2026-09-19 13:27:23 [restartedMain] DEBUG o.s.d.j.repository.query.NamedQuery - Did not find named query Account.findByStatus.count
2026-09-19 13:27:23 [restartedMain] DEBUG o.s.d.j.repository.query.NamedQuery - Did not find named query Account.findByCustomerId.count
2026-09-19 13:27:23 [restartedMain] DEBUG o.s.d.j.repository.query.NamedQuery - Did not find named query Account.findActiveAccountsWithMinBalance.count
2026-09-19 13:27:23 [restartedMain] DEBUG o.s.d.j.repository.query.NamedQuery - Did not find named query Account.findByIsActiveTrueAndCurrency.count
2026-09-19 13:27:23 [restartedMain] DEBUG o.s.d.j.repository.query.NamedQuery - Did not find named query Account.findActiveAccountsByCustomerId.count
2026-09-19 13:27:23 [restartedMain] DEBUG o.s.d.j.repository.query.NamedQuery - Did not find named query Account.findActiveAccountsByCustomerAndCurrency.count
2026-09-19 13:27:23 [restartedMain] DEBUG o.s.d.j.repository.query.NamedQuery - Did not find named query Alert.findByCustomerId.count
2026-09-19 13:27:23 [restartedMain] DEBUG o.s.d.j.repository.query.NamedQuery - Did not find named query Alert.findByAlertStatus.count
2026-09-19 13:27:23 [restartedMain] DEBUG o.s.d.j.repository.query.NamedQuery - Did not find named query Alert.findCriticalAlerts.count
2026-09-19 13:27:23 [restartedMain] DEBUG o.s.d.j.repository.query.NamedQuery - Did not find named query Alert.findByAccountId.count
2026-09-19 13:27:23 [restartedMain] DEBUG o.s.d.j.repository.query.NamedQuery - Did not find named query Alert.countOpenAlerts.count
2026-09-19 13:27:23 [restartedMain] DEBUG o.s.d.j.repository.query.NamedQuery - Did not find named query Alert.findByRuleCode.count
2026-09-19 13:27:23 [restartedMain] DEBUG o.s.d.j.repository.query.NamedQuery - Did not find named query Alert.countOpenAlertsByCustomerId.count
2026-09-19 13:27:23 [restartedMain] DEBUG o.s.d.j.repository.query.NamedQuery - Did not find named query Alert.findOpenAlertsSortedByRiskScore.count
2026-09-19 13:27:23 [restartedMain] DEBUG o.s.d.j.repository.query.NamedQuery - Did not find named query Alert.findAlertsByRiskScoreAndTimeRange.count
2026-09-19 13:27:23 [restartedMain] DEBUG o.s.d.j.repository.query.NamedQuery - Did not find named query Alert.findOpenAlertsByRuleCodeAndCustomer.count
2026-09-19 13:27:23 [restartedMain] DEBUG o.s.d.j.repository.query.NamedQuery - Did not find named query Alert.findByAlertStatusAndCreatedByOrderByTriggeredAtDesc.count
2026-09-19 13:27:23 [restartedMain] DEBUG o.s.d.j.repository.query.NamedQuery - Did not find named query Alert.findOpenAlertsByCustomerId.count
2026-09-19 13:27:23 [restartedMain] DEBUG o.s.d.j.repository.query.NamedQuery - Did not find named query Alert.findAlertsByDateRange.count
2026-09-19 13:27:23 [restartedMain] DEBUG o.s.d.j.repository.query.NamedQuery - Did not find named query Alert.findByTransactionId.count
2026-09-19 13:27:23 [restartedMain] DEBUG o.s.w.s.m.m.a.RequestMappingHandlerMapping - 7 mappings in 'requestMappingHandlerMapping'
2026-09-19 13:27:23 [restartedMain] DEBUG o.s.w.s.h.SimpleUrlHandlerMapping - Patterns [/webjars/**, /**, /swagger-ui*/*swagger-initializer.js, /swagger-ui*/**] in 'resourceHandlerMapping'
2026-09-19 13:27:23 [restartedMain] DEBUG o.s.w.s.m.m.a.RequestMappingHandlerAdapter - ControllerAdvice beans: 0 @ModelAttribute, 0 @InitBinder, 2 RequestBodyAdvice, 1 ResponseBodyAdvice
2026-09-19 13:27:23 [restartedMain] DEBUG o.s.w.s.m.m.a.ExceptionHandlerExceptionResolver - ControllerAdvice beans: 1 @ExceptionHandler, 1 ResponseBodyAdvice
2026-09-19 13:27:24 [restartedMain] DEBUG o.s.d.j.repository.query.NamedQuery - Did not find named query Customer.findByPoliticallyExposedTrue.count
2026-09-19 13:27:24 [restartedMain] DEBUG o.s.d.j.repository.query.NamedQuery - Did not find named query Customer.findActiveCustomersByCountry.count
2026-09-19 13:27:24 [restartedMain] DEBUG o.s.d.j.repository.query.NamedQuery - Did not find named query Customer.findExposedHighRiskCustomers.count
2026-09-19 13:27:24 [restartedMain] DEBUG o.s.d.j.repository.query.NamedQuery - Did not find named query Customer.findByIsActiveTrueAndNumComplaintsGreaterThan.count
2026-09-19 13:27:24 [restartedMain] DEBUG o.s.d.j.repository.query.NamedQuery - Did not find named query Customer.findVerifiedCustomers.count
2026-09-19 13:27:24 [restartedMain] DEBUG o.s.d.j.repository.query.NamedQuery - Did not find named query Customer.findHighRiskCustomers.count
2026-09-19 13:27:24 [restartedMain] DEBUG o.s.d.j.repository.query.NamedQuery - Did not find named query Customer.findByPhone.count
2026-09-19 13:27:24 [restartedMain] DEBUG o.s.d.j.repository.query.NamedQuery - Did not find named query Customer.findByEmail.count
2026-09-19 13:27:24 [restartedMain] DEBUG o.s.d.j.repository.query.NamedQuery - Did not find named query Customer.findByRiskRating.count
2026-09-19 13:27:24 [restartedMain] DEBUG o.s.d.j.repository.query.NamedQuery - Did not find named query Customer.findByKycStatus.count
2026-09-19 13:27:24 [restartedMain] DEBUG o.s.d.j.repository.query.NamedQuery - Did not find named query AmlCase.findByCustomerId.count
2026-09-19 13:27:24 [restartedMain] DEBUG o.s.d.j.repository.query.NamedQuery - Did not find named query AmlCase.findOpenCasesSortedBySeverity.count
2026-09-19 13:27:24 [restartedMain] DEBUG o.s.d.j.repository.query.NamedQuery - Did not find named query AmlCase.findOpenCasesAssignedToAnalyst.count
2026-09-19 13:27:24 [restartedMain] DEBUG o.s.d.j.repository.query.NamedQuery - Did not find named query AmlCase.countOpenCasesAssignedToAnalyst.count
2026-09-19 13:27:24 [restartedMain] DEBUG o.s.d.j.repository.query.NamedQuery - Did not find named query AmlCase.findByOpenedAtBetweenOrderByOpenedAtDesc.count
2026-09-19 13:27:24 [restartedMain] DEBUG o.s.d.j.repository.query.NamedQuery - Did not find named query AmlCase.findClosedCasesByDateRange.count
2026-09-19 13:27:24 [restartedMain] DEBUG o.s.d.j.repository.query.NamedQuery - Did not find named query AmlCase.findHighSeverityCases.count
2026-09-19 13:27:24 [restartedMain] DEBUG o.s.d.j.repository.query.NamedQuery - Did not find named query AmlCase.countOpenCasesByCustomerId.count
2026-09-19 13:27:24 [restartedMain] DEBUG o.s.d.j.repository.query.NamedQuery - Did not find named query AmlCase.findOpenCasesByCustomerId.count
2026-09-19 13:27:24 [restartedMain] DEBUG o.s.d.j.repository.query.NamedQuery - Did not find named query AmlCase.findUnassignedOpenCases.count
2026-09-19 13:27:24 [restartedMain] DEBUG o.s.d.j.repository.query.NamedQuery - Did not find named query AmlCase.findByCaseStatus.count
2026-09-19 13:27:24 [restartedMain] DEBUG o.s.d.j.repository.query.NamedQuery - Did not find named query AmlCase.countOpenCases.count
2026-09-19 13:27:24 [restartedMain] DEBUG o.s.d.j.repository.query.NamedQuery - Did not find named query AmlCase.findBySeverity.count
2026-09-19 13:27:24 [restartedMain] DEBUG o.s.d.j.repository.query.NamedQuery - Did not find named query AmlCase.findByAssignedTo.count
2026-09-19 13:27:24 [restartedMain] INFO  o.s.boot.tomcat.TomcatWebServer - Tomcat started on port 8082 (http) with context path '/sentinel'
2026-09-19 13:27:24 [restartedMain] INFO  c.s.SentinelFlowApplication - Started SentinelFlowApplication in 5.269 seconds (process running for 6.032)
2026-09-19 13:27:31 [http-nio-8082-exec-3] INFO  o.a.c.c.C.[.[localhost].[/sentinel] - Initializing Spring DispatcherServlet 'dispatcherServlet'
2026-09-19 13:27:31 [http-nio-8082-exec-3] INFO  o.s.web.servlet.DispatcherServlet - Initializing Servlet 'dispatcherServlet'
2026-09-19 13:27:31 [http-nio-8082-exec-3] DEBUG o.s.web.servlet.DispatcherServlet - Detected StandardServletMultipartResolver
2026-09-19 13:27:31 [http-nio-8082-exec-3] DEBUG o.s.web.servlet.DispatcherServlet - Detected AcceptHeaderLocaleResolver
2026-09-19 13:27:31 [http-nio-8082-exec-3] DEBUG o.s.web.servlet.DispatcherServlet - Detected org.springframework.web.servlet.view.DefaultRequestToViewNameTranslator@3c72a66d
2026-09-19 13:27:31 [http-nio-8082-exec-3] DEBUG o.s.web.servlet.DispatcherServlet - Detected org.springframework.web.servlet.support.SessionFlashMapManager@617af10f
2026-09-19 13:27:31 [http-nio-8082-exec-3] DEBUG o.s.web.servlet.DispatcherServlet - enableLoggingRequestDetails='false': request parameters and headers will be masked to prevent unsafe logging of potentially sensitive data
2026-09-19 13:27:31 [http-nio-8082-exec-3] INFO  o.s.web.servlet.DispatcherServlet - Completed initialization in 0 ms
2026-09-19 13:27:31 [http-nio-8082-exec-3] DEBUG o.s.web.servlet.DispatcherServlet - POST "/sentinel/api/v1/transactions", parameters={}
2026-09-19 13:27:31 [http-nio-8082-exec-3] DEBUG o.s.w.s.m.m.a.RequestMappingHandlerMapping - Mapped to com.sentinelflow.controller.TransactionController#createTransaction(TransactionRequest)
2026-09-19 13:27:31 [http-nio-8082-exec-3] DEBUG o.s.w.s.m.m.a.RequestResponseBodyMethodProcessor - Read "application/json;charset=UTF-8" to [com.sentinelflow.dto.TransactionRequest@17bf789c]
2026-09-19 13:27:31 [http-nio-8082-exec-3] DEBUG o.s.d.j.r.query.PartTreeJpaQuery - QueryPreparer: Derived query for query method [public abstract java.util.Optional com.sentinelflow.repositories.RuleConfigRepository.findByRuleCode(java.lang.String)]: 'SELECT r FROM RuleConfig r WHERE r.ruleCode = :ruleCode'
2026-09-19 13:27:31 [http-nio-8082-exec-3] DEBUG o.s.web.servlet.DispatcherServlet - Failed to complete request: java.lang.NullPointerException
2026-09-19 13:27:31 [http-nio-8082-exec-3] ERROR o.a.c.c.C.[.[.[.[dispatcherServlet] - Servlet.service() for servlet [dispatcherServlet] in context with path [/sentinel] threw exception [Request processing failed: java.lang.NullPointerException] with root cause
java.lang.NullPointerException
	at java.base/java.util.Objects.requireNonNull(Objects.java:220)
	at java.base/java.util.ImmutableCollections$List12.<init>(ImmutableCollections.java:563)
	at java.base/java.util.List.of(List.java:935)
	at com.sentinelflow.aml.rule.BehavioralDeviationRule.evaluate(BehavioralDeviationRule.java:113)
	at com.sentinelflow.aml.rule.AmlDetectionEngine.lambda$evaluate$0(AmlDetectionEngine.java:22)
	at java.base/java.util.stream.ReferencePipeline$3$1.accept(ReferencePipeline.java:212)
	at java.base/java.util.ArrayList$ArrayListSpliterator.forEachRemaining(ArrayList.java:1709)
	at java.base/java.util.stream.AbstractPipeline.copyInto(AbstractPipeline.java:556)
	at java.base/java.util.stream.AbstractPipeline.wrapAndCopyInto(AbstractPipeline.java:546)
	at java.base/java.util.stream.AbstractPipeline.evaluate(AbstractPipeline.java:622)
	at java.base/java.util.stream.AbstractPipeline.evaluateToArrayNode(AbstractPipeline.java:291)
	at java.base/java.util.stream.ReferencePipeline.toArray(ReferencePipeline.java:631)
	at java.base/java.util.stream.ReferencePipeline.toArray(ReferencePipeline.java:637)
	at java.base/java.util.stream.ReferencePipeline.toList(ReferencePipeline.java:642)
	at com.sentinelflow.aml.rule.AmlDetectionEngine.evaluate(AmlDetectionEngine.java:24)
	at com.sentinelflow.service.impl.TransactionServiceImpl.processTransaction(TransactionServiceImpl.java:73)
	at java.base/jdk.internal.reflect.DirectMethodHandleAccessor.invoke(DirectMethodHandleAccessor.java:103)
	at java.base/java.lang.reflect.Method.invoke(Method.java:580)
	at org.springframework.aop.support.AopUtils.invokeJoinpointUsingReflection(AopUtils.java:359)
	at org.springframework.aop.framework.ReflectiveMethodInvocation.invokeJoinpoint(ReflectiveMethodInvocation.java:190)
	at org.springframework.aop.framework.ReflectiveMethodInvocation.proceed(ReflectiveMethodInvocation.java:158)
	at org.springframework.transaction.interceptor.TransactionInterceptor$1.proceedWithInvocation(TransactionInterceptor.java:133)
	at org.springframework.transaction.interceptor.TransactionAspectSupport.invokeWithinTransaction(TransactionAspectSupport.java:371)
	at org.springframework.transaction.interceptor.TransactionInterceptor.invoke(TransactionInterceptor.java:130)
	at org.springframework.aop.framework.ReflectiveMethodInvocation.proceed(ReflectiveMethodInvocation.java:179)
	at org.springframework.aop.framework.CglibAopProxy$DynamicAdvisedInterceptor.intercept(CglibAopProxy.java:719)
	at com.sentinelflow.service.impl.TransactionServiceImpl$$SpringCGLIB$$0.processTransaction(<generated>)
	at com.sentinelflow.controller.TransactionController.createTransaction(TransactionController.java:29)
	at java.base/jdk.internal.reflect.DirectMethodHandleAccessor.invoke(DirectMethodHandleAccessor.java:103)
	at java.base/java.lang.reflect.Method.invoke(Method.java:580)
	at org.springframework.web.method.support.InvocableHandlerMethod.doInvoke(InvocableHandlerMethod.java:252)
	at org.springframework.web.method.support.InvocableHandlerMethod.invokeForRequest(InvocableHandlerMethod.java:184)
	at org.springframework.web.servlet.mvc.method.annotation.ServletInvocableHandlerMethod.invokeAndHandle(ServletInvocableHandlerMethod.java:117)
	at org.springframework.web.servlet.mvc.method.annotation.RequestMappingHandlerAdapter.invokeHandlerMethod(RequestMappingHandlerAdapter.java:934)
	at org.springframework.web.servlet.mvc.method.annotation.RequestMappingHandlerAdapter.handleInternal(RequestMappingHandlerAdapter.java:853)
	at org.springframework.web.servlet.mvc.method.AbstractHandlerMethodAdapter.handle(AbstractHandlerMethodAdapter.java:86)
	at org.springframework.web.servlet.DispatcherServlet.doDispatch(DispatcherServlet.java:963)
	at org.springframework.web.servlet.DispatcherServlet.doService(DispatcherServlet.java:866)
	at org.springframework.web.servlet.FrameworkServlet.processRequest(FrameworkServlet.java:1000)
	at org.springframework.web.servlet.FrameworkServlet.doPost(FrameworkServlet.java:903)
	at jakarta.servlet.http.HttpServlet.service(HttpServlet.java:649)
	at org.springframework.web.servlet.FrameworkServlet.service(FrameworkServlet.java:874)
	at jakarta.servlet.http.HttpServlet.service(HttpServlet.java:710)
	at org.apache.catalina.core.ApplicationFilterChain.doFilter(ApplicationFilterChain.java:132)
	at org.apache.tomcat.websocket.server.WsFilter.doFilter(WsFilter.java:59)
	at org.apache.catalina.core.ApplicationFilterChain.doFilter(ApplicationFilterChain.java:111)
	at org.springframework.web.filter.RequestContextFilter.doFilterInternal(RequestContextFilter.java:100)
	at org.springframework.web.filter.OncePerRequestFilter.doFilter(OncePerRequestFilter.java:116)
	at org.apache.catalina.core.ApplicationFilterChain.doFilter(ApplicationFilterChain.java:111)
	at org.springframework.web.filter.FormContentFilter.doFilterInternal(FormContentFilter.java:93)
	at org.springframework.web.filter.OncePerRequestFilter.doFilter(OncePerRequestFilter.java:116)
	at org.apache.catalina.core.ApplicationFilterChain.doFilter(ApplicationFilterChain.java:111)
	at org.springframework.web.filter.CharacterEncodingFilter.doFilterInternal(CharacterEncodingFilter.java:199)
	at org.springframework.web.filter.OncePerRequestFilter.doFilter(OncePerRequestFilter.java:116)
	at org.apache.catalina.core.ApplicationFilterChain.doFilter(ApplicationFilterChain.java:111)
	at org.apache.catalina.core.StandardWrapperValve.invoke(StandardWrapperValve.java:165)
	at org.apache.catalina.core.StandardContextValve.invoke(StandardContextValve.java:77)
	at org.apache.catalina.authenticator.AuthenticatorBase.invoke(AuthenticatorBase.java:535)
	at org.apache.catalina.core.StandardHostValve.invoke(StandardHostValve.java:115)
	at org.apache.catalina.valves.ErrorReportValve.invoke(ErrorReportValve.java:86)
	at org.apache.catalina.core.StandardEngineValve.invoke(StandardEngineValve.java:71)
	at org.apache.catalina.connector.CoyoteAdapter.service(CoyoteAdapter.java:347)
	at org.apache.coyote.http11.Http11Processor.service(Http11Processor.java:406)
	at org.apache.coyote.AbstractProcessorLight.process(AbstractProcessorLight.java:71)
	at org.apache.coyote.AbstractProtocol$ConnectionHandler.process(AbstractProtocol.java:1307)
	at org.apache.tomcat.util.net.NioEndpoint$SocketProcessor.doRun(NioEndpoint.java:2036)
	at org.apache.tomcat.util.net.SocketProcessorBase.run(SocketProcessorBase.java:74)
	at org.apache.tomcat.util.threads.ThreadPoolExecutor.runWorker(ThreadPoolExecutor.java:949)
	at org.apache.tomcat.util.threads.ThreadPoolExecutor$Worker.run(ThreadPoolExecutor.java:483)
	at org.apache.tomcat.util.threads.TaskThread$WrappingRunnable.run(TaskThread.java:74)
	at java.base/java.lang.Thread.run(Thread.java:1570)
2026-09-19 13:27:31 [http-nio-8082-exec-3] DEBUG o.s.web.servlet.DispatcherServlet - "ERROR" dispatch for GET "/sentinel/error", parameters={}
2026-09-19 13:27:31 [http-nio-8082-exec-3] DEBUG o.s.w.s.m.m.a.RequestMappingHandlerMapping - Mapped to org.springframework.boot.webmvc.autoconfigure.error.BasicErrorController#error(HttpServletRequest)
2026-09-19 13:27:31 [http-nio-8082-exec-3] DEBUG o.s.w.s.m.m.a.HttpEntityMethodProcessor - Using 'application/json', given [*/*] and supported [application/json, application/*+json, application/yaml]
2026-09-19 13:27:31 [http-nio-8082-exec-3] DEBUG o.s.w.s.m.m.a.HttpEntityMethodProcessor - Writing [{timestamp=Sat Sep 19 13:27:31 IST 2026, status=500, error=Internal Server Error, trace=java.lang.Nu (truncated)...]
2026-09-19 13:27:31 [http-nio-8082-exec-3] DEBUG o.s.web.servlet.DispatcherServlet - Exiting from "ERROR" dispatch, status 500
2026-09-19 13:29:06 [RMI TCP Connection(10)-127.0.0.1] INFO  o.s.b.a.SpringApplicationAdminMXBeanRegistrar$SpringApplicationAdmin - Application shutdown requested.
2026-09-19 13:29:06 [RMI TCP Connection(10)-127.0.0.1] INFO  o.s.boot.tomcat.GracefulShutdown - Commencing graceful shutdown. Waiting for active requests to complete
2026-09-19 13:29:06 [tomcat-shutdown] INFO  o.s.boot.tomcat.GracefulShutdown - Graceful shutdown complete
2026-09-19 13:29:06 [RMI TCP Connection(10)-127.0.0.1] INFO  o.s.o.j.LocalContainerEntityManagerFactoryBean - Closing JPA EntityManagerFactory for persistence unit 'default'
2026-09-19 13:29:06 [RMI TCP Connection(10)-127.0.0.1] INFO  com.zaxxer.hikari.HikariDataSource - HikariPool-1 - Shutdown initiated...
2026-09-19 13:29:06 [RMI TCP Connection(10)-127.0.0.1] INFO  com.zaxxer.hikari.HikariDataSource - HikariPool-1 - Shutdown completed.
2026-09-19 13:29:08 [restartedMain] INFO  c.s.SentinelFlowApplication - Starting SentinelFlowApplication using Java 22 with PID 19364 (D:\Java\SentinelFlow\target\classes started by hp in D:\Java\SentinelFlow)
2026-09-19 13:29:08 [restartedMain] DEBUG c.s.SentinelFlowApplication - Running with Spring Boot v4.1.1, Spring v7.0.9
2026-09-19 13:29:08 [restartedMain] INFO  c.s.SentinelFlowApplication - No active profile set, falling back to 1 default profile: "default"
2026-09-19 13:29:08 [restartedMain] INFO  o.s.b.d.e.DevToolsPropertyDefaultsPostProcessor - Devtools property defaults active! Set 'spring.devtools.add-properties' to 'false' to disable
2026-09-19 13:29:08 [restartedMain] INFO  o.s.b.d.e.DevToolsPropertyDefaultsPostProcessor - For additional web related logging consider setting the 'logging.level.web' property to 'DEBUG'
2026-09-19 13:29:09 [restartedMain] INFO  o.s.d.r.c.RepositoryConfigurationDelegate - Bootstrapping Spring Data JPA repositories in DEFAULT mode.
2026-09-19 13:29:10 [restartedMain] INFO  o.s.d.r.c.RepositoryConfigurationDelegate - Finished Spring Data repository scanning in 91 ms. Found 7 JPA repository interfaces.
2026-09-19 13:29:10 [restartedMain] INFO  o.s.boot.tomcat.TomcatWebServer - Tomcat initialized with port 8082 (http)
2026-09-19 13:29:10 [restartedMain] INFO  o.a.catalina.core.StandardService - Starting service [Tomcat]
2026-09-19 13:29:10 [restartedMain] INFO  o.a.catalina.core.StandardEngine - Starting Servlet engine: [Apache Tomcat/11.0.24]
2026-09-19 13:29:10 [restartedMain] INFO  o.s.b.w.c.s.WebApplicationContextInitializer - Root WebApplicationContext: initialization completed in 1872 ms
2026-09-19 13:29:11 [restartedMain] INFO  org.hibernate.orm.jpa - HHH008540: Processing PersistenceUnitInfo [name: default]
2026-09-19 13:29:11 [restartedMain] INFO  org.hibernate.orm.core - HHH000001: Hibernate ORM core version 7.4.5.Final
2026-09-19 13:29:11 [restartedMain] INFO  o.s.o.j.p.SpringPersistenceUnitInfo - No LoadTimeWeaver setup: ignoring JPA class transformer
2026-09-19 13:29:11 [restartedMain] INFO  com.zaxxer.hikari.HikariDataSource - HikariPool-1 - Starting...
2026-09-19 13:29:11 [restartedMain] INFO  com.zaxxer.hikari.pool.HikariPool - HikariPool-1 - Added connection org.postgresql.jdbc.PgConnection@4f7cdb9b
2026-09-19 13:29:11 [restartedMain] INFO  com.zaxxer.hikari.HikariDataSource - HikariPool-1 - Start completed.
2026-09-19 13:29:12 [restartedMain] INFO  o.hibernate.orm.connections.pooling - HHH10001005: Database info:
	Database JDBC URL [jdbc:postgresql://localhost:5433/AzentioHackthon]
	Database driver: PostgreSQL JDBC Driver
	Database dialect: PostgreSQLDialect
	Database version: 18.6
	Default catalog/schema: AzentioHackthon/public
	Autocommit mode: undefined/unknown
	Isolation level: READ_COMMITTED [default READ_COMMITTED]
	JDBC fetch size: none
	Pool: DataSourceConnectionProvider
	Minimum pool size: undefined/unknown
	Maximum pool size: undefined/unknown
2026-09-19 13:29:13 [restartedMain] INFO  org.hibernate.orm.core - HHH000489: No JTA platform available (set 'hibernate.transaction.jta.platform' to enable JTA platform integration)
2026-09-19 13:29:13 [restartedMain] INFO  org.hibernate.orm.jdbc.batch - HHH100501: Automatic JDBC statement batching enabled (maximum batch size 20)
2026-09-19 13:29:13 [restartedMain] INFO  o.s.o.j.LocalContainerEntityManagerFactoryBean - Initialized JPA EntityManagerFactory for persistence unit 'default'
2026-09-19 13:29:13 [restartedMain] DEBUG o.s.d.j.r.c.JpaMetamodelMappingContextFactoryBean - Initializing JpaMetamodelMappingContext…
2026-09-19 13:29:13 [restartedMain] DEBUG o.s.d.j.r.c.JpaMetamodelMappingContextFactoryBean - Finished initializing JpaMetamodelMappingContext
2026-09-19 13:29:13 [restartedMain] INFO  o.s.d.j.r.q.QueryEnhancerFactories - Hibernate is in classpath; If applicable, HQL parser will be used.
2026-09-19 13:29:14 [restartedMain] DEBUG o.s.d.j.repository.query.NamedQuery - Looking up named query 'RuleConfig.findByRuleCode'
2026-09-19 13:29:14 [restartedMain] DEBUG o.s.d.j.repository.query.NamedQuery - Did not find named query RuleConfig.findByRuleCode
2026-09-19 13:29:14 [restartedMain] DEBUG o.s.d.j.repository.query.NamedQuery - Did not find named query Transaction.findTransactionsByAccountAndTimeRange.count
2026-09-19 13:29:14 [restartedMain] DEBUG o.s.d.j.repository.query.NamedQuery - Did not find named query Transaction.calculateAccountTransactionTotalFor90Days.count
2026-09-19 13:29:15 [restartedMain] DEBUG o.s.d.j.repository.query.NamedQuery - Did not find named query Transaction.calculateAccountTransactionTotal.count
2026-09-19 13:29:15 [restartedMain] DEBUG o.s.d.j.repository.query.NamedQuery - Did not find named query Transaction.findHighValueTransactionsByAccountAndTimeRange.count
2026-09-19 13:29:15 [restartedMain] DEBUG o.s.d.j.repository.query.NamedQuery - Did not find named query Transaction.sumTransactionAmountByAccountAndTimeRange.count
2026-09-19 13:29:15 [restartedMain] DEBUG o.s.d.j.repository.query.NamedQuery - Did not find named query Transaction.countTransactionsByAccountAndTimeRange.count
2026-09-19 13:29:15 [restartedMain] DEBUG o.s.d.j.repository.query.NamedQuery - Did not find named query Transaction.findTransactionsByAmountAndTimeRange.count
2026-09-19 13:29:15 [restartedMain] DEBUG o.s.d.j.repository.query.NamedQuery - Did not find named query Transaction.sumTransactionAmountByCustomerAndTimeRange.count
2026-09-19 13:29:15 [restartedMain] DEBUG o.s.d.j.repository.query.NamedQuery - Did not find named query Transaction.findTransactionsByTypeAndTimeRange.count
2026-09-19 13:29:15 [restartedMain] DEBUG o.s.d.j.repository.query.NamedQuery - Did not find named query Transaction.findHighRiskTransactionsByChannel.count
2026-09-19 13:29:15 [restartedMain] DEBUG o.s.d.j.repository.query.NamedQuery - Did not find named query Transaction.findByAccountId.count
2026-09-19 13:29:15 [restartedMain] DEBUG o.s.d.j.repository.query.NamedQuery - Did not find named query Transaction.findByCountryCodeAndStatusAndTransactionDatetimeBetween.count
2026-09-19 13:29:15 [restartedMain] DEBUG o.s.d.j.repository.query.NamedQuery - Did not find named query Transaction.findByAccountIdAndStatus.count
2026-09-19 13:29:15 [restartedMain] DEBUG o.s.d.j.repository.query.NamedQuery - Did not find named query Transaction.findByIsHighRiskTrue.count
2026-09-19 13:29:15 [restartedMain] DEBUG o.s.d.j.repository.query.NamedQuery - Did not find named query Transaction.findByCountryCode.count
2026-09-19 13:29:15 [restartedMain] DEBUG o.s.d.j.repository.query.NamedQuery - Looking up named query 'HighRiskJurisdiction.existsByCountryCodeAndActive'
2026-09-19 13:29:15 [restartedMain] DEBUG o.s.d.j.repository.query.NamedQuery - Did not find named query HighRiskJurisdiction.existsByCountryCodeAndActive
2026-09-19 13:29:15 [restartedMain] DEBUG o.s.d.j.repository.query.NamedQuery - Did not find named query Account.findByAccountNumber.count
2026-09-19 13:29:15 [restartedMain] DEBUG o.s.d.j.repository.query.NamedQuery - Did not find named query Account.findByCustomerIdAndStatus.count
2026-09-19 13:29:15 [restartedMain] DEBUG o.s.d.j.repository.query.NamedQuery - Did not find named query Account.findAccountsOpenedBetween.count
2026-09-19 13:29:15 [restartedMain] DEBUG o.s.d.j.repository.query.NamedQuery - Did not find named query Account.findActiveJointAccounts.count
2026-09-19 13:29:15 [restartedMain] DEBUG o.s.d.j.repository.query.NamedQuery - Did not find named query Account.findActiveAccountsByCustomerId.count
2026-09-19 13:29:15 [restartedMain] DEBUG o.s.d.j.repository.query.NamedQuery - Did not find named query Account.findByIsActiveTrueAndCurrency.count
2026-09-19 13:29:15 [restartedMain] DEBUG o.s.d.j.repository.query.NamedQuery - Did not find named query Account.findActiveAccountsWithMinBalance.count
2026-09-19 13:29:15 [restartedMain] DEBUG o.s.d.j.repository.query.NamedQuery - Did not find named query Account.findByStatus.count
2026-09-19 13:29:15 [restartedMain] DEBUG o.s.d.j.repository.query.NamedQuery - Did not find named query Account.findByCustomerId.count
2026-09-19 13:29:15 [restartedMain] DEBUG o.s.d.j.repository.query.NamedQuery - Did not find named query Account.findActiveAccountsByCustomerAndCurrency.count
2026-09-19 13:29:15 [restartedMain] DEBUG o.s.d.j.repository.query.NamedQuery - Did not find named query Alert.findByRuleCode.count
2026-09-19 13:29:15 [restartedMain] DEBUG o.s.d.j.repository.query.NamedQuery - Did not find named query Alert.findByCustomerId.count
2026-09-19 13:29:15 [restartedMain] DEBUG o.s.d.j.repository.query.NamedQuery - Did not find named query Alert.findByAlertStatusAndCreatedByOrderByTriggeredAtDesc.count
2026-09-19 13:29:15 [restartedMain] DEBUG o.s.d.j.repository.query.NamedQuery - Did not find named query Alert.findOpenAlertsSortedByRiskScore.count
2026-09-19 13:29:15 [restartedMain] DEBUG o.s.d.j.repository.query.NamedQuery - Did not find named query Alert.findByTransactionId.count
2026-09-19 13:29:15 [restartedMain] DEBUG o.s.d.j.repository.query.NamedQuery - Did not find named query Alert.findOpenAlertsByCustomerId.count
2026-09-19 13:29:15 [restartedMain] DEBUG o.s.d.j.repository.query.NamedQuery - Did not find named query Alert.findAlertsByDateRange.count
2026-09-19 13:29:15 [restartedMain] DEBUG o.s.d.j.repository.query.NamedQuery - Did not find named query Alert.findOpenAlertsByRuleCodeAndCustomer.count
2026-09-19 13:29:15 [restartedMain] DEBUG o.s.d.j.repository.query.NamedQuery - Did not find named query Alert.findAlertsByRiskScoreAndTimeRange.count
2026-09-19 13:29:15 [restartedMain] DEBUG o.s.d.j.repository.query.NamedQuery - Did not find named query Alert.countOpenAlertsByCustomerId.count
2026-09-19 13:29:15 [restartedMain] DEBUG o.s.d.j.repository.query.NamedQuery - Did not find named query Alert.findByAccountId.count
2026-09-19 13:29:15 [restartedMain] DEBUG o.s.d.j.repository.query.NamedQuery - Did not find named query Alert.findByAlertStatus.count
2026-09-19 13:29:15 [restartedMain] DEBUG o.s.d.j.repository.query.NamedQuery - Did not find named query Alert.countOpenAlerts.count
2026-09-19 13:29:15 [restartedMain] DEBUG o.s.d.j.repository.query.NamedQuery - Did not find named query Alert.findCriticalAlerts.count
2026-09-19 13:29:15 [restartedMain] DEBUG o.s.w.s.m.m.a.RequestMappingHandlerMapping - 7 mappings in 'requestMappingHandlerMapping'
2026-09-19 13:29:15 [restartedMain] DEBUG o.s.w.s.h.SimpleUrlHandlerMapping - Patterns [/webjars/**, /**, /swagger-ui*/*swagger-initializer.js, /swagger-ui*/**] in 'resourceHandlerMapping'
2026-09-19 13:29:15 [restartedMain] DEBUG o.s.w.s.m.m.a.RequestMappingHandlerAdapter - ControllerAdvice beans: 0 @ModelAttribute, 0 @InitBinder, 2 RequestBodyAdvice, 1 ResponseBodyAdvice
2026-09-19 13:29:15 [restartedMain] DEBUG o.s.w.s.m.m.a.ExceptionHandlerExceptionResolver - ControllerAdvice beans: 1 @ExceptionHandler, 1 ResponseBodyAdvice
2026-09-19 13:29:15 [restartedMain] DEBUG o.s.d.j.repository.query.NamedQuery - Did not find named query Customer.findByIsActiveTrueAndNumComplaintsGreaterThan.count
2026-09-19 13:29:15 [restartedMain] DEBUG o.s.d.j.repository.query.NamedQuery - Did not find named query Customer.findActiveCustomersByCountry.count
2026-09-19 13:29:15 [restartedMain] DEBUG o.s.d.j.repository.query.NamedQuery - Did not find named query Customer.findByPoliticallyExposedTrue.count
2026-09-19 13:29:15 [restartedMain] DEBUG o.s.d.j.repository.query.NamedQuery - Did not find named query Customer.findExposedHighRiskCustomers.count
2026-09-19 13:29:15 [restartedMain] DEBUG o.s.d.j.repository.query.NamedQuery - Did not find named query Customer.findByPhone.count
2026-09-19 13:29:15 [restartedMain] DEBUG o.s.d.j.repository.query.NamedQuery - Did not find named query Customer.findByRiskRating.count
2026-09-19 13:29:15 [restartedMain] DEBUG o.s.d.j.repository.query.NamedQuery - Did not find named query Customer.findByEmail.count
2026-09-19 13:29:15 [restartedMain] DEBUG o.s.d.j.repository.query.NamedQuery - Did not find named query Customer.findByKycStatus.count
2026-09-19 13:29:15 [restartedMain] DEBUG o.s.d.j.repository.query.NamedQuery - Did not find named query Customer.findHighRiskCustomers.count
2026-09-19 13:29:15 [restartedMain] DEBUG o.s.d.j.repository.query.NamedQuery - Did not find named query Customer.findVerifiedCustomers.count
2026-09-19 13:29:15 [restartedMain] DEBUG o.s.d.j.repository.query.NamedQuery - Did not find named query AmlCase.findByCustomerId.count
2026-09-19 13:29:15 [restartedMain] DEBUG o.s.d.j.repository.query.NamedQuery - Did not find named query AmlCase.findClosedCasesByDateRange.count
2026-09-19 13:29:15 [restartedMain] DEBUG o.s.d.j.repository.query.NamedQuery - Did not find named query AmlCase.findOpenCasesByCustomerId.count
2026-09-19 13:29:15 [restartedMain] DEBUG o.s.d.j.repository.query.NamedQuery - Did not find named query AmlCase.findHighSeverityCases.count
2026-09-19 13:29:15 [restartedMain] DEBUG o.s.d.j.repository.query.NamedQuery - Did not find named query AmlCase.countOpenCasesByCustomerId.count
2026-09-19 13:29:15 [restartedMain] DEBUG o.s.d.j.repository.query.NamedQuery - Did not find named query AmlCase.findByOpenedAtBetweenOrderByOpenedAtDesc.count
2026-09-19 13:29:15 [restartedMain] DEBUG o.s.d.j.repository.query.NamedQuery - Did not find named query AmlCase.findOpenCasesAssignedToAnalyst.count
2026-09-19 13:29:15 [restartedMain] DEBUG o.s.d.j.repository.query.NamedQuery - Did not find named query AmlCase.countOpenCasesAssignedToAnalyst.count
2026-09-19 13:29:15 [restartedMain] DEBUG o.s.d.j.repository.query.NamedQuery - Did not find named query AmlCase.findOpenCasesSortedBySeverity.count
2026-09-19 13:29:15 [restartedMain] DEBUG o.s.d.j.repository.query.NamedQuery - Did not find named query AmlCase.findByAssignedTo.count
2026-09-19 13:29:15 [restartedMain] DEBUG o.s.d.j.repository.query.NamedQuery - Did not find named query AmlCase.findBySeverity.count
2026-09-19 13:29:15 [restartedMain] DEBUG o.s.d.j.repository.query.NamedQuery - Did not find named query AmlCase.countOpenCases.count
2026-09-19 13:29:15 [restartedMain] DEBUG o.s.d.j.repository.query.NamedQuery - Did not find named query AmlCase.findByCaseStatus.count
2026-09-19 13:29:15 [restartedMain] DEBUG o.s.d.j.repository.query.NamedQuery - Did not find named query AmlCase.findUnassignedOpenCases.count
2026-09-19 13:29:15 [restartedMain] INFO  o.s.boot.tomcat.TomcatWebServer - Tomcat started on port 8082 (http) with context path '/sentinel'
2026-09-19 13:29:15 [restartedMain] INFO  c.s.SentinelFlowApplication - Started SentinelFlowApplication in 7.64 seconds (process running for 8.515)
2026-09-19 13:29:19 [http-nio-8082-exec-1] INFO  o.a.c.c.C.[.[localhost].[/sentinel] - Initializing Spring DispatcherServlet 'dispatcherServlet'
2026-09-19 13:29:19 [http-nio-8082-exec-1] INFO  o.s.web.servlet.DispatcherServlet - Initializing Servlet 'dispatcherServlet'
2026-09-19 13:29:19 [http-nio-8082-exec-1] DEBUG o.s.web.servlet.DispatcherServlet - Detected StandardServletMultipartResolver
2026-09-19 13:29:19 [http-nio-8082-exec-1] DEBUG o.s.web.servlet.DispatcherServlet - Detected AcceptHeaderLocaleResolver
2026-09-19 13:29:19 [http-nio-8082-exec-1] DEBUG o.s.web.servlet.DispatcherServlet - Detected org.springframework.web.servlet.view.DefaultRequestToViewNameTranslator@2a84f648
2026-09-19 13:29:19 [http-nio-8082-exec-1] DEBUG o.s.web.servlet.DispatcherServlet - Detected org.springframework.web.servlet.support.SessionFlashMapManager@4929141a
2026-09-19 13:29:19 [http-nio-8082-exec-1] DEBUG o.s.web.servlet.DispatcherServlet - enableLoggingRequestDetails='false': request parameters and headers will be masked to prevent unsafe logging of potentially sensitive data
2026-09-19 13:29:19 [http-nio-8082-exec-1] INFO  o.s.web.servlet.DispatcherServlet - Completed initialization in 2 ms
2026-09-19 13:29:19 [http-nio-8082-exec-1] DEBUG o.s.web.servlet.DispatcherServlet - POST "/sentinel/api/v1/transactions", parameters={}
2026-09-19 13:29:19 [http-nio-8082-exec-1] DEBUG o.s.w.s.m.m.a.RequestMappingHandlerMapping - Mapped to com.sentinelflow.controller.TransactionController#createTransaction(TransactionRequest)
2026-09-19 13:29:19 [http-nio-8082-exec-1] DEBUG o.s.w.s.m.m.a.RequestResponseBodyMethodProcessor - Read "application/json;charset=UTF-8" to [com.sentinelflow.dto.TransactionRequest@7af33b70]
2026-09-19 13:29:19 [http-nio-8082-exec-1] DEBUG o.s.d.j.r.query.PartTreeJpaQuery - QueryPreparer: Derived query for query method [public abstract java.util.Optional com.sentinelflow.repositories.RuleConfigRepository.findByRuleCode(java.lang.String)]: 'SELECT r FROM RuleConfig r WHERE r.ruleCode = :ruleCode'
2026-09-19 13:29:19 [http-nio-8082-exec-1] DEBUG o.s.web.servlet.DispatcherServlet - Failed to complete request: java.lang.NullPointerException
2026-09-19 13:29:19 [http-nio-8082-exec-1] ERROR o.a.c.c.C.[.[.[.[dispatcherServlet] - Servlet.service() for servlet [dispatcherServlet] in context with path [/sentinel] threw exception [Request processing failed: java.lang.NullPointerException] with root cause
java.lang.NullPointerException
	at java.base/java.util.Objects.requireNonNull(Objects.java:220)
	at java.base/java.util.ImmutableCollections$List12.<init>(ImmutableCollections.java:563)
	at java.base/java.util.List.of(List.java:935)
	at com.sentinelflow.aml.rule.BehavioralDeviationRule.evaluate(BehavioralDeviationRule.java:113)
	at com.sentinelflow.aml.rule.AmlDetectionEngine.lambda$evaluate$0(AmlDetectionEngine.java:22)
	at java.base/java.util.stream.ReferencePipeline$3$1.accept(ReferencePipeline.java:212)
	at java.base/java.util.ArrayList$ArrayListSpliterator.forEachRemaining(ArrayList.java:1709)
	at java.base/java.util.stream.AbstractPipeline.copyInto(AbstractPipeline.java:556)
	at java.base/java.util.stream.AbstractPipeline.wrapAndCopyInto(AbstractPipeline.java:546)
	at java.base/java.util.stream.AbstractPipeline.evaluate(AbstractPipeline.java:622)
	at java.base/java.util.stream.AbstractPipeline.evaluateToArrayNode(AbstractPipeline.java:291)
	at java.base/java.util.stream.ReferencePipeline.toArray(ReferencePipeline.java:631)
	at java.base/java.util.stream.ReferencePipeline.toArray(ReferencePipeline.java:637)
	at java.base/java.util.stream.ReferencePipeline.toList(ReferencePipeline.java:642)
	at com.sentinelflow.aml.rule.AmlDetectionEngine.evaluate(AmlDetectionEngine.java:24)
	at com.sentinelflow.service.impl.TransactionServiceImpl.processTransaction(TransactionServiceImpl.java:73)
	at java.base/jdk.internal.reflect.DirectMethodHandleAccessor.invoke(DirectMethodHandleAccessor.java:103)
	at java.base/java.lang.reflect.Method.invoke(Method.java:580)
	at org.springframework.aop.support.AopUtils.invokeJoinpointUsingReflection(AopUtils.java:359)
	at org.springframework.aop.framework.ReflectiveMethodInvocation.invokeJoinpoint(ReflectiveMethodInvocation.java:190)
	at org.springframework.aop.framework.ReflectiveMethodInvocation.proceed(ReflectiveMethodInvocation.java:158)
	at org.springframework.transaction.interceptor.TransactionInterceptor$1.proceedWithInvocation(TransactionInterceptor.java:133)
	at org.springframework.transaction.interceptor.TransactionAspectSupport.invokeWithinTransaction(TransactionAspectSupport.java:371)
	at org.springframework.transaction.interceptor.TransactionInterceptor.invoke(TransactionInterceptor.java:130)
	at org.springframework.aop.framework.ReflectiveMethodInvocation.proceed(ReflectiveMethodInvocation.java:179)
	at org.springframework.aop.framework.CglibAopProxy$DynamicAdvisedInterceptor.intercept(CglibAopProxy.java:719)
	at com.sentinelflow.service.impl.TransactionServiceImpl$$SpringCGLIB$$0.processTransaction(<generated>)
	at com.sentinelflow.controller.TransactionController.createTransaction(TransactionController.java:29)
	at java.base/jdk.internal.reflect.DirectMethodHandleAccessor.invoke(DirectMethodHandleAccessor.java:103)
	at java.base/java.lang.reflect.Method.invoke(Method.java:580)
	at org.springframework.web.method.support.InvocableHandlerMethod.doInvoke(InvocableHandlerMethod.java:252)
	at org.springframework.web.method.support.InvocableHandlerMethod.invokeForRequest(InvocableHandlerMethod.java:184)
	at org.springframework.web.servlet.mvc.method.annotation.ServletInvocableHandlerMethod.invokeAndHandle(ServletInvocableHandlerMethod.java:117)
	at org.springframework.web.servlet.mvc.method.annotation.RequestMappingHandlerAdapter.invokeHandlerMethod(RequestMappingHandlerAdapter.java:934)
	at org.springframework.web.servlet.mvc.method.annotation.RequestMappingHandlerAdapter.handleInternal(RequestMappingHandlerAdapter.java:853)
	at org.springframework.web.servlet.mvc.method.AbstractHandlerMethodAdapter.handle(AbstractHandlerMethodAdapter.java:86)
	at org.springframework.web.servlet.DispatcherServlet.doDispatch(DispatcherServlet.java:963)
	at org.springframework.web.servlet.DispatcherServlet.doService(DispatcherServlet.java:866)
	at org.springframework.web.servlet.FrameworkServlet.processRequest(FrameworkServlet.java:1000)
	at org.springframework.web.servlet.FrameworkServlet.doPost(FrameworkServlet.java:903)
	at jakarta.servlet.http.HttpServlet.service(HttpServlet.java:649)
	at org.springframework.web.servlet.FrameworkServlet.service(FrameworkServlet.java:874)
	at jakarta.servlet.http.HttpServlet.service(HttpServlet.java:710)
	at org.apache.catalina.core.ApplicationFilterChain.doFilter(ApplicationFilterChain.java:132)
	at org.apache.tomcat.websocket.server.WsFilter.doFilter(WsFilter.java:59)
	at org.apache.catalina.core.ApplicationFilterChain.doFilter(ApplicationFilterChain.java:111)
	at org.springframework.web.filter.RequestContextFilter.doFilterInternal(RequestContextFilter.java:100)
	at org.springframework.web.filter.OncePerRequestFilter.doFilter(OncePerRequestFilter.java:116)
	at org.apache.catalina.core.ApplicationFilterChain.doFilter(ApplicationFilterChain.java:111)
	at org.springframework.web.filter.FormContentFilter.doFilterInternal(FormContentFilter.java:93)
	at org.springframework.web.filter.OncePerRequestFilter.doFilter(OncePerRequestFilter.java:116)
	at org.apache.catalina.core.ApplicationFilterChain.doFilter(ApplicationFilterChain.java:111)
	at org.springframework.web.filter.CharacterEncodingFilter.doFilterInternal(CharacterEncodingFilter.java:199)
	at org.springframework.web.filter.OncePerRequestFilter.doFilter(OncePerRequestFilter.java:116)
	at org.apache.catalina.core.ApplicationFilterChain.doFilter(ApplicationFilterChain.java:111)
	at org.apache.catalina.core.StandardWrapperValve.invoke(StandardWrapperValve.java:165)
	at org.apache.catalina.core.StandardContextValve.invoke(StandardContextValve.java:77)
	at org.apache.catalina.authenticator.AuthenticatorBase.invoke(AuthenticatorBase.java:535)
	at org.apache.catalina.core.StandardHostValve.invoke(StandardHostValve.java:115)
	at org.apache.catalina.valves.ErrorReportValve.invoke(ErrorReportValve.java:86)
	at org.apache.catalina.core.StandardEngineValve.invoke(StandardEngineValve.java:71)
	at org.apache.catalina.connector.CoyoteAdapter.service(CoyoteAdapter.java:347)
	at org.apache.coyote.http11.Http11Processor.service(Http11Processor.java:406)
	at org.apache.coyote.AbstractProcessorLight.process(AbstractProcessorLight.java:71)
	at org.apache.coyote.AbstractProtocol$ConnectionHandler.process(AbstractProtocol.java:1307)
	at org.apache.tomcat.util.net.NioEndpoint$SocketProcessor.doRun(NioEndpoint.java:2036)
	at org.apache.tomcat.util.net.SocketProcessorBase.run(SocketProcessorBase.java:74)
	at org.apache.tomcat.util.threads.ThreadPoolExecutor.runWorker(ThreadPoolExecutor.java:949)
	at org.apache.tomcat.util.threads.ThreadPoolExecutor$Worker.run(ThreadPoolExecutor.java:483)
	at org.apache.tomcat.util.threads.TaskThread$WrappingRunnable.run(TaskThread.java:74)
	at java.base/java.lang.Thread.run(Thread.java:1570)
2026-09-19 13:29:19 [http-nio-8082-exec-1] DEBUG o.s.web.servlet.DispatcherServlet - "ERROR" dispatch for GET "/sentinel/error", parameters={}
2026-09-19 13:29:19 [http-nio-8082-exec-1] DEBUG o.s.w.s.m.m.a.RequestMappingHandlerMapping - Mapped to org.springframework.boot.webmvc.autoconfigure.error.BasicErrorController#error(HttpServletRequest)
2026-09-19 13:29:19 [http-nio-8082-exec-1] DEBUG o.s.w.s.m.m.a.HttpEntityMethodProcessor - Using 'application/json', given [*/*] and supported [application/json, application/*+json, application/yaml]
2026-09-19 13:29:19 [http-nio-8082-exec-1] DEBUG o.s.w.s.m.m.a.HttpEntityMethodProcessor - Writing [{timestamp=Sat Sep 19 13:29:19 IST 2026, status=500, error=Internal Server Error, trace=java.lang.Nu (truncated)...]
2026-09-19 13:29:19 [http-nio-8082-exec-1] DEBUG o.s.web.servlet.DispatcherServlet - Exiting from "ERROR" dispatch, status 500
2026-09-19 13:30:36 [RMI TCP Connection(11)-127.0.0.1] INFO  o.s.b.a.SpringApplicationAdminMXBeanRegistrar$SpringApplicationAdmin - Application shutdown requested.
2026-09-19 13:30:36 [RMI TCP Connection(11)-127.0.0.1] INFO  o.s.boot.tomcat.GracefulShutdown - Commencing graceful shutdown. Waiting for active requests to complete
2026-09-19 13:30:36 [tomcat-shutdown] INFO  o.s.boot.tomcat.GracefulShutdown - Graceful shutdown complete
2026-09-19 13:30:36 [RMI TCP Connection(11)-127.0.0.1] INFO  o.s.o.j.LocalContainerEntityManagerFactoryBean - Closing JPA EntityManagerFactory for persistence unit 'default'
2026-09-19 13:30:36 [RMI TCP Connection(11)-127.0.0.1] INFO  com.zaxxer.hikari.HikariDataSource - HikariPool-1 - Shutdown initiated...
2026-09-19 13:30:36 [RMI TCP Connection(11)-127.0.0.1] INFO  com.zaxxer.hikari.HikariDataSource - HikariPool-1 - Shutdown completed.
2026-09-19 13:30:41 [restartedMain] INFO  c.s.SentinelFlowApplication - Starting SentinelFlowApplication using Java 22 with PID 18800 (D:\Java\SentinelFlow\target\classes started by hp in D:\Java\SentinelFlow)
2026-09-19 13:30:41 [restartedMain] DEBUG c.s.SentinelFlowApplication - Running with Spring Boot v4.1.1, Spring v7.0.9
2026-09-19 13:30:41 [restartedMain] INFO  c.s.SentinelFlowApplication - No active profile set, falling back to 1 default profile: "default"
2026-09-19 13:30:41 [restartedMain] INFO  o.s.b.d.e.DevToolsPropertyDefaultsPostProcessor - Devtools property defaults active! Set 'spring.devtools.add-properties' to 'false' to disable
2026-09-19 13:30:41 [restartedMain] INFO  o.s.b.d.e.DevToolsPropertyDefaultsPostProcessor - For additional web related logging consider setting the 'logging.level.web' property to 'DEBUG'
2026-09-19 13:30:42 [restartedMain] INFO  o.s.d.r.c.RepositoryConfigurationDelegate - Bootstrapping Spring Data JPA repositories in DEFAULT mode.
2026-09-19 13:30:43 [restartedMain] INFO  o.s.d.r.c.RepositoryConfigurationDelegate - Finished Spring Data repository scanning in 115 ms. Found 7 JPA repository interfaces.
2026-09-19 13:30:44 [restartedMain] INFO  o.s.boot.tomcat.TomcatWebServer - Tomcat initialized with port 8082 (http)
2026-09-19 13:30:44 [restartedMain] INFO  o.a.catalina.core.StandardService - Starting service [Tomcat]
2026-09-19 13:30:44 [restartedMain] INFO  o.a.catalina.core.StandardEngine - Starting Servlet engine: [Apache Tomcat/11.0.24]
2026-09-19 13:30:44 [restartedMain] INFO  o.s.b.w.c.s.WebApplicationContextInitializer - Root WebApplicationContext: initialization completed in 3131 ms
2026-09-19 13:30:44 [restartedMain] INFO  org.hibernate.orm.jpa - HHH008540: Processing PersistenceUnitInfo [name: default]
2026-09-19 13:30:44 [restartedMain] INFO  org.hibernate.orm.core - HHH000001: Hibernate ORM core version 7.4.5.Final
2026-09-19 13:30:45 [restartedMain] INFO  o.s.o.j.p.SpringPersistenceUnitInfo - No LoadTimeWeaver setup: ignoring JPA class transformer
2026-09-19 13:30:45 [restartedMain] INFO  com.zaxxer.hikari.HikariDataSource - HikariPool-1 - Starting...
2026-09-19 13:30:45 [restartedMain] INFO  com.zaxxer.hikari.pool.HikariPool - HikariPool-1 - Added connection org.postgresql.jdbc.PgConnection@33394713
2026-09-19 13:30:45 [restartedMain] INFO  com.zaxxer.hikari.HikariDataSource - HikariPool-1 - Start completed.
2026-09-19 13:30:46 [restartedMain] INFO  o.hibernate.orm.connections.pooling - HHH10001005: Database info:
	Database JDBC URL [jdbc:postgresql://localhost:5433/AzentioHackthon]
	Database driver: PostgreSQL JDBC Driver
	Database dialect: PostgreSQLDialect
	Database version: 18.6
	Default catalog/schema: AzentioHackthon/public
	Autocommit mode: undefined/unknown
	Isolation level: READ_COMMITTED [default READ_COMMITTED]
	JDBC fetch size: none
	Pool: DataSourceConnectionProvider
	Minimum pool size: undefined/unknown
	Maximum pool size: undefined/unknown
2026-09-19 13:30:47 [restartedMain] INFO  org.hibernate.orm.core - HHH000489: No JTA platform available (set 'hibernate.transaction.jta.platform' to enable JTA platform integration)
2026-09-19 13:30:47 [restartedMain] INFO  org.hibernate.orm.jdbc.batch - HHH100501: Automatic JDBC statement batching enabled (maximum batch size 20)
2026-09-19 13:30:47 [restartedMain] INFO  o.s.o.j.LocalContainerEntityManagerFactoryBean - Initialized JPA EntityManagerFactory for persistence unit 'default'
2026-09-19 13:30:47 [restartedMain] DEBUG o.s.d.j.r.c.JpaMetamodelMappingContextFactoryBean - Initializing JpaMetamodelMappingContext…
2026-09-19 13:30:47 [restartedMain] DEBUG o.s.d.j.r.c.JpaMetamodelMappingContextFactoryBean - Finished initializing JpaMetamodelMappingContext
2026-09-19 13:30:47 [restartedMain] INFO  o.s.d.j.r.q.QueryEnhancerFactories - Hibernate is in classpath; If applicable, HQL parser will be used.
2026-09-19 13:30:48 [restartedMain] DEBUG o.s.d.j.repository.query.NamedQuery - Looking up named query 'RuleConfig.findByRuleCode'
2026-09-19 13:30:48 [restartedMain] DEBUG o.s.d.j.repository.query.NamedQuery - Did not find named query RuleConfig.findByRuleCode
2026-09-19 13:30:48 [restartedMain] DEBUG o.s.d.j.repository.query.NamedQuery - Did not find named query Transaction.findByCountryCodeAndStatusAndTransactionDatetimeBetween.count
2026-09-19 13:30:49 [restartedMain] DEBUG o.s.d.j.repository.query.NamedQuery - Did not find named query Transaction.calculateAccountTransactionTotalFor90Days.count
2026-09-19 13:30:49 [restartedMain] DEBUG o.s.d.j.repository.query.NamedQuery - Did not find named query Transaction.findTransactionsByAccountAndTimeRange.count
2026-09-19 13:30:49 [restartedMain] DEBUG o.s.d.j.repository.query.NamedQuery - Did not find named query Transaction.calculateAccountTransactionTotal.count
2026-09-19 13:30:49 [restartedMain] DEBUG o.s.d.j.repository.query.NamedQuery - Did not find named query Transaction.findByAccountId.count
2026-09-19 13:30:49 [restartedMain] DEBUG o.s.d.j.repository.query.NamedQuery - Did not find named query Transaction.findByCountryCode.count
2026-09-19 13:30:49 [restartedMain] DEBUG o.s.d.j.repository.query.NamedQuery - Did not find named query Transaction.findHighRiskTransactionsByChannel.count
2026-09-19 13:30:49 [restartedMain] DEBUG o.s.d.j.repository.query.NamedQuery - Did not find named query Transaction.findTransactionsByTypeAndTimeRange.count
2026-09-19 13:30:49 [restartedMain] DEBUG o.s.d.j.repository.query.NamedQuery - Did not find named query Transaction.findHighValueTransactionsByAccountAndTimeRange.count
2026-09-19 13:30:49 [restartedMain] DEBUG o.s.d.j.repository.query.NamedQuery - Did not find named query Transaction.findByIsHighRiskTrue.count
2026-09-19 13:30:49 [restartedMain] DEBUG o.s.d.j.repository.query.NamedQuery - Did not find named query Transaction.findByAccountIdAndStatus.count
2026-09-19 13:30:49 [restartedMain] DEBUG o.s.d.j.repository.query.NamedQuery - Did not find named query Transaction.findTransactionsByAmountAndTimeRange.count
2026-09-19 13:30:49 [restartedMain] DEBUG o.s.d.j.repository.query.NamedQuery - Did not find named query Transaction.sumTransactionAmountByAccountAndTimeRange.count
2026-09-19 13:30:49 [restartedMain] DEBUG o.s.d.j.repository.query.NamedQuery - Did not find named query Transaction.countTransactionsByAccountAndTimeRange.count
2026-09-19 13:30:49 [restartedMain] DEBUG o.s.d.j.repository.query.NamedQuery - Did not find named query Transaction.sumTransactionAmountByCustomerAndTimeRange.count
2026-09-19 13:30:49 [restartedMain] DEBUG o.s.d.j.repository.query.NamedQuery - Looking up named query 'HighRiskJurisdiction.existsByCountryCodeAndActive'
2026-09-19 13:30:49 [restartedMain] DEBUG o.s.d.j.repository.query.NamedQuery - Did not find named query HighRiskJurisdiction.existsByCountryCodeAndActive
2026-09-19 13:30:49 [restartedMain] DEBUG o.s.d.j.repository.query.NamedQuery - Did not find named query Account.findActiveAccountsByCustomerAndCurrency.count
2026-09-19 13:30:49 [restartedMain] DEBUG o.s.d.j.repository.query.NamedQuery - Did not find named query Account.findByCustomerId.count
2026-09-19 13:30:49 [restartedMain] DEBUG o.s.d.j.repository.query.NamedQuery - Did not find named query Account.findByStatus.count
2026-09-19 13:30:49 [restartedMain] DEBUG o.s.d.j.repository.query.NamedQuery - Did not find named query Account.findByIsActiveTrueAndCurrency.count
2026-09-19 13:30:49 [restartedMain] DEBUG o.s.d.j.repository.query.NamedQuery - Did not find named query Account.findActiveAccountsWithMinBalance.count
2026-09-19 13:30:49 [restartedMain] DEBUG o.s.d.j.repository.query.NamedQuery - Did not find named query Account.findActiveAccountsByCustomerId.count
2026-09-19 13:32:07 [restartedMain] INFO  c.s.SentinelFlowApplication - Starting SentinelFlowApplication using Java 22 with PID 13708 (D:\Java\SentinelFlow\target\classes started by hp in D:\Java\SentinelFlow)
2026-09-19 13:32:07 [restartedMain] DEBUG c.s.SentinelFlowApplication - Running with Spring Boot v4.1.1, Spring v7.0.9
2026-09-19 13:32:07 [restartedMain] INFO  c.s.SentinelFlowApplication - No active profile set, falling back to 1 default profile: "default"
2026-09-19 13:32:07 [restartedMain] INFO  o.s.b.d.e.DevToolsPropertyDefaultsPostProcessor - Devtools property defaults active! Set 'spring.devtools.add-properties' to 'false' to disable
2026-09-19 13:32:07 [restartedMain] INFO  o.s.b.d.e.DevToolsPropertyDefaultsPostProcessor - For additional web related logging consider setting the 'logging.level.web' property to 'DEBUG'
2026-09-19 13:32:08 [restartedMain] INFO  o.s.d.r.c.RepositoryConfigurationDelegate - Bootstrapping Spring Data JPA repositories in DEFAULT mode.
2026-09-19 13:32:08 [restartedMain] INFO  o.s.d.r.c.RepositoryConfigurationDelegate - Finished Spring Data repository scanning in 52 ms. Found 7 JPA repository interfaces.
2026-09-19 13:32:08 [restartedMain] INFO  o.s.boot.tomcat.TomcatWebServer - Tomcat initialized with port 8082 (http)
2026-09-19 13:32:08 [restartedMain] INFO  o.a.catalina.core.StandardService - Starting service [Tomcat]
2026-09-19 13:32:08 [restartedMain] INFO  o.a.catalina.core.StandardEngine - Starting Servlet engine: [Apache Tomcat/11.0.24]
2026-09-19 13:32:08 [restartedMain] INFO  o.s.b.w.c.s.WebApplicationContextInitializer - Root WebApplicationContext: initialization completed in 1352 ms
2026-09-19 13:32:08 [restartedMain] INFO  org.hibernate.orm.jpa - HHH008540: Processing PersistenceUnitInfo [name: default]
2026-09-19 13:32:08 [restartedMain] INFO  org.hibernate.orm.core - HHH000001: Hibernate ORM core version 7.4.5.Final
2026-09-19 13:32:09 [restartedMain] INFO  o.s.o.j.p.SpringPersistenceUnitInfo - No LoadTimeWeaver setup: ignoring JPA class transformer
2026-09-19 13:32:09 [restartedMain] INFO  com.zaxxer.hikari.HikariDataSource - HikariPool-1 - Starting...
2026-09-19 13:32:09 [restartedMain] INFO  com.zaxxer.hikari.pool.HikariPool - HikariPool-1 - Added connection org.postgresql.jdbc.PgConnection@685ee632
2026-09-19 13:32:09 [restartedMain] INFO  com.zaxxer.hikari.HikariDataSource - HikariPool-1 - Start completed.
2026-09-19 13:32:09 [restartedMain] INFO  o.hibernate.orm.connections.pooling - HHH10001005: Database info:
	Database JDBC URL [jdbc:postgresql://localhost:5433/AzentioHackthon]
	Database driver: PostgreSQL JDBC Driver
	Database dialect: PostgreSQLDialect
	Database version: 18.6
	Default catalog/schema: AzentioHackthon/public
	Autocommit mode: undefined/unknown
	Isolation level: READ_COMMITTED [default READ_COMMITTED]
	JDBC fetch size: none
	Pool: DataSourceConnectionProvider
	Minimum pool size: undefined/unknown
	Maximum pool size: undefined/unknown
2026-09-19 13:32:11 [restartedMain] INFO  org.hibernate.orm.core - HHH000489: No JTA platform available (set 'hibernate.transaction.jta.platform' to enable JTA platform integration)
2026-09-19 13:32:11 [restartedMain] INFO  org.hibernate.orm.jdbc.batch - HHH100501: Automatic JDBC statement batching enabled (maximum batch size 20)
2026-09-19 13:32:11 [restartedMain] INFO  o.s.o.j.LocalContainerEntityManagerFactoryBean - Initialized JPA EntityManagerFactory for persistence unit 'default'
2026-09-19 13:32:11 [restartedMain] DEBUG o.s.d.j.r.c.JpaMetamodelMappingContextFactoryBean - Initializing JpaMetamodelMappingContext…
2026-09-19 13:32:11 [restartedMain] DEBUG o.s.d.j.r.c.JpaMetamodelMappingContextFactoryBean - Finished initializing JpaMetamodelMappingContext
2026-09-19 13:32:11 [restartedMain] INFO  o.s.d.j.r.q.QueryEnhancerFactories - Hibernate is in classpath; If applicable, HQL parser will be used.
2026-09-19 13:32:11 [restartedMain] DEBUG o.s.d.j.repository.query.NamedQuery - Looking up named query 'RuleConfig.findByRuleCode'
2026-09-19 13:32:11 [restartedMain] DEBUG o.s.d.j.repository.query.NamedQuery - Did not find named query RuleConfig.findByRuleCode
2026-09-19 13:32:11 [restartedMain] DEBUG o.s.d.j.repository.query.NamedQuery - Did not find named query Transaction.findTransactionsByAccountAndTimeRange.count
2026-09-19 13:32:11 [restartedMain] DEBUG o.s.d.j.repository.query.NamedQuery - Did not find named query Transaction.calculateAccountTransactionTotalFor90Days.count
2026-09-19 13:32:12 [restartedMain] DEBUG o.s.d.j.repository.query.NamedQuery - Did not find named query Transaction.calculateAccountTransactionTotal.count
2026-09-19 13:32:12 [restartedMain] DEBUG o.s.d.j.repository.query.NamedQuery - Did not find named query Transaction.findHighValueTransactionsByAccountAndTimeRange.count
2026-09-19 13:32:12 [restartedMain] DEBUG o.s.d.j.repository.query.NamedQuery - Did not find named query Transaction.findByCountryCodeAndStatusAndTransactionDatetimeBetween.count
2026-09-19 13:32:12 [restartedMain] DEBUG o.s.d.j.repository.query.NamedQuery - Did not find named query Transaction.findTransactionsByAmountAndTimeRange.count
2026-09-19 13:32:12 [restartedMain] DEBUG o.s.d.j.repository.query.NamedQuery - Did not find named query Transaction.sumTransactionAmountByCustomerAndTimeRange.count
2026-09-19 13:32:12 [restartedMain] DEBUG o.s.d.j.repository.query.NamedQuery - Did not find named query Transaction.sumTransactionAmountByAccountAndTimeRange.count
2026-09-19 13:32:12 [restartedMain] DEBUG o.s.d.j.repository.query.NamedQuery - Did not find named query Transaction.countTransactionsByAccountAndTimeRange.count
2026-09-19 13:32:12 [restartedMain] DEBUG o.s.d.j.repository.query.NamedQuery - Did not find named query Transaction.findHighRiskTransactionsByChannel.count
2026-09-19 13:32:12 [restartedMain] DEBUG o.s.d.j.repository.query.NamedQuery - Did not find named query Transaction.findTransactionsByTypeAndTimeRange.count
2026-09-19 13:32:12 [restartedMain] DEBUG o.s.d.j.repository.query.NamedQuery - Did not find named query Transaction.findByAccountId.count
2026-09-19 13:32:12 [restartedMain] DEBUG o.s.d.j.repository.query.NamedQuery - Did not find named query Transaction.findByCountryCode.count
2026-09-19 13:32:12 [restartedMain] DEBUG o.s.d.j.repository.query.NamedQuery - Did not find named query Transaction.findByAccountIdAndStatus.count
2026-09-19 13:32:12 [restartedMain] DEBUG o.s.d.j.repository.query.NamedQuery - Did not find named query Transaction.findByIsHighRiskTrue.count
2026-09-19 13:32:12 [restartedMain] DEBUG o.s.d.j.repository.query.NamedQuery - Looking up named query 'HighRiskJurisdiction.existsByCountryCodeAndActive'
2026-09-19 13:32:12 [restartedMain] DEBUG o.s.d.j.repository.query.NamedQuery - Did not find named query HighRiskJurisdiction.existsByCountryCodeAndActive
2026-09-19 13:32:12 [restartedMain] DEBUG o.s.d.j.repository.query.NamedQuery - Did not find named query Account.findByIsActiveTrueAndCurrency.count
2026-09-19 13:32:12 [restartedMain] DEBUG o.s.d.j.repository.query.NamedQuery - Did not find named query Account.findActiveAccountsByCustomerId.count
2026-09-19 13:32:12 [restartedMain] DEBUG o.s.d.j.repository.query.NamedQuery - Did not find named query Account.findActiveAccountsWithMinBalance.count
2026-09-19 13:32:12 [restartedMain] DEBUG o.s.d.j.repository.query.NamedQuery - Did not find named query Account.findActiveJointAccounts.count
2026-09-19 13:32:12 [restartedMain] DEBUG o.s.d.j.repository.query.NamedQuery - Did not find named query Account.findAccountsOpenedBetween.count
2026-09-19 13:32:12 [restartedMain] DEBUG o.s.d.j.repository.query.NamedQuery - Did not find named query Account.findByAccountNumber.count
2026-09-19 13:32:12 [restartedMain] DEBUG o.s.d.j.repository.query.NamedQuery - Did not find named query Account.findByCustomerIdAndStatus.count
2026-09-19 13:32:12 [restartedMain] DEBUG o.s.d.j.repository.query.NamedQuery - Did not find named query Account.findActiveAccountsByCustomerAndCurrency.count
2026-09-19 13:32:12 [restartedMain] DEBUG o.s.d.j.repository.query.NamedQuery - Did not find named query Account.findByCustomerId.count
2026-09-19 13:32:12 [restartedMain] DEBUG o.s.d.j.repository.query.NamedQuery - Did not find named query Account.findByStatus.count
2026-09-19 13:32:12 [restartedMain] DEBUG o.s.d.j.repository.query.NamedQuery - Did not find named query Alert.findByRuleCode.count
2026-09-19 13:32:12 [restartedMain] DEBUG o.s.d.j.repository.query.NamedQuery - Did not find named query Alert.findByAlertStatusAndCreatedByOrderByTriggeredAtDesc.count
2026-09-19 13:32:12 [restartedMain] DEBUG o.s.d.j.repository.query.NamedQuery - Did not find named query Alert.findOpenAlertsByRuleCodeAndCustomer.count
2026-09-19 13:32:12 [restartedMain] DEBUG o.s.d.j.repository.query.NamedQuery - Did not find named query Alert.findByCustomerId.count
2026-09-19 13:32:12 [restartedMain] DEBUG o.s.d.j.repository.query.NamedQuery - Did not find named query Alert.findOpenAlertsSortedByRiskScore.count
2026-09-19 13:32:12 [restartedMain] DEBUG o.s.d.j.repository.query.NamedQuery - Did not find named query Alert.countOpenAlertsByCustomerId.count
2026-09-19 13:32:12 [restartedMain] DEBUG o.s.d.j.repository.query.NamedQuery - Did not find named query Alert.findAlertsByRiskScoreAndTimeRange.count
2026-09-19 13:32:12 [restartedMain] DEBUG o.s.d.j.repository.query.NamedQuery - Did not find named query Alert.findByTransactionId.count
2026-09-19 13:32:12 [restartedMain] DEBUG o.s.d.j.repository.query.NamedQuery - Did not find named query Alert.findOpenAlertsByCustomerId.count
2026-09-19 13:32:12 [restartedMain] DEBUG o.s.d.j.repository.query.NamedQuery - Did not find named query Alert.findAlertsByDateRange.count
2026-09-19 13:32:12 [restartedMain] DEBUG o.s.d.j.repository.query.NamedQuery - Did not find named query Alert.findCriticalAlerts.count
2026-09-19 13:32:12 [restartedMain] DEBUG o.s.d.j.repository.query.NamedQuery - Did not find named query Alert.findByAlertStatus.count
2026-09-19 13:32:12 [restartedMain] DEBUG o.s.d.j.repository.query.NamedQuery - Did not find named query Alert.countOpenAlerts.count
2026-09-19 13:32:12 [restartedMain] DEBUG o.s.d.j.repository.query.NamedQuery - Did not find named query Alert.findByAccountId.count
2026-09-19 13:32:12 [restartedMain] DEBUG o.s.w.s.m.m.a.RequestMappingHandlerMapping - 7 mappings in 'requestMappingHandlerMapping'
2026-09-19 13:32:12 [restartedMain] DEBUG o.s.w.s.h.SimpleUrlHandlerMapping - Patterns [/webjars/**, /**, /swagger-ui*/*swagger-initializer.js, /swagger-ui*/**] in 'resourceHandlerMapping'
2026-09-19 13:32:12 [restartedMain] DEBUG o.s.w.s.m.m.a.RequestMappingHandlerAdapter - ControllerAdvice beans: 0 @ModelAttribute, 0 @InitBinder, 2 RequestBodyAdvice, 1 ResponseBodyAdvice
2026-09-19 13:32:12 [restartedMain] DEBUG o.s.w.s.m.m.a.ExceptionHandlerExceptionResolver - ControllerAdvice beans: 1 @ExceptionHandler, 1 ResponseBodyAdvice
2026-09-19 13:32:12 [restartedMain] DEBUG o.s.d.j.repository.query.NamedQuery - Did not find named query Customer.findByIsActiveTrueAndNumComplaintsGreaterThan.count
2026-09-19 13:32:12 [restartedMain] DEBUG o.s.d.j.repository.query.NamedQuery - Did not find named query Customer.findByPoliticallyExposedTrue.count
2026-09-19 13:32:12 [restartedMain] DEBUG o.s.d.j.repository.query.NamedQuery - Did not find named query Customer.findExposedHighRiskCustomers.count
2026-09-19 13:32:13 [restartedMain] DEBUG o.s.d.j.repository.query.NamedQuery - Did not find named query Customer.findActiveCustomersByCountry.count
2026-09-19 13:32:13 [restartedMain] DEBUG o.s.d.j.repository.query.NamedQuery - Did not find named query Customer.findHighRiskCustomers.count
2026-09-19 13:32:13 [restartedMain] DEBUG o.s.d.j.repository.query.NamedQuery - Did not find named query Customer.findVerifiedCustomers.count
2026-09-19 13:32:13 [restartedMain] DEBUG o.s.d.j.repository.query.NamedQuery - Did not find named query Customer.findByEmail.count
2026-09-19 13:32:13 [restartedMain] DEBUG o.s.d.j.repository.query.NamedQuery - Did not find named query Customer.findByKycStatus.count
2026-09-19 13:32:13 [restartedMain] DEBUG o.s.d.j.repository.query.NamedQuery - Did not find named query Customer.findByPhone.count
2026-09-19 13:32:13 [restartedMain] DEBUG o.s.d.j.repository.query.NamedQuery - Did not find named query Customer.findByRiskRating.count
2026-09-19 13:32:13 [restartedMain] DEBUG o.s.d.j.repository.query.NamedQuery - Did not find named query AmlCase.findByOpenedAtBetweenOrderByOpenedAtDesc.count
2026-09-19 13:32:13 [restartedMain] DEBUG o.s.d.j.repository.query.NamedQuery - Did not find named query AmlCase.findByCustomerId.count
2026-09-19 13:32:13 [restartedMain] DEBUG o.s.d.j.repository.query.NamedQuery - Did not find named query AmlCase.countOpenCasesAssignedToAnalyst.count
2026-09-19 13:32:13 [restartedMain] DEBUG o.s.d.j.repository.query.NamedQuery - Did not find named query AmlCase.findOpenCasesSortedBySeverity.count
2026-09-19 13:32:13 [restartedMain] DEBUG o.s.d.j.repository.query.NamedQuery - Did not find named query AmlCase.findOpenCasesAssignedToAnalyst.count
2026-09-19 13:32:13 [restartedMain] DEBUG o.s.d.j.repository.query.NamedQuery - Did not find named query AmlCase.findClosedCasesByDateRange.count
2026-09-19 13:32:13 [restartedMain] DEBUG o.s.d.j.repository.query.NamedQuery - Did not find named query AmlCase.findOpenCasesByCustomerId.count
2026-09-19 13:32:13 [restartedMain] DEBUG o.s.d.j.repository.query.NamedQuery - Did not find named query AmlCase.countOpenCasesByCustomerId.count
2026-09-19 13:32:13 [restartedMain] DEBUG o.s.d.j.repository.query.NamedQuery - Did not find named query AmlCase.findHighSeverityCases.count
2026-09-19 13:32:13 [restartedMain] DEBUG o.s.d.j.repository.query.NamedQuery - Did not find named query AmlCase.findUnassignedOpenCases.count
2026-09-19 13:32:13 [restartedMain] DEBUG o.s.d.j.repository.query.NamedQuery - Did not find named query AmlCase.findBySeverity.count
2026-09-19 13:32:13 [restartedMain] DEBUG o.s.d.j.repository.query.NamedQuery - Did not find named query AmlCase.countOpenCases.count
2026-09-19 13:32:13 [restartedMain] DEBUG o.s.d.j.repository.query.NamedQuery - Did not find named query AmlCase.findByAssignedTo.count
2026-09-19 13:32:13 [restartedMain] DEBUG o.s.d.j.repository.query.NamedQuery - Did not find named query AmlCase.findByCaseStatus.count
2026-09-19 13:32:13 [restartedMain] INFO  o.s.boot.tomcat.TomcatWebServer - Tomcat started on port 8082 (http) with context path '/sentinel'
2026-09-19 13:32:13 [restartedMain] INFO  c.s.SentinelFlowApplication - Started SentinelFlowApplication in 6.609 seconds (process running for 7.515)
2026-09-19 13:32:17 [http-nio-8082-exec-1] INFO  o.a.c.c.C.[.[localhost].[/sentinel] - Initializing Spring DispatcherServlet 'dispatcherServlet'
2026-09-19 13:32:17 [http-nio-8082-exec-1] INFO  o.s.web.servlet.DispatcherServlet - Initializing Servlet 'dispatcherServlet'
2026-09-19 13:32:17 [http-nio-8082-exec-1] DEBUG o.s.web.servlet.DispatcherServlet - Detected StandardServletMultipartResolver
2026-09-19 13:32:17 [http-nio-8082-exec-1] DEBUG o.s.web.servlet.DispatcherServlet - Detected AcceptHeaderLocaleResolver
2026-09-19 13:32:17 [http-nio-8082-exec-1] DEBUG o.s.web.servlet.DispatcherServlet - Detected org.springframework.web.servlet.view.DefaultRequestToViewNameTranslator@75ec14a9
2026-09-19 13:32:17 [http-nio-8082-exec-1] DEBUG o.s.web.servlet.DispatcherServlet - Detected org.springframework.web.servlet.support.SessionFlashMapManager@6de623af
2026-09-19 13:32:17 [http-nio-8082-exec-1] DEBUG o.s.web.servlet.DispatcherServlet - enableLoggingRequestDetails='false': request parameters and headers will be masked to prevent unsafe logging of potentially sensitive data
2026-09-19 13:32:17 [http-nio-8082-exec-1] INFO  o.s.web.servlet.DispatcherServlet - Completed initialization in 2 ms
2026-09-19 13:32:17 [http-nio-8082-exec-1] DEBUG o.s.web.servlet.DispatcherServlet - POST "/sentinel/api/v1/transactions", parameters={}
2026-09-19 13:32:17 [http-nio-8082-exec-1] DEBUG o.s.w.s.m.m.a.RequestMappingHandlerMapping - Mapped to com.sentinelflow.controller.TransactionController#createTransaction(TransactionRequest)
2026-09-19 13:32:17 [http-nio-8082-exec-1] DEBUG o.s.w.s.m.m.a.RequestResponseBodyMethodProcessor - Read "application/json;charset=UTF-8" to [com.sentinelflow.dto.TransactionRequest@68dca1d8]
2026-09-19 13:32:17 [http-nio-8082-exec-1] DEBUG o.s.d.j.r.query.PartTreeJpaQuery - QueryPreparer: Derived query for query method [public abstract java.util.Optional com.sentinelflow.repositories.RuleConfigRepository.findByRuleCode(java.lang.String)]: 'SELECT r FROM RuleConfig r WHERE r.ruleCode = :ruleCode'
2026-09-19 13:32:17 [http-nio-8082-exec-1] DEBUG o.s.d.j.r.query.PartTreeJpaQuery - QueryPreparer: Derived query for query method [public abstract java.util.Optional com.sentinelflow.repositories.RuleConfigRepository.findByRuleCode(java.lang.String)]: 'SELECT r FROM RuleConfig r WHERE r.ruleCode = :ruleCode'
2026-09-19 13:32:17 [http-nio-8082-exec-1] DEBUG o.s.d.j.r.query.PartTreeJpaQuery - QueryPreparer: Derived query for query method [public abstract boolean com.sentinelflow.repositories.HighRiskJurisdictionRepository.existsByCountryCodeAndActive(java.lang.String,boolean)]: 'SELECT h.id FROM HighRiskJurisdiction h WHERE h.countryCode = :countryCode AND h.active = :active'
2026-09-19 13:32:17 [http-nio-8082-exec-1] DEBUG o.s.d.j.r.query.PartTreeJpaQuery - QueryPreparer: Derived query for query method [public abstract java.util.Optional com.sentinelflow.repositories.RuleConfigRepository.findByRuleCode(java.lang.String)]: 'SELECT r FROM RuleConfig r WHERE r.ruleCode = :ruleCode'
2026-09-19 13:32:17 [http-nio-8082-exec-1] DEBUG o.s.d.j.r.query.PartTreeJpaQuery - QueryPreparer: Derived query for query method [public abstract java.util.Optional com.sentinelflow.repositories.RuleConfigRepository.findByRuleCode(java.lang.String)]: 'SELECT r FROM RuleConfig r WHERE r.ruleCode = :ruleCode'
2026-09-19 13:32:17 [http-nio-8082-exec-1] DEBUG o.s.d.j.r.query.PartTreeJpaQuery - QueryPreparer: Derived query for query method [public abstract java.util.Optional com.sentinelflow.repositories.RuleConfigRepository.findByRuleCode(java.lang.String)]: 'SELECT r FROM RuleConfig r WHERE r.ruleCode = :ruleCode'
2026-09-19 13:32:17 [http-nio-8082-exec-1] DEBUG o.s.d.j.r.query.PartTreeJpaQuery - QueryPreparer: Derived query for query method [public abstract java.util.Optional com.sentinelflow.repositories.RuleConfigRepository.findByRuleCode(java.lang.String)]: 'SELECT r FROM RuleConfig r WHERE r.ruleCode = :ruleCode'
2026-09-19 13:32:17 [http-nio-8082-exec-1] INFO  org.hibernate.orm.jdbc.batch - HHH100503: JDBC batch still contained JDBC statements on release
2026-09-19 13:32:17 [http-nio-8082-exec-1] WARN  org.hibernate.orm.jdbc.error - HHH000247: ErrorCode: 0, SQLState: 42804
2026-09-19 13:32:17 [http-nio-8082-exec-1] WARN  org.hibernate.orm.jdbc.error - Batch entry 0 insert into alert (account_id,alert_reason,alert_status,created_by,customer_id,evidence_json,resolved_at,risk_score,rule_code,rule_name,transaction_id,triggered_at,alert_id) values (('1'::int8),('Behavioral deviation detected'),('OPEN'),('SYSTEM'),('1'::int8),(NULL),(NULL),('25'::int4),('BEHAVIORAL_DEVIATION'),('BEHAVIORAL_DEVIATION'),('2'::int8),('2026-09-19 13:32:17.689662+05:30'),('1'::int8)) was aborted: ERROR: column "evidence_json" is of type jsonb but expression is of type character varying
  Hint: You will need to rewrite or cast the expression.
  Position: 198  Call getNextException to see other errors in the batch.
2026-09-19 13:32:17 [http-nio-8082-exec-1] WARN  org.hibernate.orm.jdbc.error - HHH000247: ErrorCode: 0, SQLState: 42804
2026-09-19 13:32:17 [http-nio-8082-exec-1] WARN  org.hibernate.orm.jdbc.error - Batch entry 0 insert into alert (account_id,alert_reason,alert_status,created_by,customer_id,evidence_json,resolved_at,risk_score,rule_code,rule_name,transaction_id,triggered_at,alert_id) values (('1'::int8),('Behavioral deviation detected'),('OPEN'),('SYSTEM'),('1'::int8),(NULL),(NULL),('25'::int4),('BEHAVIORAL_DEVIATION'),('BEHAVIORAL_DEVIATION'),('2'::int8),('2026-09-19 13:32:17.689662+05:30'),('1'::int8)) was aborted: ERROR: column "evidence_json" is of type jsonb but expression is of type character varying
  Hint: You will need to rewrite or cast the expression.
  Position: 198  Call getNextException to see other errors in the batch.
2026-09-19 13:32:17 [http-nio-8082-exec-1] DEBUG o.s.web.servlet.DispatcherServlet - Failed to complete request: org.springframework.dao.InvalidDataAccessResourceUsageException: could not execute batch [Batch entry 0 insert into alert (account_id,alert_reason,alert_status,created_by,customer_id,evidence_json,resolved_at,risk_score,rule_code,rule_name,transaction_id,triggered_at,alert_id) values (('1'::int8),('Behavioral deviation detected'),('OPEN'),('SYSTEM'),('1'::int8),(NULL),(NULL),('25'::int4),('BEHAVIORAL_DEVIATION'),('BEHAVIORAL_DEVIATION'),('2'::int8),('2026-09-19 13:32:17.689662+05:30'),('1'::int8)) was aborted: ERROR: column "evidence_json" is of type jsonb but expression is of type character varying
  Hint: You will need to rewrite or cast the expression.
  Position: 198  Call getNextException to see other errors in the batch.] [insert into alert (account_id,alert_reason,alert_status,created_by,customer_id,evidence_json,resolved_at,risk_score,rule_code,rule_name,transaction_id,triggered_at,alert_id) values (?,?,?,?,?,?,?,?,?,?,?,?,?)]; SQL [insert into alert (account_id,alert_reason,alert_status,created_by,customer_id,evidence_json,resolved_at,risk_score,rule_code,rule_name,transaction_id,triggered_at,alert_id) values (?,?,?,?,?,?,?,?,?,?,?,?,?)]
2026-09-19 13:32:17 [http-nio-8082-exec-1] ERROR o.a.c.c.C.[.[.[.[dispatcherServlet] - Servlet.service() for servlet [dispatcherServlet] in context with path [/sentinel] threw exception [Request processing failed: org.springframework.dao.InvalidDataAccessResourceUsageException: could not execute batch [Batch entry 0 insert into alert (account_id,alert_reason,alert_status,created_by,customer_id,evidence_json,resolved_at,risk_score,rule_code,rule_name,transaction_id,triggered_at,alert_id) values (('1'::int8),('Behavioral deviation detected'),('OPEN'),('SYSTEM'),('1'::int8),(NULL),(NULL),('25'::int4),('BEHAVIORAL_DEVIATION'),('BEHAVIORAL_DEVIATION'),('2'::int8),('2026-09-19 13:32:17.689662+05:30'),('1'::int8)) was aborted: ERROR: column "evidence_json" is of type jsonb but expression is of type character varying
  Hint: You will need to rewrite or cast the expression.
  Position: 198  Call getNextException to see other errors in the batch.] [insert into alert (account_id,alert_reason,alert_status,created_by,customer_id,evidence_json,resolved_at,risk_score,rule_code,rule_name,transaction_id,triggered_at,alert_id) values (?,?,?,?,?,?,?,?,?,?,?,?,?)]; SQL [insert into alert (account_id,alert_reason,alert_status,created_by,customer_id,evidence_json,resolved_at,risk_score,rule_code,rule_name,transaction_id,triggered_at,alert_id) values (?,?,?,?,?,?,?,?,?,?,?,?,?)]] with root cause
org.postgresql.util.PSQLException: ERROR: column "evidence_json" is of type jsonb but expression is of type character varying
  Hint: You will need to rewrite or cast the expression.
  Position: 198
	at org.postgresql.core.v3.QueryExecutorImpl.receiveErrorResponse(QueryExecutorImpl.java:2993)
	at org.postgresql.core.v3.QueryExecutorImpl.processResults(QueryExecutorImpl.java:2656)
	at org.postgresql.core.v3.QueryExecutorImpl.execute(QueryExecutorImpl.java:702)
	at org.postgresql.jdbc.PgStatement.internalExecuteBatch(PgStatement.java:940)
	at org.postgresql.jdbc.PgStatement.executeBatch(PgStatement.java:964)
	at org.postgresql.jdbc.PgPreparedStatement.executeBatch(PgPreparedStatement.java:1779)
	at com.zaxxer.hikari.pool.ProxyStatement.executeBatch(ProxyStatement.java:128)
	at com.zaxxer.hikari.pool.HikariProxyPreparedStatement.executeBatch(HikariProxyPreparedStatement.java)
	at org.hibernate.engine.jdbc.batch.internal.BatchImpl.lambda$performExecution$0(BatchImpl.java:258)
	at org.hibernate.engine.jdbc.mutation.internal.PreparedStatementGroupSingleTable.forEachStatement(PreparedStatementGroupSingleTable.java:63)
	at org.hibernate.engine.jdbc.batch.internal.BatchImpl.performExecution(BatchImpl.java:247)
	at org.hibernate.engine.jdbc.batch.internal.BatchImpl.execute(BatchImpl.java:226)
	at org.hibernate.engine.jdbc.internal.JdbcCoordinatorImpl.executeBatch(JdbcCoordinatorImpl.java:194)
	at org.hibernate.engine.spi.ActionQueue.executeActions(ActionQueue.java:658)
	at org.hibernate.engine.spi.ActionQueue.executeActions(ActionQueue.java:505)
	at org.hibernate.event.internal.AbstractFlushingEventListener.performExecutions(AbstractFlushingEventListener.java:386)
	at org.hibernate.event.internal.DefaultFlushEventListener.onFlush(DefaultFlushEventListener.java:40)
	at org.hibernate.event.service.internal.EventListenerGroupImpl.fireEventOnEachListener(EventListenerGroupImpl.java:138)
	at org.hibernate.internal.SessionImpl.fireFlush(SessionImpl.java:1472)
	at org.hibernate.internal.SessionImpl.managedFlush(SessionImpl.java:498)
	at org.hibernate.internal.SessionImpl.flushBeforeTransactionCompletion(SessionImpl.java:2100)
	at org.hibernate.internal.SessionImpl.beforeTransactionCompletion(SessionImpl.java:2021)
	at org.hibernate.engine.jdbc.internal.JdbcCoordinatorImpl.beforeTransactionCompletion(JdbcCoordinatorImpl.java:426)
	at org.hibernate.resource.transaction.backend.jdbc.internal.JdbcResourceLocalTransactionCoordinatorImpl.beforeCompletionCallback(JdbcResourceLocalTransactionCoordinatorImpl.java:167)
	at org.hibernate.resource.transaction.backend.jdbc.internal.JdbcResourceLocalTransactionCoordinatorImpl$TransactionDriverControlImpl.commitNoRollbackOnly(JdbcResourceLocalTransactionCoordinatorImpl.java:252)
	at org.hibernate.resource.transaction.backend.jdbc.internal.JdbcResourceLocalTransactionCoordinatorImpl$TransactionDriverControlImpl.commit(JdbcResourceLocalTransactionCoordinatorImpl.java:242)
	at org.hibernate.engine.transaction.internal.TransactionImpl.commit(TransactionImpl.java:89)
	at org.springframework.orm.jpa.JpaTransactionManager.doCommit(JpaTransactionManager.java:552)
	at org.springframework.transaction.support.AbstractPlatformTransactionManager.processCommit(AbstractPlatformTransactionManager.java:794)
	at org.springframework.transaction.support.AbstractPlatformTransactionManager.commit(AbstractPlatformTransactionManager.java:757)
	at org.springframework.transaction.interceptor.TransactionAspectSupport.commitTransactionAfterReturning(TransactionAspectSupport.java:687)
	at org.springframework.transaction.interceptor.TransactionAspectSupport.invokeWithinTransaction(TransactionAspectSupport.java:408)
	at org.springframework.transaction.interceptor.TransactionInterceptor.invoke(TransactionInterceptor.java:130)
	at org.springframework.aop.framework.ReflectiveMethodInvocation.proceed(ReflectiveMethodInvocation.java:179)
	at org.springframework.aop.framework.CglibAopProxy$DynamicAdvisedInterceptor.intercept(CglibAopProxy.java:719)
	at com.sentinelflow.service.impl.TransactionServiceImpl$$SpringCGLIB$$0.processTransaction(<generated>)
	at com.sentinelflow.controller.TransactionController.createTransaction(TransactionController.java:29)
	at java.base/jdk.internal.reflect.DirectMethodHandleAccessor.invoke(DirectMethodHandleAccessor.java:103)
	at java.base/java.lang.reflect.Method.invoke(Method.java:580)
	at org.springframework.web.method.support.InvocableHandlerMethod.doInvoke(InvocableHandlerMethod.java:252)
	at org.springframework.web.method.support.InvocableHandlerMethod.invokeForRequest(InvocableHandlerMethod.java:184)
	at org.springframework.web.servlet.mvc.method.annotation.ServletInvocableHandlerMethod.invokeAndHandle(ServletInvocableHandlerMethod.java:117)
	at org.springframework.web.servlet.mvc.method.annotation.RequestMappingHandlerAdapter.invokeHandlerMethod(RequestMappingHandlerAdapter.java:934)
	at org.springframework.web.servlet.mvc.method.annotation.RequestMappingHandlerAdapter.handleInternal(RequestMappingHandlerAdapter.java:853)
	at org.springframework.web.servlet.mvc.method.AbstractHandlerMethodAdapter.handle(AbstractHandlerMethodAdapter.java:86)
	at org.springframework.web.servlet.DispatcherServlet.doDispatch(DispatcherServlet.java:963)
	at org.springframework.web.servlet.DispatcherServlet.doService(DispatcherServlet.java:866)
	at org.springframework.web.servlet.FrameworkServlet.processRequest(FrameworkServlet.java:1000)
	at org.springframework.web.servlet.FrameworkServlet.doPost(FrameworkServlet.java:903)
	at jakarta.servlet.http.HttpServlet.service(HttpServlet.java:649)
	at org.springframework.web.servlet.FrameworkServlet.service(FrameworkServlet.java:874)
	at jakarta.servlet.http.HttpServlet.service(HttpServlet.java:710)
	at org.apache.catalina.core.ApplicationFilterChain.doFilter(ApplicationFilterChain.java:132)
	at org.apache.tomcat.websocket.server.WsFilter.doFilter(WsFilter.java:59)
	at org.apache.catalina.core.ApplicationFilterChain.doFilter(ApplicationFilterChain.java:111)
	at org.springframework.web.filter.RequestContextFilter.doFilterInternal(RequestContextFilter.java:100)
	at org.springframework.web.filter.OncePerRequestFilter.doFilter(OncePerRequestFilter.java:116)
	at org.apache.catalina.core.ApplicationFilterChain.doFilter(ApplicationFilterChain.java:111)
	at org.springframework.web.filter.FormContentFilter.doFilterInternal(FormContentFilter.java:93)
	at org.springframework.web.filter.OncePerRequestFilter.doFilter(OncePerRequestFilter.java:116)
	at org.apache.catalina.core.ApplicationFilterChain.doFilter(ApplicationFilterChain.java:111)
	at org.springframework.web.filter.CharacterEncodingFilter.doFilterInternal(CharacterEncodingFilter.java:199)
	at org.springframework.web.filter.OncePerRequestFilter.doFilter(OncePerRequestFilter.java:116)
	at org.apache.catalina.core.ApplicationFilterChain.doFilter(ApplicationFilterChain.java:111)
	at org.apache.catalina.core.StandardWrapperValve.invoke(StandardWrapperValve.java:165)
	at org.apache.catalina.core.StandardContextValve.invoke(StandardContextValve.java:77)
	at org.apache.catalina.authenticator.AuthenticatorBase.invoke(AuthenticatorBase.java:535)
	at org.apache.catalina.core.StandardHostValve.invoke(StandardHostValve.java:115)
	at org.apache.catalina.valves.ErrorReportValve.invoke(ErrorReportValve.java:86)
	at org.apache.catalina.core.StandardEngineValve.invoke(StandardEngineValve.java:71)
	at org.apache.catalina.connector.CoyoteAdapter.service(CoyoteAdapter.java:347)
	at org.apache.coyote.http11.Http11Processor.service(Http11Processor.java:406)
	at org.apache.coyote.AbstractProcessorLight.process(AbstractProcessorLight.java:71)
	at org.apache.coyote.AbstractProtocol$ConnectionHandler.process(AbstractProtocol.java:1307)
	at org.apache.tomcat.util.net.NioEndpoint$SocketProcessor.doRun(NioEndpoint.java:2036)
	at org.apache.tomcat.util.net.SocketProcessorBase.run(SocketProcessorBase.java:74)
	at org.apache.tomcat.util.threads.ThreadPoolExecutor.runWorker(ThreadPoolExecutor.java:949)
	at org.apache.tomcat.util.threads.ThreadPoolExecutor$Worker.run(ThreadPoolExecutor.java:483)
	at org.apache.tomcat.util.threads.TaskThread$WrappingRunnable.run(TaskThread.java:74)
	at java.base/java.lang.Thread.run(Thread.java:1570)
2026-09-19 13:32:17 [http-nio-8082-exec-1] DEBUG o.s.web.servlet.DispatcherServlet - "ERROR" dispatch for GET "/sentinel/error", parameters={}
2026-09-19 13:32:17 [http-nio-8082-exec-1] DEBUG o.s.w.s.m.m.a.RequestMappingHandlerMapping - Mapped to org.springframework.boot.webmvc.autoconfigure.error.BasicErrorController#error(HttpServletRequest)
2026-09-19 13:32:17 [http-nio-8082-exec-1] DEBUG o.s.w.s.m.m.a.HttpEntityMethodProcessor - Using 'application/json', given [*/*] and supported [application/json, application/*+json, application/yaml]
2026-09-19 13:32:17 [http-nio-8082-exec-1] DEBUG o.s.w.s.m.m.a.HttpEntityMethodProcessor - Writing [{timestamp=Sat Sep 19 13:32:17 IST 2026, status=500, error=Internal Server Error, trace=org.springfr (truncated)...]
2026-09-19 13:32:17 [http-nio-8082-exec-1] DEBUG o.s.web.servlet.DispatcherServlet - Exiting from "ERROR" dispatch, status 500
2026-09-19 13:33:23 [RMI TCP Connection(11)-127.0.0.1] INFO  o.s.b.a.SpringApplicationAdminMXBeanRegistrar$SpringApplicationAdmin - Application shutdown requested.
2026-09-19 13:33:23 [RMI TCP Connection(11)-127.0.0.1] INFO  o.s.boot.tomcat.GracefulShutdown - Commencing graceful shutdown. Waiting for active requests to complete
2026-09-19 13:33:23 [tomcat-shutdown] INFO  o.s.boot.tomcat.GracefulShutdown - Graceful shutdown complete
2026-09-19 13:33:23 [RMI TCP Connection(11)-127.0.0.1] INFO  o.s.o.j.LocalContainerEntityManagerFactoryBean - Closing JPA EntityManagerFactory for persistence unit 'default'
2026-09-19 13:33:23 [RMI TCP Connection(11)-127.0.0.1] INFO  com.zaxxer.hikari.HikariDataSource - HikariPool-1 - Shutdown initiated...
2026-09-19 13:33:23 [RMI TCP Connection(11)-127.0.0.1] INFO  com.zaxxer.hikari.HikariDataSource - HikariPool-1 - Shutdown completed.
2026-09-19 13:34:00 [restartedMain] INFO  c.s.SentinelFlowApplication - Starting SentinelFlowApplication using Java 22 with PID 19180 (D:\Java\SentinelFlow\target\classes started by hp in D:\Java\SentinelFlow)
2026-09-19 13:34:00 [restartedMain] DEBUG c.s.SentinelFlowApplication - Running with Spring Boot v4.1.1, Spring v7.0.9
2026-09-19 13:34:00 [restartedMain] INFO  c.s.SentinelFlowApplication - No active profile set, falling back to 1 default profile: "default"
2026-09-19 13:34:00 [restartedMain] INFO  o.s.b.d.e.DevToolsPropertyDefaultsPostProcessor - Devtools property defaults active! Set 'spring.devtools.add-properties' to 'false' to disable
2026-09-19 13:34:00 [restartedMain] INFO  o.s.b.d.e.DevToolsPropertyDefaultsPostProcessor - For additional web related logging consider setting the 'logging.level.web' property to 'DEBUG'
2026-09-19 13:34:00 [restartedMain] INFO  o.s.d.r.c.RepositoryConfigurationDelegate - Bootstrapping Spring Data JPA repositories in DEFAULT mode.
2026-09-19 13:34:00 [restartedMain] INFO  o.s.d.r.c.RepositoryConfigurationDelegate - Finished Spring Data repository scanning in 43 ms. Found 7 JPA repository interfaces.
2026-09-19 13:34:01 [restartedMain] INFO  o.s.boot.tomcat.TomcatWebServer - Tomcat initialized with port 8082 (http)
2026-09-19 13:34:01 [restartedMain] INFO  o.a.catalina.core.StandardService - Starting service [Tomcat]
2026-09-19 13:34:01 [restartedMain] INFO  o.a.catalina.core.StandardEngine - Starting Servlet engine: [Apache Tomcat/11.0.24]
2026-09-19 13:34:01 [restartedMain] INFO  o.s.b.w.c.s.WebApplicationContextInitializer - Root WebApplicationContext: initialization completed in 1094 ms
2026-09-19 13:34:01 [restartedMain] INFO  org.hibernate.orm.jpa - HHH008540: Processing PersistenceUnitInfo [name: default]
2026-09-19 13:34:01 [restartedMain] INFO  org.hibernate.orm.core - HHH000001: Hibernate ORM core version 7.4.5.Final
2026-09-19 13:34:01 [restartedMain] INFO  o.s.o.j.p.SpringPersistenceUnitInfo - No LoadTimeWeaver setup: ignoring JPA class transformer
2026-09-19 13:34:01 [restartedMain] INFO  com.zaxxer.hikari.HikariDataSource - HikariPool-1 - Starting...
2026-09-19 13:34:01 [restartedMain] INFO  com.zaxxer.hikari.pool.HikariPool - HikariPool-1 - Added connection org.postgresql.jdbc.PgConnection@5858005
2026-09-19 13:34:01 [restartedMain] INFO  com.zaxxer.hikari.HikariDataSource - HikariPool-1 - Start completed.
2026-09-19 13:34:02 [restartedMain] INFO  o.hibernate.orm.connections.pooling - HHH10001005: Database info:
	Database JDBC URL [jdbc:postgresql://localhost:5433/AzentioHackthon]
	Database driver: PostgreSQL JDBC Driver
	Database dialect: PostgreSQLDialect
	Database version: 18.6
	Default catalog/schema: AzentioHackthon/public
	Autocommit mode: undefined/unknown
	Isolation level: READ_COMMITTED [default READ_COMMITTED]
	JDBC fetch size: none
	Pool: DataSourceConnectionProvider
	Minimum pool size: undefined/unknown
	Maximum pool size: undefined/unknown
2026-09-19 13:34:03 [restartedMain] INFO  org.hibernate.orm.core - HHH000489: No JTA platform available (set 'hibernate.transaction.jta.platform' to enable JTA platform integration)
2026-09-19 13:34:03 [restartedMain] INFO  org.hibernate.orm.jdbc.batch - HHH100501: Automatic JDBC statement batching enabled (maximum batch size 20)
2026-09-19 13:34:03 [restartedMain] INFO  o.s.o.j.LocalContainerEntityManagerFactoryBean - Initialized JPA EntityManagerFactory for persistence unit 'default'
2026-09-19 13:34:03 [restartedMain] DEBUG o.s.d.j.r.c.JpaMetamodelMappingContextFactoryBean - Initializing JpaMetamodelMappingContext…
2026-09-19 13:34:03 [restartedMain] DEBUG o.s.d.j.r.c.JpaMetamodelMappingContextFactoryBean - Finished initializing JpaMetamodelMappingContext
2026-09-19 13:34:03 [restartedMain] INFO  o.s.d.j.r.q.QueryEnhancerFactories - Hibernate is in classpath; If applicable, HQL parser will be used.
2026-09-19 13:34:03 [restartedMain] DEBUG o.s.d.j.repository.query.NamedQuery - Looking up named query 'RuleConfig.findByRuleCode'
2026-09-19 13:34:03 [restartedMain] DEBUG o.s.d.j.repository.query.NamedQuery - Did not find named query RuleConfig.findByRuleCode
2026-09-19 13:34:03 [restartedMain] DEBUG o.s.d.j.repository.query.NamedQuery - Did not find named query Transaction.findTransactionsByAccountAndTimeRange.count
2026-09-19 13:34:04 [restartedMain] DEBUG o.s.d.j.repository.query.NamedQuery - Did not find named query Transaction.calculateAccountTransactionTotalFor90Days.count
2026-09-19 13:34:04 [restartedMain] DEBUG o.s.d.j.repository.query.NamedQuery - Did not find named query Transaction.calculateAccountTransactionTotal.count
2026-09-19 13:34:04 [restartedMain] DEBUG o.s.d.j.repository.query.NamedQuery - Did not find named query Transaction.findHighValueTransactionsByAccountAndTimeRange.count
2026-09-19 13:34:04 [restartedMain] DEBUG o.s.d.j.repository.query.NamedQuery - Did not find named query Transaction.findTransactionsByTypeAndTimeRange.count
2026-09-19 13:34:04 [restartedMain] DEBUG o.s.d.j.repository.query.NamedQuery - Did not find named query Transaction.findHighRiskTransactionsByChannel.count
2026-09-19 13:34:04 [restartedMain] DEBUG o.s.d.j.repository.query.NamedQuery - Did not find named query Transaction.sumTransactionAmountByCustomerAndTimeRange.count
2026-09-19 13:34:04 [restartedMain] DEBUG o.s.d.j.repository.query.NamedQuery - Did not find named query Transaction.sumTransactionAmountByAccountAndTimeRange.count
2026-09-19 13:34:04 [restartedMain] DEBUG o.s.d.j.repository.query.NamedQuery - Did not find named query Transaction.countTransactionsByAccountAndTimeRange.count
2026-09-19 13:34:04 [restartedMain] DEBUG o.s.d.j.repository.query.NamedQuery - Did not find named query Transaction.findTransactionsByAmountAndTimeRange.count
2026-09-19 13:34:04 [restartedMain] DEBUG o.s.d.j.repository.query.NamedQuery - Did not find named query Transaction.findByCountryCodeAndStatusAndTransactionDatetimeBetween.count
2026-09-19 13:34:04 [restartedMain] DEBUG o.s.d.j.repository.query.NamedQuery - Did not find named query Transaction.findByAccountId.count
2026-09-19 13:34:04 [restartedMain] DEBUG o.s.d.j.repository.query.NamedQuery - Did not find named query Transaction.findByCountryCode.count
2026-09-19 13:34:04 [restartedMain] DEBUG o.s.d.j.repository.query.NamedQuery - Did not find named query Transaction.findByAccountIdAndStatus.count
2026-09-19 13:34:04 [restartedMain] DEBUG o.s.d.j.repository.query.NamedQuery - Did not find named query Transaction.findByIsHighRiskTrue.count
2026-09-19 13:34:04 [restartedMain] DEBUG o.s.d.j.repository.query.NamedQuery - Looking up named query 'HighRiskJurisdiction.existsByCountryCodeAndActive'
2026-09-19 13:34:04 [restartedMain] DEBUG o.s.d.j.repository.query.NamedQuery - Did not find named query HighRiskJurisdiction.existsByCountryCodeAndActive
2026-09-19 13:34:04 [restartedMain] DEBUG o.s.d.j.repository.query.NamedQuery - Did not find named query Account.findByCustomerId.count
2026-09-19 13:34:04 [restartedMain] DEBUG o.s.d.j.repository.query.NamedQuery - Did not find named query Account.findByStatus.count
2026-09-19 13:34:04 [restartedMain] DEBUG o.s.d.j.repository.query.NamedQuery - Did not find named query Account.findByCustomerIdAndStatus.count
2026-09-19 13:34:04 [restartedMain] DEBUG o.s.d.j.repository.query.NamedQuery - Did not find named query Account.findAccountsOpenedBetween.count
2026-09-19 13:34:04 [restartedMain] DEBUG o.s.d.j.repository.query.NamedQuery - Did not find named query Account.findByAccountNumber.count
2026-09-19 13:34:04 [restartedMain] DEBUG o.s.d.j.repository.query.NamedQuery - Did not find named query Account.findActiveJointAccounts.count
2026-09-19 13:34:04 [restartedMain] DEBUG o.s.d.j.repository.query.NamedQuery - Did not find named query Account.findActiveAccountsByCustomerId.count
2026-09-19 13:34:04 [restartedMain] DEBUG o.s.d.j.repository.query.NamedQuery - Did not find named query Account.findByIsActiveTrueAndCurrency.count
2026-09-19 13:34:04 [restartedMain] DEBUG o.s.d.j.repository.query.NamedQuery - Did not find named query Account.findActiveAccountsWithMinBalance.count
2026-09-19 13:34:04 [restartedMain] DEBUG o.s.d.j.repository.query.NamedQuery - Did not find named query Account.findActiveAccountsByCustomerAndCurrency.count
2026-09-19 13:34:04 [restartedMain] DEBUG o.s.d.j.repository.query.NamedQuery - Did not find named query Alert.findByRuleCode.count
2026-09-19 13:34:04 [restartedMain] DEBUG o.s.d.j.repository.query.NamedQuery - Did not find named query Alert.findByCustomerId.count
2026-09-19 13:34:04 [restartedMain] DEBUG o.s.d.j.repository.query.NamedQuery - Did not find named query Alert.findOpenAlertsByCustomerId.count
2026-09-19 13:34:04 [restartedMain] DEBUG o.s.d.j.repository.query.NamedQuery - Did not find named query Alert.findByTransactionId.count
2026-09-19 13:34:04 [restartedMain] DEBUG o.s.d.j.repository.query.NamedQuery - Did not find named query Alert.findAlertsByDateRange.count
2026-09-19 13:34:04 [restartedMain] DEBUG o.s.d.j.repository.query.NamedQuery - Did not find named query Alert.findOpenAlertsSortedByRiskScore.count
2026-09-19 13:34:05 [restartedMain] DEBUG o.s.d.j.repository.query.NamedQuery - Did not find named query Alert.findAlertsByRiskScoreAndTimeRange.count
2026-09-19 13:34:05 [restartedMain] DEBUG o.s.d.j.repository.query.NamedQuery - Did not find named query Alert.countOpenAlertsByCustomerId.count
2026-09-19 13:34:05 [restartedMain] DEBUG o.s.d.j.repository.query.NamedQuery - Did not find named query Alert.findOpenAlertsByRuleCodeAndCustomer.count
2026-09-19 13:34:05 [restartedMain] DEBUG o.s.d.j.repository.query.NamedQuery - Did not find named query Alert.findByAlertStatusAndCreatedByOrderByTriggeredAtDesc.count
2026-09-19 13:34:05 [restartedMain] DEBUG o.s.d.j.repository.query.NamedQuery - Did not find named query Alert.findCriticalAlerts.count
2026-09-19 13:34:05 [restartedMain] DEBUG o.s.d.j.repository.query.NamedQuery - Did not find named query Alert.findByAlertStatus.count
2026-09-19 13:34:05 [restartedMain] DEBUG o.s.d.j.repository.query.NamedQuery - Did not find named query Alert.findByAccountId.count
2026-09-19 13:34:05 [restartedMain] DEBUG o.s.d.j.repository.query.NamedQuery - Did not find named query Alert.countOpenAlerts.count
2026-09-19 13:34:05 [restartedMain] DEBUG o.s.w.s.m.m.a.RequestMappingHandlerMapping - 7 mappings in 'requestMappingHandlerMapping'
2026-09-19 13:34:05 [restartedMain] DEBUG o.s.w.s.h.SimpleUrlHandlerMapping - Patterns [/webjars/**, /**, /swagger-ui*/*swagger-initializer.js, /swagger-ui*/**] in 'resourceHandlerMapping'
2026-09-19 13:34:05 [restartedMain] DEBUG o.s.w.s.m.m.a.RequestMappingHandlerAdapter - ControllerAdvice beans: 0 @ModelAttribute, 0 @InitBinder, 2 RequestBodyAdvice, 1 ResponseBodyAdvice
2026-09-19 13:34:05 [restartedMain] DEBUG o.s.w.s.m.m.a.ExceptionHandlerExceptionResolver - ControllerAdvice beans: 1 @ExceptionHandler, 1 ResponseBodyAdvice
2026-09-19 13:34:05 [restartedMain] DEBUG o.s.d.j.repository.query.NamedQuery - Did not find named query Customer.findByIsActiveTrueAndNumComplaintsGreaterThan.count
2026-09-19 13:34:05 [restartedMain] DEBUG o.s.d.j.repository.query.NamedQuery - Did not find named query Customer.findHighRiskCustomers.count
2026-09-19 13:34:05 [restartedMain] DEBUG o.s.d.j.repository.query.NamedQuery - Did not find named query Customer.findVerifiedCustomers.count
2026-09-19 13:34:05 [restartedMain] DEBUG o.s.d.j.repository.query.NamedQuery - Did not find named query Customer.findExposedHighRiskCustomers.count
2026-09-19 13:34:05 [restartedMain] DEBUG o.s.d.j.repository.query.NamedQuery - Did not find named query Customer.findActiveCustomersByCountry.count
2026-09-19 13:34:05 [restartedMain] DEBUG o.s.d.j.repository.query.NamedQuery - Did not find named query Customer.findByPoliticallyExposedTrue.count
2026-09-19 13:34:05 [restartedMain] DEBUG o.s.d.j.repository.query.NamedQuery - Did not find named query Customer.findByKycStatus.count
2026-09-19 13:34:05 [restartedMain] DEBUG o.s.d.j.repository.query.NamedQuery - Did not find named query Customer.findByEmail.count
2026-09-19 13:34:05 [restartedMain] DEBUG o.s.d.j.repository.query.NamedQuery - Did not find named query Customer.findByPhone.count
2026-09-19 13:34:05 [restartedMain] DEBUG o.s.d.j.repository.query.NamedQuery - Did not find named query Customer.findByRiskRating.count
2026-09-19 13:34:05 [restartedMain] DEBUG o.s.d.j.repository.query.NamedQuery - Did not find named query AmlCase.findByCustomerId.count
2026-09-19 13:34:05 [restartedMain] DEBUG o.s.d.j.repository.query.NamedQuery - Did not find named query AmlCase.findOpenCasesByCustomerId.count
2026-09-19 13:34:05 [restartedMain] DEBUG o.s.d.j.repository.query.NamedQuery - Did not find named query AmlCase.findUnassignedOpenCases.count
2026-09-19 13:34:05 [restartedMain] DEBUG o.s.d.j.repository.query.NamedQuery - Did not find named query AmlCase.countOpenCasesByCustomerId.count
2026-09-19 13:34:05 [restartedMain] DEBUG o.s.d.j.repository.query.NamedQuery - Did not find named query AmlCase.findClosedCasesByDateRange.count
2026-09-19 13:34:05 [restartedMain] DEBUG o.s.d.j.repository.query.NamedQuery - Did not find named query AmlCase.findHighSeverityCases.count
2026-09-19 13:34:05 [restartedMain] DEBUG o.s.d.j.repository.query.NamedQuery - Did not find named query AmlCase.findOpenCasesAssignedToAnalyst.count
2026-09-19 13:34:05 [restartedMain] DEBUG o.s.d.j.repository.query.NamedQuery - Did not find named query AmlCase.countOpenCasesAssignedToAnalyst.count
2026-09-19 13:34:05 [restartedMain] DEBUG o.s.d.j.repository.query.NamedQuery - Did not find named query AmlCase.findOpenCasesSortedBySeverity.count
2026-09-19 13:34:05 [restartedMain] DEBUG o.s.d.j.repository.query.NamedQuery - Did not find named query AmlCase.findByOpenedAtBetweenOrderByOpenedAtDesc.count
2026-09-19 13:34:05 [restartedMain] DEBUG o.s.d.j.repository.query.NamedQuery - Did not find named query AmlCase.countOpenCases.count
2026-09-19 13:34:05 [restartedMain] DEBUG o.s.d.j.repository.query.NamedQuery - Did not find named query AmlCase.findByAssignedTo.count
2026-09-19 13:34:05 [restartedMain] DEBUG o.s.d.j.repository.query.NamedQuery - Did not find named query AmlCase.findByCaseStatus.count
2026-09-19 13:34:05 [restartedMain] DEBUG o.s.d.j.repository.query.NamedQuery - Did not find named query AmlCase.findBySeverity.count
2026-09-19 13:34:05 [restartedMain] INFO  o.s.boot.tomcat.TomcatWebServer - Tomcat started on port 8082 (http) with context path '/sentinel'
2026-09-19 13:34:05 [restartedMain] INFO  c.s.SentinelFlowApplication - Started SentinelFlowApplication in 6.27 seconds (process running for 6.997)
2026-09-19 13:34:09 [http-nio-8082-exec-1] INFO  o.a.c.c.C.[.[localhost].[/sentinel] - Initializing Spring DispatcherServlet 'dispatcherServlet'
2026-09-19 13:34:09 [http-nio-8082-exec-1] INFO  o.s.web.servlet.DispatcherServlet - Initializing Servlet 'dispatcherServlet'
2026-09-19 13:34:09 [http-nio-8082-exec-1] DEBUG o.s.web.servlet.DispatcherServlet - Detected StandardServletMultipartResolver
2026-09-19 13:34:09 [http-nio-8082-exec-1] DEBUG o.s.web.servlet.DispatcherServlet - Detected AcceptHeaderLocaleResolver
2026-09-19 13:34:09 [http-nio-8082-exec-1] DEBUG o.s.web.servlet.DispatcherServlet - Detected org.springframework.web.servlet.view.DefaultRequestToViewNameTranslator@e675f7a
2026-09-19 13:34:09 [http-nio-8082-exec-1] DEBUG o.s.web.servlet.DispatcherServlet - Detected org.springframework.web.servlet.support.SessionFlashMapManager@6f9d4cbd
2026-09-19 13:34:09 [http-nio-8082-exec-1] DEBUG o.s.web.servlet.DispatcherServlet - enableLoggingRequestDetails='false': request parameters and headers will be masked to prevent unsafe logging of potentially sensitive data
2026-09-19 13:34:09 [http-nio-8082-exec-1] INFO  o.s.web.servlet.DispatcherServlet - Completed initialization in 4 ms
2026-09-19 13:34:10 [http-nio-8082-exec-1] DEBUG o.s.web.servlet.DispatcherServlet - POST "/sentinel/api/v1/transactions", parameters={}
2026-09-19 13:34:10 [http-nio-8082-exec-1] DEBUG o.s.w.s.m.m.a.RequestMappingHandlerMapping - Mapped to com.sentinelflow.controller.TransactionController#createTransaction(TransactionRequest)
2026-09-19 13:34:10 [http-nio-8082-exec-1] DEBUG o.s.w.s.m.m.a.RequestResponseBodyMethodProcessor - Read "application/json;charset=UTF-8" to [com.sentinelflow.dto.TransactionRequest@6cf17bb5]
2026-09-19 13:34:10 [http-nio-8082-exec-1] DEBUG o.s.d.j.r.query.PartTreeJpaQuery - QueryPreparer: Derived query for query method [public abstract java.util.Optional com.sentinelflow.repositories.RuleConfigRepository.findByRuleCode(java.lang.String)]: 'SELECT r FROM RuleConfig r WHERE r.ruleCode = :ruleCode'
2026-09-19 13:34:10 [http-nio-8082-exec-1] DEBUG o.s.d.j.r.query.PartTreeJpaQuery - QueryPreparer: Derived query for query method [public abstract java.util.Optional com.sentinelflow.repositories.RuleConfigRepository.findByRuleCode(java.lang.String)]: 'SELECT r FROM RuleConfig r WHERE r.ruleCode = :ruleCode'
2026-09-19 13:34:10 [http-nio-8082-exec-1] DEBUG o.s.d.j.r.query.PartTreeJpaQuery - QueryPreparer: Derived query for query method [public abstract boolean com.sentinelflow.repositories.HighRiskJurisdictionRepository.existsByCountryCodeAndActive(java.lang.String,boolean)]: 'SELECT h.id FROM HighRiskJurisdiction h WHERE h.countryCode = :countryCode AND h.active = :active'
2026-09-19 13:34:10 [http-nio-8082-exec-1] DEBUG o.s.d.j.r.query.PartTreeJpaQuery - QueryPreparer: Derived query for query method [public abstract java.util.Optional com.sentinelflow.repositories.RuleConfigRepository.findByRuleCode(java.lang.String)]: 'SELECT r FROM RuleConfig r WHERE r.ruleCode = :ruleCode'
2026-09-19 13:34:10 [http-nio-8082-exec-1] DEBUG o.s.d.j.r.query.PartTreeJpaQuery - QueryPreparer: Derived query for query method [public abstract java.util.Optional com.sentinelflow.repositories.RuleConfigRepository.findByRuleCode(java.lang.String)]: 'SELECT r FROM RuleConfig r WHERE r.ruleCode = :ruleCode'
2026-09-19 13:34:10 [http-nio-8082-exec-1] DEBUG o.s.d.j.r.query.PartTreeJpaQuery - QueryPreparer: Derived query for query method [public abstract java.util.Optional com.sentinelflow.repositories.RuleConfigRepository.findByRuleCode(java.lang.String)]: 'SELECT r FROM RuleConfig r WHERE r.ruleCode = :ruleCode'
2026-09-19 13:34:10 [http-nio-8082-exec-1] DEBUG o.s.d.j.r.query.PartTreeJpaQuery - QueryPreparer: Derived query for query method [public abstract java.util.Optional com.sentinelflow.repositories.RuleConfigRepository.findByRuleCode(java.lang.String)]: 'SELECT r FROM RuleConfig r WHERE r.ruleCode = :ruleCode'
2026-09-19 13:34:10 [http-nio-8082-exec-1] DEBUG o.s.w.s.m.m.a.HttpEntityMethodProcessor - Using 'application/json', given [*/*] and supported [application/json, application/*+json, application/yaml]
2026-09-19 13:34:10 [http-nio-8082-exec-1] DEBUG o.s.w.s.m.m.a.HttpEntityMethodProcessor - Writing [com.sentinelflow.models.Transaction@4afd8be2]
2026-09-19 13:34:10 [http-nio-8082-exec-1] WARN  o.s.w.s.m.s.DefaultHandlerExceptionResolver - Resolved [org.springframework.http.converter.HttpMessageNotWritableException: Could not write JSON: Cannot lazily initialize collection of role 'com.sentinelflow.models.Customer.accounts' with key '1' (no session)]
2026-09-19 13:34:10 [http-nio-8082-exec-1] DEBUG o.s.web.servlet.DispatcherServlet - Completed 500 INTERNAL_SERVER_ERROR
2026-09-19 13:34:10 [http-nio-8082-exec-1] DEBUG o.s.web.servlet.DispatcherServlet - "ERROR" dispatch for GET "/sentinel/error", parameters={}
2026-09-19 13:34:10 [http-nio-8082-exec-1] DEBUG o.s.w.s.m.m.a.RequestMappingHandlerMapping - Mapped to org.springframework.boot.webmvc.autoconfigure.error.BasicErrorController#error(HttpServletRequest)
2026-09-19 13:34:10 [http-nio-8082-exec-1] DEBUG o.s.w.s.m.m.a.HttpEntityMethodProcessor - Using 'application/json', given [*/*] and supported [application/json, application/*+json, application/yaml]
2026-09-19 13:34:10 [http-nio-8082-exec-1] DEBUG o.s.w.s.m.m.a.HttpEntityMethodProcessor - Writing [{timestamp=Sat Sep 19 13:34:10 IST 2026, status=500, error=Internal Server Error, trace=org.springfr (truncated)...]
2026-09-19 13:34:10 [http-nio-8082-exec-1] DEBUG o.s.web.servlet.DispatcherServlet - Exiting from "ERROR" dispatch, status 500
2026-09-19 13:35:13 [RMI TCP Connection(9)-127.0.0.1] INFO  o.s.b.a.SpringApplicationAdminMXBeanRegistrar$SpringApplicationAdmin - Application shutdown requested.
2026-09-19 13:35:13 [RMI TCP Connection(9)-127.0.0.1] INFO  o.s.boot.tomcat.GracefulShutdown - Commencing graceful shutdown. Waiting for active requests to complete
2026-09-19 13:35:13 [tomcat-shutdown] INFO  o.s.boot.tomcat.GracefulShutdown - Graceful shutdown complete
2026-09-19 13:35:13 [RMI TCP Connection(9)-127.0.0.1] INFO  o.s.o.j.LocalContainerEntityManagerFactoryBean - Closing JPA EntityManagerFactory for persistence unit 'default'
2026-09-19 13:35:13 [RMI TCP Connection(9)-127.0.0.1] INFO  com.zaxxer.hikari.HikariDataSource - HikariPool-1 - Shutdown initiated...
2026-09-19 13:35:13 [RMI TCP Connection(9)-127.0.0.1] INFO  com.zaxxer.hikari.HikariDataSource - HikariPool-1 - Shutdown completed.
2026-09-19 13:36:05 [restartedMain] INFO  c.s.SentinelFlowApplication - Starting SentinelFlowApplication using Java 22 with PID 2656 (D:\Java\SentinelFlow\target\classes started by hp in D:\Java\SentinelFlow)
2026-09-19 13:36:05 [restartedMain] DEBUG c.s.SentinelFlowApplication - Running with Spring Boot v4.1.1, Spring v7.0.9
2026-09-19 13:36:05 [restartedMain] INFO  c.s.SentinelFlowApplication - No active profile set, falling back to 1 default profile: "default"
2026-09-19 13:36:05 [restartedMain] INFO  o.s.b.d.e.DevToolsPropertyDefaultsPostProcessor - Devtools property defaults active! Set 'spring.devtools.add-properties' to 'false' to disable
2026-09-19 13:36:05 [restartedMain] INFO  o.s.b.d.e.DevToolsPropertyDefaultsPostProcessor - For additional web related logging consider setting the 'logging.level.web' property to 'DEBUG'
2026-09-19 13:36:07 [restartedMain] INFO  o.s.d.r.c.RepositoryConfigurationDelegate - Bootstrapping Spring Data JPA repositories in DEFAULT mode.
2026-09-19 13:36:07 [restartedMain] INFO  o.s.d.r.c.RepositoryConfigurationDelegate - Finished Spring Data repository scanning in 125 ms. Found 7 JPA repository interfaces.
2026-09-19 13:36:08 [restartedMain] INFO  o.s.boot.tomcat.TomcatWebServer - Tomcat initialized with port 8082 (http)
2026-09-19 13:36:08 [restartedMain] INFO  o.a.catalina.core.StandardService - Starting service [Tomcat]
2026-09-19 13:36:08 [restartedMain] INFO  o.a.catalina.core.StandardEngine - Starting Servlet engine: [Apache Tomcat/11.0.24]
2026-09-19 13:36:08 [restartedMain] INFO  o.s.b.w.c.s.WebApplicationContextInitializer - Root WebApplicationContext: initialization completed in 2971 ms
2026-09-19 13:36:09 [restartedMain] INFO  org.hibernate.orm.jpa - HHH008540: Processing PersistenceUnitInfo [name: default]
2026-09-19 13:36:09 [restartedMain] INFO  org.hibernate.orm.core - HHH000001: Hibernate ORM core version 7.4.5.Final
2026-09-19 13:36:10 [restartedMain] INFO  o.s.o.j.p.SpringPersistenceUnitInfo - No LoadTimeWeaver setup: ignoring JPA class transformer
2026-09-19 13:36:10 [restartedMain] INFO  com.zaxxer.hikari.HikariDataSource - HikariPool-1 - Starting...
2026-09-19 13:36:11 [restartedMain] INFO  com.zaxxer.hikari.pool.HikariPool - HikariPool-1 - Added connection org.postgresql.jdbc.PgConnection@78167a7e
2026-09-19 13:36:11 [restartedMain] INFO  com.zaxxer.hikari.HikariDataSource - HikariPool-1 - Start completed.
2026-09-19 13:36:11 [restartedMain] INFO  o.hibernate.orm.connections.pooling - HHH10001005: Database info:
	Database JDBC URL [jdbc:postgresql://localhost:5433/AzentioHackthon]
	Database driver: PostgreSQL JDBC Driver
	Database dialect: PostgreSQLDialect
	Database version: 18.6
	Default catalog/schema: AzentioHackthon/public
	Autocommit mode: undefined/unknown
	Isolation level: READ_COMMITTED [default READ_COMMITTED]
	JDBC fetch size: none
	Pool: DataSourceConnectionProvider
	Minimum pool size: undefined/unknown
	Maximum pool size: undefined/unknown
2026-09-19 13:36:13 [restartedMain] INFO  org.hibernate.orm.core - HHH000489: No JTA platform available (set 'hibernate.transaction.jta.platform' to enable JTA platform integration)
2026-09-19 13:36:13 [restartedMain] INFO  org.hibernate.orm.jdbc.batch - HHH100501: Automatic JDBC statement batching enabled (maximum batch size 20)
2026-09-19 13:36:13 [restartedMain] INFO  o.s.o.j.LocalContainerEntityManagerFactoryBean - Initialized JPA EntityManagerFactory for persistence unit 'default'
2026-09-19 13:36:13 [restartedMain] DEBUG o.s.d.j.r.c.JpaMetamodelMappingContextFactoryBean - Initializing JpaMetamodelMappingContext…
2026-09-19 13:36:13 [restartedMain] DEBUG o.s.d.j.r.c.JpaMetamodelMappingContextFactoryBean - Finished initializing JpaMetamodelMappingContext
2026-09-19 13:36:13 [restartedMain] INFO  o.s.d.j.r.q.QueryEnhancerFactories - Hibernate is in classpath; If applicable, HQL parser will be used.
2026-09-19 13:36:13 [restartedMain] DEBUG o.s.d.j.repository.query.NamedQuery - Looking up named query 'RuleConfig.findByRuleCode'
2026-09-19 13:36:13 [restartedMain] DEBUG o.s.d.j.repository.query.NamedQuery - Did not find named query RuleConfig.findByRuleCode
2026-09-19 13:36:13 [restartedMain] DEBUG o.s.d.j.repository.query.NamedQuery - Did not find named query Transaction.calculateAccountTransactionTotalFor90Days.count
2026-09-19 13:36:14 [restartedMain] DEBUG o.s.d.j.repository.query.NamedQuery - Did not find named query Transaction.findTransactionsByAccountAndTimeRange.count
2026-09-19 13:36:14 [restartedMain] DEBUG o.s.d.j.repository.query.NamedQuery - Did not find named query Transaction.calculateAccountTransactionTotal.count
2026-09-19 13:36:14 [restartedMain] DEBUG o.s.d.j.repository.query.NamedQuery - Did not find named query Transaction.findHighValueTransactionsByAccountAndTimeRange.count
2026-09-19 13:36:14 [restartedMain] DEBUG o.s.d.j.repository.query.NamedQuery - Did not find named query Transaction.findByCountryCodeAndStatusAndTransactionDatetimeBetween.count
2026-09-19 13:36:14 [restartedMain] DEBUG o.s.d.j.repository.query.NamedQuery - Did not find named query Transaction.findTransactionsByAmountAndTimeRange.count
2026-09-19 13:36:14 [restartedMain] DEBUG o.s.d.j.repository.query.NamedQuery - Did not find named query Transaction.sumTransactionAmountByAccountAndTimeRange.count
2026-09-19 13:36:14 [restartedMain] DEBUG o.s.d.j.repository.query.NamedQuery - Did not find named query Transaction.sumTransactionAmountByCustomerAndTimeRange.count
2026-09-19 13:36:14 [restartedMain] DEBUG o.s.d.j.repository.query.NamedQuery - Did not find named query Transaction.countTransactionsByAccountAndTimeRange.count
2026-09-19 13:36:14 [restartedMain] DEBUG o.s.d.j.repository.query.NamedQuery - Did not find named query Transaction.findTransactionsByTypeAndTimeRange.count
2026-09-19 13:36:14 [restartedMain] DEBUG o.s.d.j.repository.query.NamedQuery - Did not find named query Transaction.findHighRiskTransactionsByChannel.count
2026-09-19 13:36:14 [restartedMain] DEBUG o.s.d.j.repository.query.NamedQuery - Did not find named query Transaction.findByAccountIdAndStatus.count
2026-09-19 13:36:14 [restartedMain] DEBUG o.s.d.j.repository.query.NamedQuery - Did not find named query Transaction.findByIsHighRiskTrue.count
2026-09-19 13:36:14 [restartedMain] DEBUG o.s.d.j.repository.query.NamedQuery - Did not find named query Transaction.findByCountryCode.count
2026-09-19 13:36:14 [restartedMain] DEBUG o.s.d.j.repository.query.NamedQuery - Did not find named query Transaction.findByAccountId.count
2026-09-19 13:36:14 [restartedMain] DEBUG o.s.d.j.repository.query.NamedQuery - Looking up named query 'HighRiskJurisdiction.existsByCountryCodeAndActive'
2026-09-19 13:36:14 [restartedMain] DEBUG o.s.d.j.repository.query.NamedQuery - Did not find named query HighRiskJurisdiction.existsByCountryCodeAndActive
2026-09-19 13:36:14 [restartedMain] DEBUG o.s.d.j.repository.query.NamedQuery - Did not find named query Account.findByCustomerId.count
2026-09-19 13:36:14 [restartedMain] DEBUG o.s.d.j.repository.query.NamedQuery - Did not find named query Account.findByStatus.count
2026-09-19 13:36:14 [restartedMain] DEBUG o.s.d.j.repository.query.NamedQuery - Did not find named query Account.findByIsActiveTrueAndCurrency.count
2026-09-19 13:36:14 [restartedMain] DEBUG o.s.d.j.repository.query.NamedQuery - Did not find named query Account.findActiveAccountsWithMinBalance.count
2026-09-19 13:36:14 [restartedMain] DEBUG o.s.d.j.repository.query.NamedQuery - Did not find named query Account.findActiveAccountsByCustomerId.count
2026-09-19 13:36:14 [restartedMain] DEBUG o.s.d.j.repository.query.NamedQuery - Did not find named query Account.findActiveAccountsByCustomerAndCurrency.count
2026-09-19 13:36:14 [restartedMain] DEBUG o.s.d.j.repository.query.NamedQuery - Did not find named query Account.findAccountsOpenedBetween.count
2026-09-19 13:36:14 [restartedMain] DEBUG o.s.d.j.repository.query.NamedQuery - Did not find named query Account.findActiveJointAccounts.count
2026-09-19 13:36:14 [restartedMain] DEBUG o.s.d.j.repository.query.NamedQuery - Did not find named query Account.findByAccountNumber.count
2026-09-19 13:36:14 [restartedMain] DEBUG o.s.d.j.repository.query.NamedQuery - Did not find named query Account.findByCustomerIdAndStatus.count
2026-09-19 13:36:14 [restartedMain] DEBUG o.s.d.j.repository.query.NamedQuery - Did not find named query Alert.findByRuleCode.count
2026-09-19 13:36:14 [restartedMain] DEBUG o.s.d.j.repository.query.NamedQuery - Did not find named query Alert.findByAlertStatusAndCreatedByOrderByTriggeredAtDesc.count
2026-09-19 13:36:14 [restartedMain] DEBUG o.s.d.j.repository.query.NamedQuery - Did not find named query Alert.findByCustomerId.count
2026-09-19 13:36:14 [restartedMain] DEBUG o.s.d.j.repository.query.NamedQuery - Did not find named query Alert.findOpenAlertsByRuleCodeAndCustomer.count
2026-09-19 13:36:14 [restartedMain] DEBUG o.s.d.j.repository.query.NamedQuery - Did not find named query Alert.countOpenAlertsByCustomerId.count
2026-09-19 13:36:14 [restartedMain] DEBUG o.s.d.j.repository.query.NamedQuery - Did not find named query Alert.findAlertsByRiskScoreAndTimeRange.count
2026-09-19 13:36:14 [restartedMain] DEBUG o.s.d.j.repository.query.NamedQuery - Did not find named query Alert.findOpenAlertsSortedByRiskScore.count
2026-09-19 13:36:14 [restartedMain] DEBUG o.s.d.j.repository.query.NamedQuery - Did not find named query Alert.findAlertsByDateRange.count
2026-09-19 13:36:14 [restartedMain] DEBUG o.s.d.j.repository.query.NamedQuery - Did not find named query Alert.findOpenAlertsByCustomerId.count
2026-09-19 13:36:14 [restartedMain] DEBUG o.s.d.j.repository.query.NamedQuery - Did not find named query Alert.findByTransactionId.count
2026-09-19 13:36:14 [restartedMain] DEBUG o.s.d.j.repository.query.NamedQuery - Did not find named query Alert.findByAccountId.count
2026-09-19 13:36:14 [restartedMain] DEBUG o.s.d.j.repository.query.NamedQuery - Did not find named query Alert.countOpenAlerts.count
2026-09-19 13:36:14 [restartedMain] DEBUG o.s.d.j.repository.query.NamedQuery - Did not find named query Alert.findByAlertStatus.count
2026-09-19 13:36:14 [restartedMain] DEBUG o.s.d.j.repository.query.NamedQuery - Did not find named query Alert.findCriticalAlerts.count
2026-09-19 13:36:15 [restartedMain] DEBUG o.s.w.s.m.m.a.RequestMappingHandlerMapping - 7 mappings in 'requestMappingHandlerMapping'
2026-09-19 13:36:15 [restartedMain] DEBUG o.s.w.s.h.SimpleUrlHandlerMapping - Patterns [/webjars/**, /**, /swagger-ui*/*swagger-initializer.js, /swagger-ui*/**] in 'resourceHandlerMapping'
2026-09-19 13:36:15 [restartedMain] DEBUG o.s.w.s.m.m.a.RequestMappingHandlerAdapter - ControllerAdvice beans: 0 @ModelAttribute, 0 @InitBinder, 2 RequestBodyAdvice, 1 ResponseBodyAdvice
2026-09-19 13:36:15 [restartedMain] DEBUG o.s.w.s.m.m.a.ExceptionHandlerExceptionResolver - ControllerAdvice beans: 1 @ExceptionHandler, 1 ResponseBodyAdvice
2026-09-19 13:36:15 [restartedMain] DEBUG o.s.d.j.repository.query.NamedQuery - Did not find named query AmlCase.findByCustomerId.count
2026-09-19 13:36:15 [restartedMain] DEBUG o.s.d.j.repository.query.NamedQuery - Did not find named query AmlCase.findByOpenedAtBetweenOrderByOpenedAtDesc.count
2026-09-19 13:36:15 [restartedMain] DEBUG o.s.d.j.repository.query.NamedQuery - Did not find named query AmlCase.findOpenCasesAssignedToAnalyst.count
2026-09-19 13:36:15 [restartedMain] DEBUG o.s.d.j.repository.query.NamedQuery - Did not find named query AmlCase.countOpenCasesAssignedToAnalyst.count
2026-09-19 13:36:15 [restartedMain] DEBUG o.s.d.j.repository.query.NamedQuery - Did not find named query AmlCase.findOpenCasesSortedBySeverity.count
2026-09-19 13:36:15 [restartedMain] DEBUG o.s.d.j.repository.query.NamedQuery - Did not find named query AmlCase.findOpenCasesByCustomerId.count
2026-09-19 13:36:15 [restartedMain] DEBUG o.s.d.j.repository.query.NamedQuery - Did not find named query AmlCase.findHighSeverityCases.count
2026-09-19 13:36:15 [restartedMain] DEBUG o.s.d.j.repository.query.NamedQuery - Did not find named query AmlCase.findUnassignedOpenCases.count
2026-09-19 13:36:15 [restartedMain] DEBUG o.s.d.j.repository.query.NamedQuery - Did not find named query AmlCase.countOpenCasesByCustomerId.count
2026-09-19 13:36:15 [restartedMain] DEBUG o.s.d.j.repository.query.NamedQuery - Did not find named query AmlCase.findClosedCasesByDateRange.count
2026-09-19 13:36:15 [restartedMain] DEBUG o.s.d.j.repository.query.NamedQuery - Did not find named query AmlCase.findByAssignedTo.count
2026-09-19 13:36:15 [restartedMain] DEBUG o.s.d.j.repository.query.NamedQuery - Did not find named query AmlCase.countOpenCases.count
2026-09-19 13:36:15 [restartedMain] DEBUG o.s.d.j.repository.query.NamedQuery - Did not find named query AmlCase.findBySeverity.count
2026-09-19 13:36:15 [restartedMain] DEBUG o.s.d.j.repository.query.NamedQuery - Did not find named query AmlCase.findByCaseStatus.count
2026-09-19 13:36:15 [restartedMain] DEBUG o.s.d.j.repository.query.NamedQuery - Did not find named query Customer.findByIsActiveTrueAndNumComplaintsGreaterThan.count
2026-09-19 13:36:15 [restartedMain] DEBUG o.s.d.j.repository.query.NamedQuery - Did not find named query Customer.findExposedHighRiskCustomers.count
2026-09-19 13:36:15 [restartedMain] DEBUG o.s.d.j.repository.query.NamedQuery - Did not find named query Customer.findByPoliticallyExposedTrue.count
2026-09-19 13:36:15 [restartedMain] DEBUG o.s.d.j.repository.query.NamedQuery - Did not find named query Customer.findActiveCustomersByCountry.count
2026-09-19 13:36:15 [restartedMain] DEBUG o.s.d.j.repository.query.NamedQuery - Did not find named query Customer.findVerifiedCustomers.count
2026-09-19 13:36:15 [restartedMain] DEBUG o.s.d.j.repository.query.NamedQuery - Did not find named query Customer.findHighRiskCustomers.count
2026-09-19 13:36:15 [restartedMain] DEBUG o.s.d.j.repository.query.NamedQuery - Did not find named query Customer.findByEmail.count
2026-09-19 13:36:15 [restartedMain] DEBUG o.s.d.j.repository.query.NamedQuery - Did not find named query Customer.findByKycStatus.count
2026-09-19 13:36:15 [restartedMain] DEBUG o.s.d.j.repository.query.NamedQuery - Did not find named query Customer.findByPhone.count
2026-09-19 13:36:15 [restartedMain] DEBUG o.s.d.j.repository.query.NamedQuery - Did not find named query Customer.findByRiskRating.count
2026-09-19 13:36:16 [restartedMain] INFO  o.s.boot.tomcat.TomcatWebServer - Tomcat started on port 8082 (http) with context path '/sentinel'
2026-09-19 13:36:16 [restartedMain] INFO  c.s.SentinelFlowApplication - Started SentinelFlowApplication in 11.42 seconds (process running for 12.755)
2026-09-19 13:36:29 [http-nio-8082-exec-2] INFO  o.a.c.c.C.[.[localhost].[/sentinel] - Initializing Spring DispatcherServlet 'dispatcherServlet'
2026-09-19 13:36:29 [http-nio-8082-exec-2] INFO  o.s.web.servlet.DispatcherServlet - Initializing Servlet 'dispatcherServlet'
2026-09-19 13:36:29 [http-nio-8082-exec-2] DEBUG o.s.web.servlet.DispatcherServlet - Detected StandardServletMultipartResolver
2026-09-19 13:36:29 [http-nio-8082-exec-2] DEBUG o.s.web.servlet.DispatcherServlet - Detected AcceptHeaderLocaleResolver
2026-09-19 13:36:29 [http-nio-8082-exec-2] DEBUG o.s.web.servlet.DispatcherServlet - Detected org.springframework.web.servlet.view.DefaultRequestToViewNameTranslator@533b7c
2026-09-19 13:36:29 [http-nio-8082-exec-2] DEBUG o.s.web.servlet.DispatcherServlet - Detected org.springframework.web.servlet.support.SessionFlashMapManager@3f09a24e
2026-09-19 13:36:29 [http-nio-8082-exec-2] DEBUG o.s.web.servlet.DispatcherServlet - enableLoggingRequestDetails='false': request parameters and headers will be masked to prevent unsafe logging of potentially sensitive data
2026-09-19 13:36:29 [http-nio-8082-exec-2] INFO  o.s.web.servlet.DispatcherServlet - Completed initialization in 0 ms
2026-09-19 13:36:29 [http-nio-8082-exec-2] DEBUG o.s.web.servlet.DispatcherServlet - POST "/sentinel/api/v1/transactions", parameters={}
2026-09-19 13:36:29 [http-nio-8082-exec-2] DEBUG o.s.w.s.m.m.a.RequestMappingHandlerMapping - Mapped to com.sentinelflow.controller.TransactionController#createTransaction(TransactionRequest)
2026-09-19 13:36:29 [http-nio-8082-exec-2] DEBUG o.s.w.s.m.m.a.RequestResponseBodyMethodProcessor - Read "application/json;charset=UTF-8" to [com.sentinelflow.dto.TransactionRequest@5e320b29]
2026-09-19 13:36:29 [http-nio-8082-exec-2] DEBUG o.s.d.j.r.query.PartTreeJpaQuery - QueryPreparer: Derived query for query method [public abstract java.util.Optional com.sentinelflow.repositories.RuleConfigRepository.findByRuleCode(java.lang.String)]: 'SELECT r FROM RuleConfig r WHERE r.ruleCode = :ruleCode'
2026-09-19 13:36:29 [http-nio-8082-exec-2] DEBUG o.s.d.j.r.query.PartTreeJpaQuery - QueryPreparer: Derived query for query method [public abstract java.util.Optional com.sentinelflow.repositories.RuleConfigRepository.findByRuleCode(java.lang.String)]: 'SELECT r FROM RuleConfig r WHERE r.ruleCode = :ruleCode'
2026-09-19 13:36:29 [http-nio-8082-exec-2] DEBUG o.s.d.j.r.query.PartTreeJpaQuery - QueryPreparer: Derived query for query method [public abstract boolean com.sentinelflow.repositories.HighRiskJurisdictionRepository.existsByCountryCodeAndActive(java.lang.String,boolean)]: 'SELECT h.id FROM HighRiskJurisdiction h WHERE h.countryCode = :countryCode AND h.active = :active'
2026-09-19 13:36:29 [http-nio-8082-exec-2] DEBUG o.s.d.j.r.query.PartTreeJpaQuery - QueryPreparer: Derived query for query method [public abstract java.util.Optional com.sentinelflow.repositories.RuleConfigRepository.findByRuleCode(java.lang.String)]: 'SELECT r FROM RuleConfig r WHERE r.ruleCode = :ruleCode'
2026-09-19 13:36:29 [http-nio-8082-exec-2] DEBUG o.s.d.j.r.query.PartTreeJpaQuery - QueryPreparer: Derived query for query method [public abstract java.util.Optional com.sentinelflow.repositories.RuleConfigRepository.findByRuleCode(java.lang.String)]: 'SELECT r FROM RuleConfig r WHERE r.ruleCode = :ruleCode'
2026-09-19 13:36:29 [http-nio-8082-exec-2] DEBUG o.s.d.j.r.query.PartTreeJpaQuery - QueryPreparer: Derived query for query method [public abstract java.util.Optional com.sentinelflow.repositories.RuleConfigRepository.findByRuleCode(java.lang.String)]: 'SELECT r FROM RuleConfig r WHERE r.ruleCode = :ruleCode'
2026-09-19 13:36:29 [http-nio-8082-exec-2] DEBUG o.s.d.j.r.query.PartTreeJpaQuery - QueryPreparer: Derived query for query method [public abstract java.util.Optional com.sentinelflow.repositories.RuleConfigRepository.findByRuleCode(java.lang.String)]: 'SELECT r FROM RuleConfig r WHERE r.ruleCode = :ruleCode'
2026-09-19 13:36:29 [http-nio-8082-exec-2] DEBUG o.s.w.s.m.m.a.HttpEntityMethodProcessor - Using 'application/json', given [*/*] and supported [application/json, application/*+json, application/yaml]
2026-09-19 13:36:29 [http-nio-8082-exec-2] DEBUG o.s.w.s.m.m.a.HttpEntityMethodProcessor - Writing [com.sentinelflow.models.Transaction@647c255c]
2026-09-19 13:36:29 [http-nio-8082-exec-2] WARN  o.s.w.s.m.s.DefaultHandlerExceptionResolver - Ignoring exception, response committed already: org.springframework.http.converter.HttpMessageNotWritableException: Could not write JSON: Document nesting depth (501) exceeds the maximum allowed (500, from `StreamWriteConstraints.getMaxNestingDepth()`)
2026-09-19 13:36:29 [http-nio-8082-exec-2] WARN  o.s.w.s.m.s.DefaultHandlerExceptionResolver - Resolved [org.springframework.http.converter.HttpMessageNotWritableException: Could not write JSON: Document nesting depth (501) exceeds the maximum allowed (500, from `StreamWriteConstraints.getMaxNestingDepth()`)]
2026-09-19 13:36:29 [http-nio-8082-exec-2] DEBUG o.s.web.servlet.DispatcherServlet - Completed 200 OK
2026-09-19 13:38:16 [RMI TCP Connection(11)-127.0.0.1] INFO  o.s.b.a.SpringApplicationAdminMXBeanRegistrar$SpringApplicationAdmin - Application shutdown requested.
2026-09-19 13:38:16 [RMI TCP Connection(11)-127.0.0.1] INFO  o.s.boot.tomcat.GracefulShutdown - Commencing graceful shutdown. Waiting for active requests to complete
2026-09-19 13:38:16 [tomcat-shutdown] INFO  o.s.boot.tomcat.GracefulShutdown - Graceful shutdown complete
2026-09-19 13:38:16 [RMI TCP Connection(11)-127.0.0.1] INFO  o.s.o.j.LocalContainerEntityManagerFactoryBean - Closing JPA EntityManagerFactory for persistence unit 'default'
2026-09-19 13:38:16 [RMI TCP Connection(11)-127.0.0.1] INFO  com.zaxxer.hikari.HikariDataSource - HikariPool-1 - Shutdown initiated...
2026-09-19 13:38:16 [RMI TCP Connection(11)-127.0.0.1] INFO  com.zaxxer.hikari.HikariDataSource - HikariPool-1 - Shutdown completed.
2026-09-19 13:39:25 [restartedMain] INFO  c.s.SentinelFlowApplication - Starting SentinelFlowApplication using Java 22 with PID 16164 (D:\Java\SentinelFlow\target\classes started by hp in D:\Java\SentinelFlow)
2026-09-19 13:39:25 [restartedMain] DEBUG c.s.SentinelFlowApplication - Running with Spring Boot v4.1.1, Spring v7.0.9
2026-09-19 13:39:25 [restartedMain] INFO  c.s.SentinelFlowApplication - No active profile set, falling back to 1 default profile: "default"
2026-09-19 13:39:25 [restartedMain] INFO  o.s.b.d.e.DevToolsPropertyDefaultsPostProcessor - Devtools property defaults active! Set 'spring.devtools.add-properties' to 'false' to disable
2026-09-19 13:39:25 [restartedMain] INFO  o.s.b.d.e.DevToolsPropertyDefaultsPostProcessor - For additional web related logging consider setting the 'logging.level.web' property to 'DEBUG'
2026-09-19 13:39:25 [restartedMain] INFO  o.s.d.r.c.RepositoryConfigurationDelegate - Bootstrapping Spring Data JPA repositories in DEFAULT mode.
2026-09-19 13:39:25 [restartedMain] INFO  o.s.d.r.c.RepositoryConfigurationDelegate - Finished Spring Data repository scanning in 42 ms. Found 7 JPA repository interfaces.
2026-09-19 13:39:26 [restartedMain] INFO  o.s.boot.tomcat.TomcatWebServer - Tomcat initialized with port 8082 (http)
2026-09-19 13:39:26 [restartedMain] INFO  o.a.catalina.core.StandardService - Starting service [Tomcat]
2026-09-19 13:39:26 [restartedMain] INFO  o.a.catalina.core.StandardEngine - Starting Servlet engine: [Apache Tomcat/11.0.24]
2026-09-19 13:39:26 [restartedMain] INFO  o.s.b.w.c.s.WebApplicationContextInitializer - Root WebApplicationContext: initialization completed in 1038 ms
2026-09-19 13:39:26 [restartedMain] INFO  org.hibernate.orm.jpa - HHH008540: Processing PersistenceUnitInfo [name: default]
2026-09-19 13:39:26 [restartedMain] INFO  org.hibernate.orm.core - HHH000001: Hibernate ORM core version 7.4.5.Final
2026-09-19 13:39:26 [restartedMain] INFO  o.s.o.j.p.SpringPersistenceUnitInfo - No LoadTimeWeaver setup: ignoring JPA class transformer
2026-09-19 13:39:26 [restartedMain] INFO  com.zaxxer.hikari.HikariDataSource - HikariPool-1 - Starting...
2026-09-19 13:39:26 [restartedMain] INFO  com.zaxxer.hikari.pool.HikariPool - HikariPool-1 - Added connection org.postgresql.jdbc.PgConnection@5a233957
2026-09-19 13:39:26 [restartedMain] INFO  com.zaxxer.hikari.HikariDataSource - HikariPool-1 - Start completed.
2026-09-19 13:39:26 [restartedMain] INFO  o.hibernate.orm.connections.pooling - HHH10001005: Database info:
	Database JDBC URL [jdbc:postgresql://localhost:5433/AzentioHackthon]
	Database driver: PostgreSQL JDBC Driver
	Database dialect: PostgreSQLDialect
	Database version: 18.6
	Default catalog/schema: AzentioHackthon/public
	Autocommit mode: undefined/unknown
	Isolation level: READ_COMMITTED [default READ_COMMITTED]
	JDBC fetch size: none
	Pool: DataSourceConnectionProvider
	Minimum pool size: undefined/unknown
	Maximum pool size: undefined/unknown
2026-09-19 13:39:27 [restartedMain] INFO  org.hibernate.orm.core - HHH000489: No JTA platform available (set 'hibernate.transaction.jta.platform' to enable JTA platform integration)
2026-09-19 13:39:27 [restartedMain] INFO  org.hibernate.orm.jdbc.batch - HHH100501: Automatic JDBC statement batching enabled (maximum batch size 20)
2026-09-19 13:39:27 [restartedMain] INFO  o.s.o.j.LocalContainerEntityManagerFactoryBean - Initialized JPA EntityManagerFactory for persistence unit 'default'
2026-09-19 13:39:27 [restartedMain] DEBUG o.s.d.j.r.c.JpaMetamodelMappingContextFactoryBean - Initializing JpaMetamodelMappingContext…
2026-09-19 13:39:27 [restartedMain] DEBUG o.s.d.j.r.c.JpaMetamodelMappingContextFactoryBean - Finished initializing JpaMetamodelMappingContext
2026-09-19 13:39:27 [restartedMain] INFO  o.s.d.j.r.q.QueryEnhancerFactories - Hibernate is in classpath; If applicable, HQL parser will be used.
2026-09-19 13:39:28 [restartedMain] DEBUG o.s.d.j.repository.query.NamedQuery - Looking up named query 'RuleConfig.findByRuleCode'
2026-09-19 13:39:28 [restartedMain] DEBUG o.s.d.j.repository.query.NamedQuery - Did not find named query RuleConfig.findByRuleCode
2026-09-19 13:39:28 [restartedMain] DEBUG o.s.d.j.repository.query.NamedQuery - Did not find named query Transaction.findHighRiskTransactionsByChannel.count
2026-09-19 13:39:28 [restartedMain] DEBUG o.s.d.j.repository.query.NamedQuery - Did not find named query Transaction.findTransactionsByTypeAndTimeRange.count
2026-09-19 13:39:28 [restartedMain] DEBUG o.s.d.j.repository.query.NamedQuery - Did not find named query Transaction.calculateAccountTransactionTotal.count
2026-09-19 13:39:28 [restartedMain] DEBUG o.s.d.j.repository.query.NamedQuery - Did not find named query Transaction.findByAccountId.count
2026-09-19 13:39:28 [restartedMain] DEBUG o.s.d.j.repository.query.NamedQuery - Did not find named query Transaction.findByCountryCode.count
2026-09-19 13:39:28 [restartedMain] DEBUG o.s.d.j.repository.query.NamedQuery - Did not find named query Transaction.findByIsHighRiskTrue.count
2026-09-19 13:39:28 [restartedMain] DEBUG o.s.d.j.repository.query.NamedQuery - Did not find named query Transaction.findByAccountIdAndStatus.count
2026-09-19 13:39:28 [restartedMain] DEBUG o.s.d.j.repository.query.NamedQuery - Did not find named query Transaction.findHighValueTransactionsByAccountAndTimeRange.count
2026-09-19 13:39:28 [restartedMain] DEBUG o.s.d.j.repository.query.NamedQuery - Did not find named query Transaction.calculateAccountTransactionTotalFor90Days.count
2026-09-19 13:39:28 [restartedMain] DEBUG o.s.d.j.repository.query.NamedQuery - Did not find named query Transaction.findTransactionsByAccountAndTimeRange.count
2026-09-19 13:39:28 [restartedMain] DEBUG o.s.d.j.repository.query.NamedQuery - Did not find named query Transaction.findByCountryCodeAndStatusAndTransactionDatetimeBetween.count
2026-09-19 13:39:28 [restartedMain] DEBUG o.s.d.j.repository.query.NamedQuery - Did not find named query Transaction.sumTransactionAmountByAccountAndTimeRange.count
2026-09-19 13:39:28 [restartedMain] DEBUG o.s.d.j.repository.query.NamedQuery - Did not find named query Transaction.countTransactionsByAccountAndTimeRange.count
2026-09-19 13:39:28 [restartedMain] DEBUG o.s.d.j.repository.query.NamedQuery - Did not find named query Transaction.sumTransactionAmountByCustomerAndTimeRange.count
2026-09-19 13:39:28 [restartedMain] DEBUG o.s.d.j.repository.query.NamedQuery - Did not find named query Transaction.findTransactionsByAmountAndTimeRange.count
2026-09-19 13:39:28 [restartedMain] DEBUG o.s.d.j.repository.query.NamedQuery - Looking up named query 'HighRiskJurisdiction.existsByCountryCodeAndActive'
2026-09-19 13:39:28 [restartedMain] DEBUG o.s.d.j.repository.query.NamedQuery - Did not find named query HighRiskJurisdiction.existsByCountryCodeAndActive
2026-09-19 13:39:28 [restartedMain] DEBUG o.s.d.j.repository.query.NamedQuery - Did not find named query Account.findActiveAccountsWithMinBalance.count
2026-09-19 13:39:28 [restartedMain] DEBUG o.s.d.j.repository.query.NamedQuery - Did not find named query Account.findActiveAccountsByCustomerId.count
2026-09-19 13:39:28 [restartedMain] DEBUG o.s.d.j.repository.query.NamedQuery - Did not find named query Account.findByIsActiveTrueAndCurrency.count
2026-09-19 13:39:28 [restartedMain] DEBUG o.s.d.j.repository.query.NamedQuery - Did not find named query Account.findByCustomerId.count
2026-09-19 13:39:28 [restartedMain] DEBUG o.s.d.j.repository.query.NamedQuery - Did not find named query Account.findByStatus.count
2026-09-19 13:39:28 [restartedMain] DEBUG o.s.d.j.repository.query.NamedQuery - Did not find named query Account.findActiveJointAccounts.count
2026-09-19 13:39:28 [restartedMain] DEBUG o.s.d.j.repository.query.NamedQuery - Did not find named query Account.findAccountsOpenedBetween.count
2026-09-19 13:39:28 [restartedMain] DEBUG o.s.d.j.repository.query.NamedQuery - Did not find named query Account.findByAccountNumber.count
2026-09-19 13:39:28 [restartedMain] DEBUG o.s.d.j.repository.query.NamedQuery - Did not find named query Account.findByCustomerIdAndStatus.count
2026-09-19 13:39:28 [restartedMain] DEBUG o.s.d.j.repository.query.NamedQuery - Did not find named query Account.findActiveAccountsByCustomerAndCurrency.count
2026-09-19 13:39:28 [restartedMain] DEBUG o.s.d.j.repository.query.NamedQuery - Did not find named query Alert.countOpenAlertsByCustomerId.count
2026-09-19 13:39:28 [restartedMain] DEBUG o.s.d.j.repository.query.NamedQuery - Did not find named query Alert.findOpenAlertsSortedByRiskScore.count
2026-09-19 13:39:28 [restartedMain] DEBUG o.s.d.j.repository.query.NamedQuery - Did not find named query Alert.findAlertsByRiskScoreAndTimeRange.count
2026-09-19 13:39:28 [restartedMain] DEBUG o.s.d.j.repository.query.NamedQuery - Did not find named query Alert.findByRuleCode.count
2026-09-19 13:39:28 [restartedMain] DEBUG o.s.d.j.repository.query.NamedQuery - Did not find named query Alert.findByCustomerId.count
2026-09-19 13:39:28 [restartedMain] DEBUG o.s.d.j.repository.query.NamedQuery - Did not find named query Alert.findByAccountId.count
2026-09-19 13:39:28 [restartedMain] DEBUG o.s.d.j.repository.query.NamedQuery - Did not find named query Alert.findByAlertStatus.count
2026-09-19 13:39:28 [restartedMain] DEBUG o.s.d.j.repository.query.NamedQuery - Did not find named query Alert.findCriticalAlerts.count
2026-09-19 13:39:28 [restartedMain] DEBUG o.s.d.j.repository.query.NamedQuery - Did not find named query Alert.countOpenAlerts.count
2026-09-19 13:39:28 [restartedMain] DEBUG o.s.d.j.repository.query.NamedQuery - Did not find named query Alert.findOpenAlertsByCustomerId.count
2026-09-19 13:39:28 [restartedMain] DEBUG o.s.d.j.repository.query.NamedQuery - Did not find named query Alert.findAlertsByDateRange.count
2026-09-19 13:39:28 [restartedMain] DEBUG o.s.d.j.repository.query.NamedQuery - Did not find named query Alert.findByTransactionId.count
2026-09-19 13:39:28 [restartedMain] DEBUG o.s.d.j.repository.query.NamedQuery - Did not find named query Alert.findByAlertStatusAndCreatedByOrderByTriggeredAtDesc.count
2026-09-19 13:39:28 [restartedMain] DEBUG o.s.d.j.repository.query.NamedQuery - Did not find named query Alert.findOpenAlertsByRuleCodeAndCustomer.count
2026-09-19 13:39:29 [restartedMain] DEBUG o.s.w.s.m.m.a.RequestMappingHandlerMapping - 7 mappings in 'requestMappingHandlerMapping'
2026-09-19 13:39:29 [restartedMain] DEBUG o.s.w.s.h.SimpleUrlHandlerMapping - Patterns [/webjars/**, /**, /swagger-ui*/*swagger-initializer.js, /swagger-ui*/**] in 'resourceHandlerMapping'
2026-09-19 13:39:29 [restartedMain] DEBUG o.s.w.s.m.m.a.RequestMappingHandlerAdapter - ControllerAdvice beans: 0 @ModelAttribute, 0 @InitBinder, 2 RequestBodyAdvice, 1 ResponseBodyAdvice
2026-09-19 13:39:29 [restartedMain] DEBUG o.s.w.s.m.m.a.ExceptionHandlerExceptionResolver - ControllerAdvice beans: 1 @ExceptionHandler, 1 ResponseBodyAdvice
2026-09-19 13:39:29 [restartedMain] DEBUG o.s.d.j.repository.query.NamedQuery - Did not find named query Customer.findByPoliticallyExposedTrue.count
2026-09-19 13:39:29 [restartedMain] DEBUG o.s.d.j.repository.query.NamedQuery - Did not find named query Customer.findExposedHighRiskCustomers.count
2026-09-19 13:39:29 [restartedMain] DEBUG o.s.d.j.repository.query.NamedQuery - Did not find named query Customer.findActiveCustomersByCountry.count
2026-09-19 13:39:29 [restartedMain] DEBUG o.s.d.j.repository.query.NamedQuery - Did not find named query Customer.findByEmail.count
2026-09-19 13:39:29 [restartedMain] DEBUG o.s.d.j.repository.query.NamedQuery - Did not find named query Customer.findByRiskRating.count
2026-09-19 13:39:29 [restartedMain] DEBUG o.s.d.j.repository.query.NamedQuery - Did not find named query Customer.findByKycStatus.count
2026-09-19 13:39:29 [restartedMain] DEBUG o.s.d.j.repository.query.NamedQuery - Did not find named query Customer.findByPhone.count
2026-09-19 13:39:29 [restartedMain] DEBUG o.s.d.j.repository.query.NamedQuery - Did not find named query Customer.findHighRiskCustomers.count
2026-09-19 13:39:29 [restartedMain] DEBUG o.s.d.j.repository.query.NamedQuery - Did not find named query Customer.findVerifiedCustomers.count
2026-09-19 13:39:29 [restartedMain] DEBUG o.s.d.j.repository.query.NamedQuery - Did not find named query Customer.findByIsActiveTrueAndNumComplaintsGreaterThan.count
2026-09-19 13:39:29 [restartedMain] DEBUG o.s.d.j.repository.query.NamedQuery - Did not find named query AmlCase.findOpenCasesSortedBySeverity.count
2026-09-19 13:39:29 [restartedMain] DEBUG o.s.d.j.repository.query.NamedQuery - Did not find named query AmlCase.countOpenCasesAssignedToAnalyst.count
2026-09-19 13:39:29 [restartedMain] DEBUG o.s.d.j.repository.query.NamedQuery - Did not find named query AmlCase.findOpenCasesAssignedToAnalyst.count
2026-09-19 13:39:29 [restartedMain] DEBUG o.s.d.j.repository.query.NamedQuery - Did not find named query AmlCase.findByCustomerId.count
2026-09-19 13:39:29 [restartedMain] DEBUG o.s.d.j.repository.query.NamedQuery - Did not find named query AmlCase.countOpenCases.count
2026-09-19 13:39:29 [restartedMain] DEBUG o.s.d.j.repository.query.NamedQuery - Did not find named query AmlCase.findByAssignedTo.count
2026-09-19 13:39:29 [restartedMain] DEBUG o.s.d.j.repository.query.NamedQuery - Did not find named query AmlCase.findByCaseStatus.count
2026-09-19 13:39:29 [restartedMain] DEBUG o.s.d.j.repository.query.NamedQuery - Did not find named query AmlCase.findBySeverity.count
2026-09-19 13:39:29 [restartedMain] DEBUG o.s.d.j.repository.query.NamedQuery - Did not find named query AmlCase.findHighSeverityCases.count
2026-09-19 13:39:29 [restartedMain] DEBUG o.s.d.j.repository.query.NamedQuery - Did not find named query AmlCase.findOpenCasesByCustomerId.count
2026-09-19 13:39:29 [restartedMain] DEBUG o.s.d.j.repository.query.NamedQuery - Did not find named query AmlCase.countOpenCasesByCustomerId.count
2026-09-19 13:39:29 [restartedMain] DEBUG o.s.d.j.repository.query.NamedQuery - Did not find named query AmlCase.findClosedCasesByDateRange.count
2026-09-19 13:39:29 [restartedMain] DEBUG o.s.d.j.repository.query.NamedQuery - Did not find named query AmlCase.findUnassignedOpenCases.count
2026-09-19 13:39:29 [restartedMain] DEBUG o.s.d.j.repository.query.NamedQuery - Did not find named query AmlCase.findByOpenedAtBetweenOrderByOpenedAtDesc.count
2026-09-19 13:39:29 [restartedMain] INFO  o.s.boot.tomcat.TomcatWebServer - Tomcat started on port 8082 (http) with context path '/sentinel'
2026-09-19 13:39:29 [restartedMain] INFO  c.s.SentinelFlowApplication - Started SentinelFlowApplication in 4.885 seconds (process running for 5.574)
2026-09-19 13:39:34 [http-nio-8082-exec-1] INFO  o.a.c.c.C.[.[localhost].[/sentinel] - Initializing Spring DispatcherServlet 'dispatcherServlet'
2026-09-19 13:39:34 [http-nio-8082-exec-1] INFO  o.s.web.servlet.DispatcherServlet - Initializing Servlet 'dispatcherServlet'
2026-09-19 13:39:34 [http-nio-8082-exec-1] DEBUG o.s.web.servlet.DispatcherServlet - Detected StandardServletMultipartResolver
2026-09-19 13:39:34 [http-nio-8082-exec-1] DEBUG o.s.web.servlet.DispatcherServlet - Detected AcceptHeaderLocaleResolver
2026-09-19 13:39:34 [http-nio-8082-exec-1] DEBUG o.s.web.servlet.DispatcherServlet - Detected org.springframework.web.servlet.view.DefaultRequestToViewNameTranslator@6ba34d2b
2026-09-19 13:39:34 [http-nio-8082-exec-1] DEBUG o.s.web.servlet.DispatcherServlet - Detected org.springframework.web.servlet.support.SessionFlashMapManager@516086a
2026-09-19 13:39:34 [http-nio-8082-exec-1] DEBUG o.s.web.servlet.DispatcherServlet - enableLoggingRequestDetails='false': request parameters and headers will be masked to prevent unsafe logging of potentially sensitive data
2026-09-19 13:39:34 [http-nio-8082-exec-1] INFO  o.s.web.servlet.DispatcherServlet - Completed initialization in 0 ms
2026-09-19 13:39:34 [http-nio-8082-exec-1] DEBUG o.s.web.servlet.DispatcherServlet - POST "/sentinel/api/v1/transactions", parameters={}
2026-09-19 13:39:34 [http-nio-8082-exec-1] DEBUG o.s.w.s.m.m.a.RequestMappingHandlerMapping - Mapped to com.sentinelflow.controller.TransactionController#createTransaction(TransactionRequest)
2026-09-19 13:39:34 [http-nio-8082-exec-1] DEBUG o.s.w.s.m.m.a.RequestResponseBodyMethodProcessor - Read "application/json;charset=UTF-8" to [com.sentinelflow.dto.TransactionRequest@101417d1]
2026-09-19 13:39:34 [http-nio-8082-exec-1] DEBUG o.s.d.j.r.query.PartTreeJpaQuery - QueryPreparer: Derived query for query method [public abstract java.util.Optional com.sentinelflow.repositories.RuleConfigRepository.findByRuleCode(java.lang.String)]: 'SELECT r FROM RuleConfig r WHERE r.ruleCode = :ruleCode'
2026-09-19 13:39:34 [http-nio-8082-exec-1] DEBUG o.s.d.j.r.query.PartTreeJpaQuery - QueryPreparer: Derived query for query method [public abstract java.util.Optional com.sentinelflow.repositories.RuleConfigRepository.findByRuleCode(java.lang.String)]: 'SELECT r FROM RuleConfig r WHERE r.ruleCode = :ruleCode'
2026-09-19 13:39:34 [http-nio-8082-exec-1] DEBUG o.s.d.j.r.query.PartTreeJpaQuery - QueryPreparer: Derived query for query method [public abstract boolean com.sentinelflow.repositories.HighRiskJurisdictionRepository.existsByCountryCodeAndActive(java.lang.String,boolean)]: 'SELECT h.id FROM HighRiskJurisdiction h WHERE h.countryCode = :countryCode AND h.active = :active'
2026-09-19 13:39:34 [http-nio-8082-exec-1] DEBUG o.s.d.j.r.query.PartTreeJpaQuery - QueryPreparer: Derived query for query method [public abstract java.util.Optional com.sentinelflow.repositories.RuleConfigRepository.findByRuleCode(java.lang.String)]: 'SELECT r FROM RuleConfig r WHERE r.ruleCode = :ruleCode'
2026-09-19 13:39:34 [http-nio-8082-exec-1] DEBUG o.s.d.j.r.query.PartTreeJpaQuery - QueryPreparer: Derived query for query method [public abstract java.util.Optional com.sentinelflow.repositories.RuleConfigRepository.findByRuleCode(java.lang.String)]: 'SELECT r FROM RuleConfig r WHERE r.ruleCode = :ruleCode'
2026-09-19 13:39:34 [http-nio-8082-exec-1] DEBUG o.s.d.j.r.query.PartTreeJpaQuery - QueryPreparer: Derived query for query method [public abstract java.util.Optional com.sentinelflow.repositories.RuleConfigRepository.findByRuleCode(java.lang.String)]: 'SELECT r FROM RuleConfig r WHERE r.ruleCode = :ruleCode'
2026-09-19 13:39:34 [http-nio-8082-exec-1] DEBUG o.s.d.j.r.query.PartTreeJpaQuery - QueryPreparer: Derived query for query method [public abstract java.util.Optional com.sentinelflow.repositories.RuleConfigRepository.findByRuleCode(java.lang.String)]: 'SELECT r FROM RuleConfig r WHERE r.ruleCode = :ruleCode'
2026-09-19 13:39:34 [http-nio-8082-exec-1] DEBUG o.s.w.s.m.m.a.HttpEntityMethodProcessor - Using 'application/json', given [*/*] and supported [application/json, application/*+json, application/yaml]
2026-09-19 13:39:34 [http-nio-8082-exec-1] DEBUG o.s.w.s.m.m.a.HttpEntityMethodProcessor - Writing [com.sentinelflow.models.Transaction@1f68d735]
2026-09-19 13:39:34 [http-nio-8082-exec-1] WARN  o.s.w.s.m.s.DefaultHandlerExceptionResolver - Ignoring exception, response committed already: org.springframework.http.converter.HttpMessageNotWritableException: Could not write JSON: Document nesting depth (501) exceeds the maximum allowed (500, from `StreamWriteConstraints.getMaxNestingDepth()`)
2026-09-19 13:39:34 [http-nio-8082-exec-1] WARN  o.s.w.s.m.s.DefaultHandlerExceptionResolver - Resolved [org.springframework.http.converter.HttpMessageNotWritableException: Could not write JSON: Document nesting depth (501) exceeds the maximum allowed (500, from `StreamWriteConstraints.getMaxNestingDepth()`)]
2026-09-19 13:39:34 [http-nio-8082-exec-1] DEBUG o.s.web.servlet.DispatcherServlet - Completed 200 OK
2026-09-19 13:39:50 [RMI TCP Connection(6)-127.0.0.1] INFO  o.s.b.a.SpringApplicationAdminMXBeanRegistrar$SpringApplicationAdmin - Application shutdown requested.
2026-09-19 13:39:50 [RMI TCP Connection(6)-127.0.0.1] INFO  o.s.boot.tomcat.GracefulShutdown - Commencing graceful shutdown. Waiting for active requests to complete
2026-09-19 13:39:50 [tomcat-shutdown] INFO  o.s.boot.tomcat.GracefulShutdown - Graceful shutdown complete
2026-09-19 13:39:50 [RMI TCP Connection(6)-127.0.0.1] INFO  o.s.o.j.LocalContainerEntityManagerFactoryBean - Closing JPA EntityManagerFactory for persistence unit 'default'
2026-09-19 13:39:50 [RMI TCP Connection(6)-127.0.0.1] INFO  com.zaxxer.hikari.HikariDataSource - HikariPool-1 - Shutdown initiated...
2026-09-19 13:39:50 [RMI TCP Connection(6)-127.0.0.1] INFO  com.zaxxer.hikari.HikariDataSource - HikariPool-1 - Shutdown completed.
2026-09-19 13:40:30 [restartedMain] INFO  c.s.SentinelFlowApplication - Starting SentinelFlowApplication using Java 22 with PID 20172 (D:\Java\SentinelFlow\target\classes started by hp in D:\Java\SentinelFlow)
2026-09-19 13:40:30 [restartedMain] DEBUG c.s.SentinelFlowApplication - Running with Spring Boot v4.1.1, Spring v7.0.9
2026-09-19 13:40:30 [restartedMain] INFO  c.s.SentinelFlowApplication - No active profile set, falling back to 1 default profile: "default"
2026-09-19 13:40:31 [restartedMain] INFO  o.s.b.d.e.DevToolsPropertyDefaultsPostProcessor - Devtools property defaults active! Set 'spring.devtools.add-properties' to 'false' to disable
2026-09-19 13:40:31 [restartedMain] INFO  o.s.b.d.e.DevToolsPropertyDefaultsPostProcessor - For additional web related logging consider setting the 'logging.level.web' property to 'DEBUG'
2026-09-19 13:40:31 [restartedMain] INFO  o.s.d.r.c.RepositoryConfigurationDelegate - Bootstrapping Spring Data JPA repositories in DEFAULT mode.
2026-09-19 13:40:31 [restartedMain] INFO  o.s.d.r.c.RepositoryConfigurationDelegate - Finished Spring Data repository scanning in 80 ms. Found 7 JPA repository interfaces.
2026-09-19 13:40:32 [restartedMain] INFO  o.s.boot.tomcat.TomcatWebServer - Tomcat initialized with port 8082 (http)
2026-09-19 13:40:32 [restartedMain] INFO  o.a.catalina.core.StandardService - Starting service [Tomcat]
2026-09-19 13:40:32 [restartedMain] INFO  o.a.catalina.core.StandardEngine - Starting Servlet engine: [Apache Tomcat/11.0.24]
2026-09-19 13:40:32 [restartedMain] INFO  o.s.b.w.c.s.WebApplicationContextInitializer - Root WebApplicationContext: initialization completed in 1383 ms
2026-09-19 13:40:32 [restartedMain] INFO  org.hibernate.orm.jpa - HHH008540: Processing PersistenceUnitInfo [name: default]
2026-09-19 13:40:32 [restartedMain] INFO  org.hibernate.orm.core - HHH000001: Hibernate ORM core version 7.4.5.Final
2026-09-19 13:40:32 [restartedMain] INFO  o.s.o.j.p.SpringPersistenceUnitInfo - No LoadTimeWeaver setup: ignoring JPA class transformer
2026-09-19 13:40:32 [restartedMain] INFO  com.zaxxer.hikari.HikariDataSource - HikariPool-1 - Starting...
2026-09-19 13:40:33 [restartedMain] INFO  com.zaxxer.hikari.pool.HikariPool - HikariPool-1 - Added connection org.postgresql.jdbc.PgConnection@7d99aede
2026-09-19 13:40:33 [restartedMain] INFO  com.zaxxer.hikari.HikariDataSource - HikariPool-1 - Start completed.
2026-09-19 13:40:33 [restartedMain] INFO  o.hibernate.orm.connections.pooling - HHH10001005: Database info:
	Database JDBC URL [jdbc:postgresql://localhost:5433/AzentioHackthon]
	Database driver: PostgreSQL JDBC Driver
	Database dialect: PostgreSQLDialect
	Database version: 18.6
	Default catalog/schema: AzentioHackthon/public
	Autocommit mode: undefined/unknown
	Isolation level: READ_COMMITTED [default READ_COMMITTED]
	JDBC fetch size: none
	Pool: DataSourceConnectionProvider
	Minimum pool size: undefined/unknown
	Maximum pool size: undefined/unknown
2026-09-19 13:40:34 [restartedMain] INFO  org.hibernate.orm.core - HHH000489: No JTA platform available (set 'hibernate.transaction.jta.platform' to enable JTA platform integration)
2026-09-19 13:40:34 [restartedMain] INFO  org.hibernate.orm.jdbc.batch - HHH100501: Automatic JDBC statement batching enabled (maximum batch size 20)
2026-09-19 13:40:34 [restartedMain] INFO  o.s.o.j.LocalContainerEntityManagerFactoryBean - Initialized JPA EntityManagerFactory for persistence unit 'default'
2026-09-19 13:40:34 [restartedMain] DEBUG o.s.d.j.r.c.JpaMetamodelMappingContextFactoryBean - Initializing JpaMetamodelMappingContext…
2026-09-19 13:40:34 [restartedMain] DEBUG o.s.d.j.r.c.JpaMetamodelMappingContextFactoryBean - Finished initializing JpaMetamodelMappingContext
2026-09-19 13:40:34 [restartedMain] INFO  o.s.d.j.r.q.QueryEnhancerFactories - Hibernate is in classpath; If applicable, HQL parser will be used.
2026-09-19 13:40:34 [restartedMain] DEBUG o.s.d.j.repository.query.NamedQuery - Looking up named query 'RuleConfig.findByRuleCode'
2026-09-19 13:40:34 [restartedMain] DEBUG o.s.d.j.repository.query.NamedQuery - Did not find named query RuleConfig.findByRuleCode
2026-09-19 13:40:34 [restartedMain] DEBUG o.s.d.j.repository.query.NamedQuery - Did not find named query Transaction.calculateAccountTransactionTotal.count
2026-09-19 13:40:35 [restartedMain] DEBUG o.s.d.j.repository.query.NamedQuery - Did not find named query Transaction.calculateAccountTransactionTotalFor90Days.count
2026-09-19 13:40:35 [restartedMain] DEBUG o.s.d.j.repository.query.NamedQuery - Did not find named query Transaction.findTransactionsByAccountAndTimeRange.count
2026-09-19 13:40:35 [restartedMain] DEBUG o.s.d.j.repository.query.NamedQuery - Did not find named query Transaction.findHighValueTransactionsByAccountAndTimeRange.count
2026-09-19 13:40:35 [restartedMain] DEBUG o.s.d.j.repository.query.NamedQuery - Did not find named query Transaction.findByIsHighRiskTrue.count
2026-09-19 13:40:35 [restartedMain] DEBUG o.s.d.j.repository.query.NamedQuery - Did not find named query Transaction.findByAccountIdAndStatus.count
2026-09-19 13:40:35 [restartedMain] DEBUG o.s.d.j.repository.query.NamedQuery - Did not find named query Transaction.findTransactionsByAmountAndTimeRange.count
2026-09-19 13:40:35 [restartedMain] DEBUG o.s.d.j.repository.query.NamedQuery - Did not find named query Transaction.sumTransactionAmountByAccountAndTimeRange.count
2026-09-19 13:40:35 [restartedMain] DEBUG o.s.d.j.repository.query.NamedQuery - Did not find named query Transaction.sumTransactionAmountByCustomerAndTimeRange.count
2026-09-19 13:40:35 [restartedMain] DEBUG o.s.d.j.repository.query.NamedQuery - Did not find named query Transaction.countTransactionsByAccountAndTimeRange.count
2026-09-19 13:40:35 [restartedMain] DEBUG o.s.d.j.repository.query.NamedQuery - Did not find named query Transaction.findByCountryCode.count
2026-09-19 13:40:35 [restartedMain] DEBUG o.s.d.j.repository.query.NamedQuery - Did not find named query Transaction.findByAccountId.count
2026-09-19 13:40:35 [restartedMain] DEBUG o.s.d.j.repository.query.NamedQuery - Did not find named query Transaction.findByCountryCodeAndStatusAndTransactionDatetimeBetween.count
2026-09-19 13:40:35 [restartedMain] DEBUG o.s.d.j.repository.query.NamedQuery - Did not find named query Transaction.findTransactionsByTypeAndTimeRange.count
2026-09-19 13:40:35 [restartedMain] DEBUG o.s.d.j.repository.query.NamedQuery - Did not find named query Transaction.findHighRiskTransactionsByChannel.count
2026-09-19 13:40:35 [restartedMain] DEBUG o.s.d.j.repository.query.NamedQuery - Looking up named query 'HighRiskJurisdiction.existsByCountryCodeAndActive'
2026-09-19 13:40:35 [restartedMain] DEBUG o.s.d.j.repository.query.NamedQuery - Did not find named query HighRiskJurisdiction.existsByCountryCodeAndActive
2026-09-19 13:40:35 [restartedMain] DEBUG o.s.d.j.repository.query.NamedQuery - Did not find named query Account.findByAccountNumber.count
2026-09-19 13:40:35 [restartedMain] DEBUG o.s.d.j.repository.query.NamedQuery - Did not find named query Account.findByCustomerIdAndStatus.count
2026-09-19 13:40:35 [restartedMain] DEBUG o.s.d.j.repository.query.NamedQuery - Did not find named query Account.findAccountsOpenedBetween.count
2026-09-19 13:40:35 [restartedMain] DEBUG o.s.d.j.repository.query.NamedQuery - Did not find named query Account.findActiveJointAccounts.count
2026-09-19 13:40:35 [restartedMain] DEBUG o.s.d.j.repository.query.NamedQuery - Did not find named query Account.findActiveAccountsByCustomerAndCurrency.count
2026-09-19 13:40:35 [restartedMain] DEBUG o.s.d.j.repository.query.NamedQuery - Did not find named query Account.findByCustomerId.count
2026-09-19 13:40:35 [restartedMain] DEBUG o.s.d.j.repository.query.NamedQuery - Did not find named query Account.findByStatus.count
2026-09-19 13:40:35 [restartedMain] DEBUG o.s.d.j.repository.query.NamedQuery - Did not find named query Account.findActiveAccountsWithMinBalance.count
2026-09-19 13:40:35 [restartedMain] DEBUG o.s.d.j.repository.query.NamedQuery - Did not find named query Account.findActiveAccountsByCustomerId.count
2026-09-19 13:40:35 [restartedMain] DEBUG o.s.d.j.repository.query.NamedQuery - Did not find named query Account.findByIsActiveTrueAndCurrency.count
2026-09-19 13:40:35 [restartedMain] DEBUG o.s.d.j.repository.query.NamedQuery - Did not find named query Alert.findByRuleCode.count
2026-09-19 13:40:35 [restartedMain] DEBUG o.s.d.j.repository.query.NamedQuery - Did not find named query Alert.findAlertsByDateRange.count
2026-09-19 13:40:35 [restartedMain] DEBUG o.s.d.j.repository.query.NamedQuery - Did not find named query Alert.findOpenAlertsByCustomerId.count
2026-09-19 13:40:35 [restartedMain] DEBUG o.s.d.j.repository.query.NamedQuery - Did not find named query Alert.findByTransactionId.count
2026-09-19 13:40:35 [restartedMain] DEBUG o.s.d.j.repository.query.NamedQuery - Did not find named query Alert.findOpenAlertsByRuleCodeAndCustomer.count
2026-09-19 13:40:35 [restartedMain] DEBUG o.s.d.j.repository.query.NamedQuery - Did not find named query Alert.findByCustomerId.count
2026-09-19 13:40:35 [restartedMain] DEBUG o.s.d.j.repository.query.NamedQuery - Did not find named query Alert.countOpenAlerts.count
2026-09-19 13:40:35 [restartedMain] DEBUG o.s.d.j.repository.query.NamedQuery - Did not find named query Alert.findCriticalAlerts.count
2026-09-19 13:40:35 [restartedMain] DEBUG o.s.d.j.repository.query.NamedQuery - Did not find named query Alert.findByAlertStatus.count
2026-09-19 13:40:35 [restartedMain] DEBUG o.s.d.j.repository.query.NamedQuery - Did not find named query Alert.findByAccountId.count
2026-09-19 13:40:35 [restartedMain] DEBUG o.s.d.j.repository.query.NamedQuery - Did not find named query Alert.findByAlertStatusAndCreatedByOrderByTriggeredAtDesc.count
2026-09-19 13:40:35 [restartedMain] DEBUG o.s.d.j.repository.query.NamedQuery - Did not find named query Alert.findOpenAlertsSortedByRiskScore.count
2026-09-19 13:40:35 [restartedMain] DEBUG o.s.d.j.repository.query.NamedQuery - Did not find named query Alert.findAlertsByRiskScoreAndTimeRange.count
2026-09-19 13:40:35 [restartedMain] DEBUG o.s.d.j.repository.query.NamedQuery - Did not find named query Alert.countOpenAlertsByCustomerId.count
2026-09-19 13:40:36 [restartedMain] DEBUG o.s.w.s.m.m.a.RequestMappingHandlerMapping - 7 mappings in 'requestMappingHandlerMapping'
2026-09-19 13:40:36 [restartedMain] DEBUG o.s.w.s.h.SimpleUrlHandlerMapping - Patterns [/webjars/**, /**, /swagger-ui*/*swagger-initializer.js, /swagger-ui*/**] in 'resourceHandlerMapping'
2026-09-19 13:40:36 [restartedMain] DEBUG o.s.w.s.m.m.a.RequestMappingHandlerAdapter - ControllerAdvice beans: 0 @ModelAttribute, 0 @InitBinder, 2 RequestBodyAdvice, 1 ResponseBodyAdvice
2026-09-19 13:40:36 [restartedMain] DEBUG o.s.w.s.m.m.a.ExceptionHandlerExceptionResolver - ControllerAdvice beans: 1 @ExceptionHandler, 1 ResponseBodyAdvice
2026-09-19 13:40:36 [restartedMain] DEBUG o.s.d.j.repository.query.NamedQuery - Did not find named query AmlCase.findHighSeverityCases.count
2026-09-19 13:40:36 [restartedMain] DEBUG o.s.d.j.repository.query.NamedQuery - Did not find named query AmlCase.findUnassignedOpenCases.count
2026-09-19 13:40:36 [restartedMain] DEBUG o.s.d.j.repository.query.NamedQuery - Did not find named query AmlCase.findOpenCasesByCustomerId.count
2026-09-19 13:40:36 [restartedMain] DEBUG o.s.d.j.repository.query.NamedQuery - Did not find named query AmlCase.countOpenCasesByCustomerId.count
2026-09-19 13:40:36 [restartedMain] DEBUG o.s.d.j.repository.query.NamedQuery - Did not find named query AmlCase.findClosedCasesByDateRange.count
2026-09-19 13:40:36 [restartedMain] DEBUG o.s.d.j.repository.query.NamedQuery - Did not find named query AmlCase.findByOpenedAtBetweenOrderByOpenedAtDesc.count
2026-09-19 13:40:36 [restartedMain] DEBUG o.s.d.j.repository.query.NamedQuery - Did not find named query AmlCase.findByCustomerId.count
2026-09-19 13:40:36 [restartedMain] DEBUG o.s.d.j.repository.query.NamedQuery - Did not find named query AmlCase.findByCaseStatus.count
2026-09-19 13:40:36 [restartedMain] DEBUG o.s.d.j.repository.query.NamedQuery - Did not find named query AmlCase.countOpenCases.count
2026-09-19 13:40:36 [restartedMain] DEBUG o.s.d.j.repository.query.NamedQuery - Did not find named query AmlCase.findBySeverity.count
2026-09-19 13:40:36 [restartedMain] DEBUG o.s.d.j.repository.query.NamedQuery - Did not find named query AmlCase.findByAssignedTo.count
2026-09-19 13:40:36 [restartedMain] DEBUG o.s.d.j.repository.query.NamedQuery - Did not find named query AmlCase.countOpenCasesAssignedToAnalyst.count
2026-09-19 13:40:36 [restartedMain] DEBUG o.s.d.j.repository.query.NamedQuery - Did not find named query AmlCase.findOpenCasesSortedBySeverity.count
2026-09-19 13:40:36 [restartedMain] DEBUG o.s.d.j.repository.query.NamedQuery - Did not find named query AmlCase.findOpenCasesAssignedToAnalyst.count
2026-09-19 13:40:36 [restartedMain] DEBUG o.s.d.j.repository.query.NamedQuery - Did not find named query Customer.findByIsActiveTrueAndNumComplaintsGreaterThan.count
2026-09-19 13:40:36 [restartedMain] DEBUG o.s.d.j.repository.query.NamedQuery - Did not find named query Customer.findVerifiedCustomers.count
2026-09-19 13:40:36 [restartedMain] DEBUG o.s.d.j.repository.query.NamedQuery - Did not find named query Customer.findHighRiskCustomers.count
2026-09-19 13:40:36 [restartedMain] DEBUG o.s.d.j.repository.query.NamedQuery - Did not find named query Customer.findByPhone.count
2026-09-19 13:40:36 [restartedMain] DEBUG o.s.d.j.repository.query.NamedQuery - Did not find named query Customer.findByKycStatus.count
2026-09-19 13:40:36 [restartedMain] DEBUG o.s.d.j.repository.query.NamedQuery - Did not find named query Customer.findByEmail.count
2026-09-19 13:40:36 [restartedMain] DEBUG o.s.d.j.repository.query.NamedQuery - Did not find named query Customer.findByRiskRating.count
2026-09-19 13:40:36 [restartedMain] DEBUG o.s.d.j.repository.query.NamedQuery - Did not find named query Customer.findExposedHighRiskCustomers.count
2026-09-19 13:40:36 [restartedMain] DEBUG o.s.d.j.repository.query.NamedQuery - Did not find named query Customer.findByPoliticallyExposedTrue.count
2026-09-19 13:40:36 [restartedMain] DEBUG o.s.d.j.repository.query.NamedQuery - Did not find named query Customer.findActiveCustomersByCountry.count
2026-09-19 13:40:36 [restartedMain] INFO  o.s.boot.tomcat.TomcatWebServer - Tomcat started on port 8082 (http) with context path '/sentinel'
2026-09-19 13:40:36 [restartedMain] INFO  c.s.SentinelFlowApplication - Started SentinelFlowApplication in 6.501 seconds (process running for 7.214)
2026-09-19 13:40:47 [http-nio-8082-exec-1] INFO  o.a.c.c.C.[.[localhost].[/sentinel] - Initializing Spring DispatcherServlet 'dispatcherServlet'
2026-09-19 13:40:47 [http-nio-8082-exec-1] INFO  o.s.web.servlet.DispatcherServlet - Initializing Servlet 'dispatcherServlet'
2026-09-19 13:40:47 [http-nio-8082-exec-1] DEBUG o.s.web.servlet.DispatcherServlet - Detected StandardServletMultipartResolver
2026-09-19 13:40:47 [http-nio-8082-exec-1] DEBUG o.s.web.servlet.DispatcherServlet - Detected AcceptHeaderLocaleResolver
2026-09-19 13:40:47 [http-nio-8082-exec-1] DEBUG o.s.web.servlet.DispatcherServlet - Detected org.springframework.web.servlet.view.DefaultRequestToViewNameTranslator@792552c0
2026-09-19 13:40:47 [http-nio-8082-exec-1] DEBUG o.s.web.servlet.DispatcherServlet - Detected org.springframework.web.servlet.support.SessionFlashMapManager@34df02c1
2026-09-19 13:40:47 [http-nio-8082-exec-1] DEBUG o.s.web.servlet.DispatcherServlet - enableLoggingRequestDetails='false': request parameters and headers will be masked to prevent unsafe logging of potentially sensitive data
2026-09-19 13:40:47 [http-nio-8082-exec-1] INFO  o.s.web.servlet.DispatcherServlet - Completed initialization in 5 ms
2026-09-19 13:40:47 [http-nio-8082-exec-1] DEBUG o.s.web.servlet.DispatcherServlet - POST "/sentinel/api/v1/transactions", parameters={}
2026-09-19 13:40:47 [http-nio-8082-exec-1] DEBUG o.s.w.s.m.m.a.RequestMappingHandlerMapping - Mapped to com.sentinelflow.controller.TransactionController#createTransaction(TransactionRequest)
2026-09-19 13:40:47 [http-nio-8082-exec-1] DEBUG o.s.w.s.m.m.a.RequestResponseBodyMethodProcessor - Read "application/json;charset=UTF-8" to [com.sentinelflow.dto.TransactionRequest@2622500a]
2026-09-19 13:40:47 [http-nio-8082-exec-1] DEBUG o.s.d.j.r.query.PartTreeJpaQuery - QueryPreparer: Derived query for query method [public abstract java.util.Optional com.sentinelflow.repositories.RuleConfigRepository.findByRuleCode(java.lang.String)]: 'SELECT r FROM RuleConfig r WHERE r.ruleCode = :ruleCode'
2026-09-19 13:40:47 [http-nio-8082-exec-1] DEBUG o.s.d.j.r.query.PartTreeJpaQuery - QueryPreparer: Derived query for query method [public abstract java.util.Optional com.sentinelflow.repositories.RuleConfigRepository.findByRuleCode(java.lang.String)]: 'SELECT r FROM RuleConfig r WHERE r.ruleCode = :ruleCode'
2026-09-19 13:40:47 [http-nio-8082-exec-1] DEBUG o.s.d.j.r.query.PartTreeJpaQuery - QueryPreparer: Derived query for query method [public abstract boolean com.sentinelflow.repositories.HighRiskJurisdictionRepository.existsByCountryCodeAndActive(java.lang.String,boolean)]: 'SELECT h.id FROM HighRiskJurisdiction h WHERE h.countryCode = :countryCode AND h.active = :active'
2026-09-19 13:40:47 [http-nio-8082-exec-1] DEBUG o.s.d.j.r.query.PartTreeJpaQuery - QueryPreparer: Derived query for query method [public abstract java.util.Optional com.sentinelflow.repositories.RuleConfigRepository.findByRuleCode(java.lang.String)]: 'SELECT r FROM RuleConfig r WHERE r.ruleCode = :ruleCode'
2026-09-19 13:40:47 [http-nio-8082-exec-1] DEBUG o.s.d.j.r.query.PartTreeJpaQuery - QueryPreparer: Derived query for query method [public abstract java.util.Optional com.sentinelflow.repositories.RuleConfigRepository.findByRuleCode(java.lang.String)]: 'SELECT r FROM RuleConfig r WHERE r.ruleCode = :ruleCode'
2026-09-19 13:40:47 [http-nio-8082-exec-1] DEBUG o.s.d.j.r.query.PartTreeJpaQuery - QueryPreparer: Derived query for query method [public abstract java.util.Optional com.sentinelflow.repositories.RuleConfigRepository.findByRuleCode(java.lang.String)]: 'SELECT r FROM RuleConfig r WHERE r.ruleCode = :ruleCode'
2026-09-19 13:40:47 [http-nio-8082-exec-1] DEBUG o.s.d.j.r.query.PartTreeJpaQuery - QueryPreparer: Derived query for query method [public abstract java.util.Optional com.sentinelflow.repositories.RuleConfigRepository.findByRuleCode(java.lang.String)]: 'SELECT r FROM RuleConfig r WHERE r.ruleCode = :ruleCode'
2026-09-19 13:40:48 [http-nio-8082-exec-1] DEBUG o.s.w.s.m.m.a.HttpEntityMethodProcessor - Using 'application/json', given [*/*] and supported [application/json, application/*+json, application/yaml]
2026-09-19 13:40:48 [http-nio-8082-exec-1] DEBUG o.s.w.s.m.m.a.HttpEntityMethodProcessor - Writing [com.sentinelflow.models.Transaction@293cac97]
2026-09-19 13:40:48 [http-nio-8082-exec-1] WARN  o.s.w.s.m.s.DefaultHandlerExceptionResolver - Ignoring exception, response committed already: org.springframework.http.converter.HttpMessageNotWritableException: Could not write JSON: Document nesting depth (501) exceeds the maximum allowed (500, from `StreamWriteConstraints.getMaxNestingDepth()`)
2026-09-19 13:40:48 [http-nio-8082-exec-1] WARN  o.s.w.s.m.s.DefaultHandlerExceptionResolver - Resolved [org.springframework.http.converter.HttpMessageNotWritableException: Could not write JSON: Document nesting depth (501) exceeds the maximum allowed (500, from `StreamWriteConstraints.getMaxNestingDepth()`)]
2026-09-19 13:40:48 [http-nio-8082-exec-1] DEBUG o.s.web.servlet.DispatcherServlet - Completed 200 OK
2026-09-19 13:43:24 [RMI TCP Connection(13)-127.0.0.1] INFO  o.s.b.a.SpringApplicationAdminMXBeanRegistrar$SpringApplicationAdmin - Application shutdown requested.
2026-09-19 13:43:24 [RMI TCP Connection(13)-127.0.0.1] INFO  o.s.boot.tomcat.GracefulShutdown - Commencing graceful shutdown. Waiting for active requests to complete
2026-09-19 13:43:24 [tomcat-shutdown] INFO  o.s.boot.tomcat.GracefulShutdown - Graceful shutdown complete
2026-09-19 13:43:24 [RMI TCP Connection(13)-127.0.0.1] INFO  o.s.o.j.LocalContainerEntityManagerFactoryBean - Closing JPA EntityManagerFactory for persistence unit 'default'
2026-09-19 13:43:24 [RMI TCP Connection(13)-127.0.0.1] INFO  com.zaxxer.hikari.HikariDataSource - HikariPool-1 - Shutdown initiated...
2026-09-19 13:43:24 [RMI TCP Connection(13)-127.0.0.1] INFO  com.zaxxer.hikari.HikariDataSource - HikariPool-1 - Shutdown completed.
2026-09-19 13:45:03 [restartedMain] INFO  c.s.SentinelFlowApplication - Starting SentinelFlowApplication using Java 22 with PID 144 (D:\Java\SentinelFlow\target\classes started by hp in D:\Java\SentinelFlow)
2026-09-19 13:45:03 [restartedMain] DEBUG c.s.SentinelFlowApplication - Running with Spring Boot v4.1.1, Spring v7.0.9
2026-09-19 13:45:03 [restartedMain] INFO  c.s.SentinelFlowApplication - No active profile set, falling back to 1 default profile: "default"
2026-09-19 13:45:03 [restartedMain] INFO  o.s.b.d.e.DevToolsPropertyDefaultsPostProcessor - Devtools property defaults active! Set 'spring.devtools.add-properties' to 'false' to disable
2026-09-19 13:45:03 [restartedMain] INFO  o.s.b.d.e.DevToolsPropertyDefaultsPostProcessor - For additional web related logging consider setting the 'logging.level.web' property to 'DEBUG'
2026-09-19 13:45:04 [restartedMain] INFO  o.s.d.r.c.RepositoryConfigurationDelegate - Bootstrapping Spring Data JPA repositories in DEFAULT mode.
2026-09-19 13:45:04 [restartedMain] INFO  o.s.d.r.c.RepositoryConfigurationDelegate - Finished Spring Data repository scanning in 43 ms. Found 7 JPA repository interfaces.
2026-09-19 13:45:04 [restartedMain] INFO  o.s.boot.tomcat.TomcatWebServer - Tomcat initialized with port 8082 (http)
2026-09-19 13:45:04 [restartedMain] INFO  o.a.catalina.core.StandardService - Starting service [Tomcat]
2026-09-19 13:45:04 [restartedMain] INFO  o.a.catalina.core.StandardEngine - Starting Servlet engine: [Apache Tomcat/11.0.24]
2026-09-19 13:45:04 [restartedMain] INFO  o.s.b.w.c.s.WebApplicationContextInitializer - Root WebApplicationContext: initialization completed in 1028 ms
2026-09-19 13:45:04 [restartedMain] INFO  org.hibernate.orm.jpa - HHH008540: Processing PersistenceUnitInfo [name: default]
2026-09-19 13:45:04 [restartedMain] INFO  org.hibernate.orm.core - HHH000001: Hibernate ORM core version 7.4.5.Final
2026-09-19 13:45:04 [restartedMain] INFO  o.s.o.j.p.SpringPersistenceUnitInfo - No LoadTimeWeaver setup: ignoring JPA class transformer
2026-09-19 13:45:05 [restartedMain] INFO  com.zaxxer.hikari.HikariDataSource - HikariPool-1 - Starting...
2026-09-19 13:45:05 [restartedMain] INFO  com.zaxxer.hikari.pool.HikariPool - HikariPool-1 - Added connection org.postgresql.jdbc.PgConnection@7fbca5fb
2026-09-19 13:45:05 [restartedMain] INFO  com.zaxxer.hikari.HikariDataSource - HikariPool-1 - Start completed.
2026-09-19 13:45:05 [restartedMain] INFO  o.hibernate.orm.connections.pooling - HHH10001005: Database info:
	Database JDBC URL [jdbc:postgresql://localhost:5433/AzentioHackthon]
	Database driver: PostgreSQL JDBC Driver
	Database dialect: PostgreSQLDialect
	Database version: 18.6
	Default catalog/schema: AzentioHackthon/public
	Autocommit mode: undefined/unknown
	Isolation level: READ_COMMITTED [default READ_COMMITTED]
	JDBC fetch size: none
	Pool: DataSourceConnectionProvider
	Minimum pool size: undefined/unknown
	Maximum pool size: undefined/unknown
2026-09-19 13:45:06 [restartedMain] INFO  org.hibernate.orm.core - HHH000489: No JTA platform available (set 'hibernate.transaction.jta.platform' to enable JTA platform integration)
2026-09-19 13:45:06 [restartedMain] INFO  org.hibernate.orm.jdbc.batch - HHH100501: Automatic JDBC statement batching enabled (maximum batch size 20)
2026-09-19 13:45:06 [restartedMain] INFO  o.s.o.j.LocalContainerEntityManagerFactoryBean - Initialized JPA EntityManagerFactory for persistence unit 'default'
2026-09-19 13:45:06 [restartedMain] DEBUG o.s.d.j.r.c.JpaMetamodelMappingContextFactoryBean - Initializing JpaMetamodelMappingContext…
2026-09-19 13:45:06 [restartedMain] DEBUG o.s.d.j.r.c.JpaMetamodelMappingContextFactoryBean - Finished initializing JpaMetamodelMappingContext
2026-09-19 13:45:06 [restartedMain] INFO  o.s.d.j.r.q.QueryEnhancerFactories - Hibernate is in classpath; If applicable, HQL parser will be used.
2026-09-19 13:45:06 [restartedMain] DEBUG o.s.d.j.repository.query.NamedQuery - Looking up named query 'RuleConfig.findByRuleCode'
2026-09-19 13:45:06 [restartedMain] DEBUG o.s.d.j.repository.query.NamedQuery - Did not find named query RuleConfig.findByRuleCode
2026-09-19 13:45:06 [restartedMain] DEBUG o.s.d.j.repository.query.NamedQuery - Did not find named query Transaction.calculateAccountTransactionTotal.count
2026-09-19 13:45:07 [restartedMain] DEBUG o.s.d.j.repository.query.NamedQuery - Did not find named query Transaction.findTransactionsByAccountAndTimeRange.count
2026-09-19 13:45:07 [restartedMain] DEBUG o.s.d.j.repository.query.NamedQuery - Did not find named query Transaction.calculateAccountTransactionTotalFor90Days.count
2026-09-19 13:45:07 [restartedMain] DEBUG o.s.d.j.repository.query.NamedQuery - Did not find named query Transaction.sumTransactionAmountByAccountAndTimeRange.count
2026-09-19 13:45:07 [restartedMain] DEBUG o.s.d.j.repository.query.NamedQuery - Did not find named query Transaction.findTransactionsByAmountAndTimeRange.count
2026-09-19 13:45:07 [restartedMain] DEBUG o.s.d.j.repository.query.NamedQuery - Did not find named query Transaction.sumTransactionAmountByCustomerAndTimeRange.count
2026-09-19 13:45:07 [restartedMain] DEBUG o.s.d.j.repository.query.NamedQuery - Did not find named query Transaction.countTransactionsByAccountAndTimeRange.count
2026-09-19 13:45:07 [restartedMain] DEBUG o.s.d.j.repository.query.NamedQuery - Did not find named query Transaction.findByCountryCodeAndStatusAndTransactionDatetimeBetween.count
2026-09-19 13:45:07 [restartedMain] DEBUG o.s.d.j.repository.query.NamedQuery - Did not find named query Transaction.findHighValueTransactionsByAccountAndTimeRange.count
2026-09-19 13:45:07 [restartedMain] DEBUG o.s.d.j.repository.query.NamedQuery - Did not find named query Transaction.findHighRiskTransactionsByChannel.count
2026-09-19 13:45:07 [restartedMain] DEBUG o.s.d.j.repository.query.NamedQuery - Did not find named query Transaction.findTransactionsByTypeAndTimeRange.count
2026-09-19 13:45:07 [restartedMain] DEBUG o.s.d.j.repository.query.NamedQuery - Did not find named query Transaction.findByAccountId.count
2026-09-19 13:45:07 [restartedMain] DEBUG o.s.d.j.repository.query.NamedQuery - Did not find named query Transaction.findByCountryCode.count
2026-09-19 13:45:07 [restartedMain] DEBUG o.s.d.j.repository.query.NamedQuery - Did not find named query Transaction.findByIsHighRiskTrue.count
2026-09-19 13:45:07 [restartedMain] DEBUG o.s.d.j.repository.query.NamedQuery - Did not find named query Transaction.findByAccountIdAndStatus.count
2026-09-19 13:45:07 [restartedMain] DEBUG o.s.d.j.repository.query.NamedQuery - Looking up named query 'HighRiskJurisdiction.existsByCountryCodeAndActive'
2026-09-19 13:45:07 [restartedMain] DEBUG o.s.d.j.repository.query.NamedQuery - Did not find named query HighRiskJurisdiction.existsByCountryCodeAndActive
2026-09-19 13:45:07 [restartedMain] DEBUG o.s.d.j.repository.query.NamedQuery - Did not find named query Account.findActiveAccountsByCustomerAndCurrency.count
2026-09-19 13:45:07 [restartedMain] DEBUG o.s.d.j.repository.query.NamedQuery - Did not find named query Account.findActiveAccountsByCustomerId.count
2026-09-19 13:45:07 [restartedMain] DEBUG o.s.d.j.repository.query.NamedQuery - Did not find named query Account.findActiveAccountsWithMinBalance.count
2026-09-19 13:45:07 [restartedMain] DEBUG o.s.d.j.repository.query.NamedQuery - Did not find named query Account.findByIsActiveTrueAndCurrency.count
2026-09-19 13:45:07 [restartedMain] DEBUG o.s.d.j.repository.query.NamedQuery - Did not find named query Account.findByCustomerId.count
2026-09-19 13:45:07 [restartedMain] DEBUG o.s.d.j.repository.query.NamedQuery - Did not find named query Account.findByStatus.count
2026-09-19 13:45:07 [restartedMain] DEBUG o.s.d.j.repository.query.NamedQuery - Did not find named query Account.findAccountsOpenedBetween.count
2026-09-19 13:45:07 [restartedMain] DEBUG o.s.d.j.repository.query.NamedQuery - Did not find named query Account.findByAccountNumber.count
2026-09-19 13:45:07 [restartedMain] DEBUG o.s.d.j.repository.query.NamedQuery - Did not find named query Account.findByCustomerIdAndStatus.count
2026-09-19 13:45:07 [restartedMain] DEBUG o.s.d.j.repository.query.NamedQuery - Did not find named query Account.findActiveJointAccounts.count
2026-09-19 13:45:07 [restartedMain] DEBUG o.s.d.j.repository.query.NamedQuery - Did not find named query Alert.findByRuleCode.count
2026-09-19 13:45:07 [restartedMain] DEBUG o.s.d.j.repository.query.NamedQuery - Did not find named query Alert.findOpenAlertsByRuleCodeAndCustomer.count
2026-09-19 13:45:07 [restartedMain] DEBUG o.s.d.j.repository.query.NamedQuery - Did not find named query Alert.findByAlertStatusAndCreatedByOrderByTriggeredAtDesc.count
2026-09-19 13:45:07 [restartedMain] DEBUG o.s.d.j.repository.query.NamedQuery - Did not find named query Alert.findByCustomerId.count
2026-09-19 13:45:07 [restartedMain] DEBUG o.s.d.j.repository.query.NamedQuery - Did not find named query Alert.countOpenAlertsByCustomerId.count
2026-09-19 13:45:07 [restartedMain] DEBUG o.s.d.j.repository.query.NamedQuery - Did not find named query Alert.findOpenAlertsSortedByRiskScore.count
2026-09-19 13:45:07 [restartedMain] DEBUG o.s.d.j.repository.query.NamedQuery - Did not find named query Alert.findAlertsByRiskScoreAndTimeRange.count
2026-09-19 13:45:07 [restartedMain] DEBUG o.s.d.j.repository.query.NamedQuery - Did not find named query Alert.countOpenAlerts.count
2026-09-19 13:45:07 [restartedMain] DEBUG o.s.d.j.repository.query.NamedQuery - Did not find named query Alert.findByAlertStatus.count
2026-09-19 13:45:07 [restartedMain] DEBUG o.s.d.j.repository.query.NamedQuery - Did not find named query Alert.findCriticalAlerts.count
2026-09-19 13:45:07 [restartedMain] DEBUG o.s.d.j.repository.query.NamedQuery - Did not find named query Alert.findByAccountId.count
2026-09-19 13:45:07 [restartedMain] DEBUG o.s.d.j.repository.query.NamedQuery - Did not find named query Alert.findByTransactionId.count
2026-09-19 13:45:07 [restartedMain] DEBUG o.s.d.j.repository.query.NamedQuery - Did not find named query Alert.findOpenAlertsByCustomerId.count
2026-09-19 13:45:07 [restartedMain] DEBUG o.s.d.j.repository.query.NamedQuery - Did not find named query Alert.findAlertsByDateRange.count
2026-09-19 13:45:08 [restartedMain] DEBUG o.s.w.s.m.m.a.RequestMappingHandlerMapping - 7 mappings in 'requestMappingHandlerMapping'
2026-09-19 13:45:08 [restartedMain] DEBUG o.s.w.s.h.SimpleUrlHandlerMapping - Patterns [/webjars/**, /**, /swagger-ui*/*swagger-initializer.js, /swagger-ui*/**] in 'resourceHandlerMapping'
2026-09-19 13:45:08 [restartedMain] DEBUG o.s.w.s.m.m.a.RequestMappingHandlerAdapter - ControllerAdvice beans: 0 @ModelAttribute, 0 @InitBinder, 2 RequestBodyAdvice, 1 ResponseBodyAdvice
2026-09-19 13:45:08 [restartedMain] DEBUG o.s.w.s.m.m.a.ExceptionHandlerExceptionResolver - ControllerAdvice beans: 1 @ExceptionHandler, 1 ResponseBodyAdvice
2026-09-19 13:45:08 [restartedMain] DEBUG o.s.d.j.repository.query.NamedQuery - Did not find named query Customer.findByIsActiveTrueAndNumComplaintsGreaterThan.count
2026-09-19 13:45:08 [restartedMain] DEBUG o.s.d.j.repository.query.NamedQuery - Did not find named query Customer.findByPoliticallyExposedTrue.count
2026-09-19 13:45:08 [restartedMain] DEBUG o.s.d.j.repository.query.NamedQuery - Did not find named query Customer.findActiveCustomersByCountry.count
2026-09-19 13:45:08 [restartedMain] DEBUG o.s.d.j.repository.query.NamedQuery - Did not find named query Customer.findExposedHighRiskCustomers.count
2026-09-19 13:45:08 [restartedMain] DEBUG o.s.d.j.repository.query.NamedQuery - Did not find named query Customer.findByRiskRating.count
2026-09-19 13:45:08 [restartedMain] DEBUG o.s.d.j.repository.query.NamedQuery - Did not find named query Customer.findByKycStatus.count
2026-09-19 13:45:08 [restartedMain] DEBUG o.s.d.j.repository.query.NamedQuery - Did not find named query Customer.findByEmail.count
2026-09-19 13:45:08 [restartedMain] DEBUG o.s.d.j.repository.query.NamedQuery - Did not find named query Customer.findByPhone.count
2026-09-19 13:45:08 [restartedMain] DEBUG o.s.d.j.repository.query.NamedQuery - Did not find named query Customer.findVerifiedCustomers.count
2026-09-19 13:45:08 [restartedMain] DEBUG o.s.d.j.repository.query.NamedQuery - Did not find named query Customer.findHighRiskCustomers.count
2026-09-19 13:45:08 [restartedMain] DEBUG o.s.d.j.repository.query.NamedQuery - Did not find named query AmlCase.findByOpenedAtBetweenOrderByOpenedAtDesc.count
2026-09-19 13:45:08 [restartedMain] DEBUG o.s.d.j.repository.query.NamedQuery - Did not find named query AmlCase.findByCustomerId.count
2026-09-19 13:45:08 [restartedMain] DEBUG o.s.d.j.repository.query.NamedQuery - Did not find named query AmlCase.countOpenCasesAssignedToAnalyst.count
2026-09-19 13:45:08 [restartedMain] DEBUG o.s.d.j.repository.query.NamedQuery - Did not find named query AmlCase.findOpenCasesSortedBySeverity.count
2026-09-19 13:45:08 [restartedMain] DEBUG o.s.d.j.repository.query.NamedQuery - Did not find named query AmlCase.findOpenCasesAssignedToAnalyst.count
2026-09-19 13:45:08 [restartedMain] DEBUG o.s.d.j.repository.query.NamedQuery - Did not find named query AmlCase.findByCaseStatus.count
2026-09-19 13:45:08 [restartedMain] DEBUG o.s.d.j.repository.query.NamedQuery - Did not find named query AmlCase.findBySeverity.count
2026-09-19 13:45:08 [restartedMain] DEBUG o.s.d.j.repository.query.NamedQuery - Did not find named query AmlCase.findByAssignedTo.count
2026-09-19 13:45:08 [restartedMain] DEBUG o.s.d.j.repository.query.NamedQuery - Did not find named query AmlCase.countOpenCases.count
2026-09-19 13:45:08 [restartedMain] DEBUG o.s.d.j.repository.query.NamedQuery - Did not find named query AmlCase.findOpenCasesByCustomerId.count
2026-09-19 13:45:08 [restartedMain] DEBUG o.s.d.j.repository.query.NamedQuery - Did not find named query AmlCase.countOpenCasesByCustomerId.count
2026-09-19 13:45:08 [restartedMain] DEBUG o.s.d.j.repository.query.NamedQuery - Did not find named query AmlCase.findClosedCasesByDateRange.count
2026-09-19 13:45:08 [restartedMain] DEBUG o.s.d.j.repository.query.NamedQuery - Did not find named query AmlCase.findHighSeverityCases.count
2026-09-19 13:45:08 [restartedMain] DEBUG o.s.d.j.repository.query.NamedQuery - Did not find named query AmlCase.findUnassignedOpenCases.count
2026-09-19 13:45:08 [restartedMain] INFO  o.s.boot.tomcat.TomcatWebServer - Tomcat started on port 8082 (http) with context path '/sentinel'
2026-09-19 13:45:08 [restartedMain] INFO  c.s.SentinelFlowApplication - Started SentinelFlowApplication in 5.495 seconds (process running for 6.182)
2026-09-19 13:45:13 [http-nio-8082-exec-1] INFO  o.a.c.c.C.[.[localhost].[/sentinel] - Initializing Spring DispatcherServlet 'dispatcherServlet'
2026-09-19 13:45:13 [http-nio-8082-exec-1] INFO  o.s.web.servlet.DispatcherServlet - Initializing Servlet 'dispatcherServlet'
2026-09-19 13:45:13 [http-nio-8082-exec-1] DEBUG o.s.web.servlet.DispatcherServlet - Detected StandardServletMultipartResolver
2026-09-19 13:45:13 [http-nio-8082-exec-1] DEBUG o.s.web.servlet.DispatcherServlet - Detected AcceptHeaderLocaleResolver
2026-09-19 13:45:13 [http-nio-8082-exec-1] DEBUG o.s.web.servlet.DispatcherServlet - Detected org.springframework.web.servlet.view.DefaultRequestToViewNameTranslator@5fd7227e
2026-09-19 13:45:13 [http-nio-8082-exec-1] DEBUG o.s.web.servlet.DispatcherServlet - Detected org.springframework.web.servlet.support.SessionFlashMapManager@56e16740
2026-09-19 13:45:13 [http-nio-8082-exec-1] DEBUG o.s.web.servlet.DispatcherServlet - enableLoggingRequestDetails='false': request parameters and headers will be masked to prevent unsafe logging of potentially sensitive data
2026-09-19 13:45:13 [http-nio-8082-exec-1] INFO  o.s.web.servlet.DispatcherServlet - Completed initialization in 0 ms
2026-09-19 13:45:13 [http-nio-8082-exec-1] DEBUG o.s.web.servlet.DispatcherServlet - POST "/sentinel/api/v1/transactions", parameters={}
2026-09-19 13:45:13 [http-nio-8082-exec-1] DEBUG o.s.w.s.m.m.a.RequestMappingHandlerMapping - Mapped to com.sentinelflow.controller.TransactionController#createTransaction(TransactionRequest)
2026-09-19 13:45:13 [http-nio-8082-exec-1] DEBUG o.s.w.s.m.m.a.RequestResponseBodyMethodProcessor - Read "application/json;charset=UTF-8" to [com.sentinelflow.dto.TransactionRequest@738c8a54]
2026-09-19 13:45:13 [http-nio-8082-exec-1] DEBUG o.s.d.j.r.query.PartTreeJpaQuery - QueryPreparer: Derived query for query method [public abstract java.util.Optional com.sentinelflow.repositories.RuleConfigRepository.findByRuleCode(java.lang.String)]: 'SELECT r FROM RuleConfig r WHERE r.ruleCode = :ruleCode'
2026-09-19 13:45:13 [http-nio-8082-exec-1] DEBUG o.s.d.j.r.query.PartTreeJpaQuery - QueryPreparer: Derived query for query method [public abstract java.util.Optional com.sentinelflow.repositories.RuleConfigRepository.findByRuleCode(java.lang.String)]: 'SELECT r FROM RuleConfig r WHERE r.ruleCode = :ruleCode'
2026-09-19 13:45:13 [http-nio-8082-exec-1] DEBUG o.s.d.j.r.query.PartTreeJpaQuery - QueryPreparer: Derived query for query method [public abstract boolean com.sentinelflow.repositories.HighRiskJurisdictionRepository.existsByCountryCodeAndActive(java.lang.String,boolean)]: 'SELECT h.id FROM HighRiskJurisdiction h WHERE h.countryCode = :countryCode AND h.active = :active'
2026-09-19 13:45:13 [http-nio-8082-exec-1] DEBUG o.s.d.j.r.query.PartTreeJpaQuery - QueryPreparer: Derived query for query method [public abstract java.util.Optional com.sentinelflow.repositories.RuleConfigRepository.findByRuleCode(java.lang.String)]: 'SELECT r FROM RuleConfig r WHERE r.ruleCode = :ruleCode'
2026-09-19 13:45:13 [http-nio-8082-exec-1] DEBUG o.s.d.j.r.query.PartTreeJpaQuery - QueryPreparer: Derived query for query method [public abstract java.util.Optional com.sentinelflow.repositories.RuleConfigRepository.findByRuleCode(java.lang.String)]: 'SELECT r FROM RuleConfig r WHERE r.ruleCode = :ruleCode'
2026-09-19 13:45:13 [http-nio-8082-exec-1] DEBUG o.s.d.j.r.query.PartTreeJpaQuery - QueryPreparer: Derived query for query method [public abstract java.util.Optional com.sentinelflow.repositories.RuleConfigRepository.findByRuleCode(java.lang.String)]: 'SELECT r FROM RuleConfig r WHERE r.ruleCode = :ruleCode'
2026-09-19 13:45:13 [http-nio-8082-exec-1] DEBUG o.s.d.j.r.query.PartTreeJpaQuery - QueryPreparer: Derived query for query method [public abstract java.util.Optional com.sentinelflow.repositories.RuleConfigRepository.findByRuleCode(java.lang.String)]: 'SELECT r FROM RuleConfig r WHERE r.ruleCode = :ruleCode'
2026-09-19 13:45:13 [http-nio-8082-exec-1] DEBUG o.s.w.s.m.m.a.HttpEntityMethodProcessor - Using 'application/json', given [*/*] and supported [application/json, application/*+json, application/yaml]
2026-09-19 13:45:13 [http-nio-8082-exec-1] DEBUG o.s.w.s.m.m.a.HttpEntityMethodProcessor - Writing [com.sentinelflow.dto.TransactionResponse@5166d26]
2026-09-19 13:45:13 [http-nio-8082-exec-1] DEBUG o.s.web.servlet.DispatcherServlet - Completed 200 OK
2026-09-19 13:46:30 [http-nio-8082-exec-3] DEBUG o.s.web.servlet.DispatcherServlet - POST "/sentinel/api/v1/transactions", parameters={}
2026-09-19 13:46:30 [http-nio-8082-exec-3] DEBUG o.s.w.s.m.m.a.RequestMappingHandlerMapping - Mapped to com.sentinelflow.controller.TransactionController#createTransaction(TransactionRequest)
2026-09-19 13:46:30 [http-nio-8082-exec-3] DEBUG o.s.w.s.m.m.a.RequestResponseBodyMethodProcessor - Read "application/json;charset=UTF-8" to [com.sentinelflow.dto.TransactionRequest@5e0147f0]
2026-09-19 13:46:30 [http-nio-8082-exec-3] DEBUG o.s.d.j.r.query.PartTreeJpaQuery - QueryPreparer: Derived query for query method [public abstract java.util.Optional com.sentinelflow.repositories.RuleConfigRepository.findByRuleCode(java.lang.String)]: 'SELECT r FROM RuleConfig r WHERE r.ruleCode = :ruleCode'
2026-09-19 13:46:30 [http-nio-8082-exec-3] DEBUG o.s.d.j.r.query.PartTreeJpaQuery - QueryPreparer: Derived query for query method [public abstract java.util.Optional com.sentinelflow.repositories.RuleConfigRepository.findByRuleCode(java.lang.String)]: 'SELECT r FROM RuleConfig r WHERE r.ruleCode = :ruleCode'
2026-09-19 13:46:30 [http-nio-8082-exec-3] DEBUG o.s.d.j.r.query.PartTreeJpaQuery - QueryPreparer: Derived query for query method [public abstract boolean com.sentinelflow.repositories.HighRiskJurisdictionRepository.existsByCountryCodeAndActive(java.lang.String,boolean)]: 'SELECT h.id FROM HighRiskJurisdiction h WHERE h.countryCode = :countryCode AND h.active = :active'
2026-09-19 13:46:30 [http-nio-8082-exec-3] DEBUG o.s.d.j.r.query.PartTreeJpaQuery - QueryPreparer: Derived query for query method [public abstract java.util.Optional com.sentinelflow.repositories.RuleConfigRepository.findByRuleCode(java.lang.String)]: 'SELECT r FROM RuleConfig r WHERE r.ruleCode = :ruleCode'
2026-09-19 13:46:30 [http-nio-8082-exec-3] DEBUG o.s.d.j.r.query.PartTreeJpaQuery - QueryPreparer: Derived query for query method [public abstract java.util.Optional com.sentinelflow.repositories.RuleConfigRepository.findByRuleCode(java.lang.String)]: 'SELECT r FROM RuleConfig r WHERE r.ruleCode = :ruleCode'
2026-09-19 13:46:30 [http-nio-8082-exec-3] DEBUG o.s.d.j.r.query.PartTreeJpaQuery - QueryPreparer: Derived query for query method [public abstract java.util.Optional com.sentinelflow.repositories.RuleConfigRepository.findByRuleCode(java.lang.String)]: 'SELECT r FROM RuleConfig r WHERE r.ruleCode = :ruleCode'
2026-09-19 13:46:30 [http-nio-8082-exec-3] DEBUG o.s.d.j.r.query.PartTreeJpaQuery - QueryPreparer: Derived query for query method [public abstract java.util.Optional com.sentinelflow.repositories.RuleConfigRepository.findByRuleCode(java.lang.String)]: 'SELECT r FROM RuleConfig r WHERE r.ruleCode = :ruleCode'
2026-09-19 13:46:30 [http-nio-8082-exec-3] DEBUG o.s.w.s.m.m.a.HttpEntityMethodProcessor - Using 'application/json', given [*/*] and supported [application/json, application/*+json, application/yaml]
2026-09-19 13:46:30 [http-nio-8082-exec-3] DEBUG o.s.w.s.m.m.a.HttpEntityMethodProcessor - Writing [com.sentinelflow.dto.TransactionResponse@4a508ef0]
2026-09-19 13:46:30 [http-nio-8082-exec-3] DEBUG o.s.web.servlet.DispatcherServlet - Completed 200 OK
2026-09-19 13:47:18 [http-nio-8082-exec-5] DEBUG o.s.web.servlet.DispatcherServlet - POST "/sentinel/api/v1/transactions", parameters={}
2026-09-19 13:47:18 [http-nio-8082-exec-5] DEBUG o.s.w.s.m.m.a.RequestMappingHandlerMapping - Mapped to com.sentinelflow.controller.TransactionController#createTransaction(TransactionRequest)
2026-09-19 13:47:18 [http-nio-8082-exec-5] DEBUG o.s.w.s.m.m.a.RequestResponseBodyMethodProcessor - Read "application/json;charset=UTF-8" to [com.sentinelflow.dto.TransactionRequest@1009edb7]
2026-09-19 13:47:18 [http-nio-8082-exec-5] DEBUG o.s.d.j.r.query.PartTreeJpaQuery - QueryPreparer: Derived query for query method [public abstract java.util.Optional com.sentinelflow.repositories.RuleConfigRepository.findByRuleCode(java.lang.String)]: 'SELECT r FROM RuleConfig r WHERE r.ruleCode = :ruleCode'
2026-09-19 13:47:18 [http-nio-8082-exec-5] DEBUG o.s.d.j.r.query.PartTreeJpaQuery - QueryPreparer: Derived query for query method [public abstract java.util.Optional com.sentinelflow.repositories.RuleConfigRepository.findByRuleCode(java.lang.String)]: 'SELECT r FROM RuleConfig r WHERE r.ruleCode = :ruleCode'
2026-09-19 13:47:18 [http-nio-8082-exec-5] DEBUG o.s.d.j.r.query.PartTreeJpaQuery - QueryPreparer: Derived query for query method [public abstract boolean com.sentinelflow.repositories.HighRiskJurisdictionRepository.existsByCountryCodeAndActive(java.lang.String,boolean)]: 'SELECT h.id FROM HighRiskJurisdiction h WHERE h.countryCode = :countryCode AND h.active = :active'
2026-09-19 13:47:18 [http-nio-8082-exec-5] DEBUG o.s.d.j.r.query.PartTreeJpaQuery - QueryPreparer: Derived query for query method [public abstract java.util.Optional com.sentinelflow.repositories.RuleConfigRepository.findByRuleCode(java.lang.String)]: 'SELECT r FROM RuleConfig r WHERE r.ruleCode = :ruleCode'
2026-09-19 13:47:18 [http-nio-8082-exec-5] DEBUG o.s.d.j.r.query.PartTreeJpaQuery - QueryPreparer: Derived query for query method [public abstract java.util.Optional com.sentinelflow.repositories.RuleConfigRepository.findByRuleCode(java.lang.String)]: 'SELECT r FROM RuleConfig r WHERE r.ruleCode = :ruleCode'
2026-09-19 13:47:18 [http-nio-8082-exec-5] DEBUG o.s.d.j.r.query.PartTreeJpaQuery - QueryPreparer: Derived query for query method [public abstract java.util.Optional com.sentinelflow.repositories.RuleConfigRepository.findByRuleCode(java.lang.String)]: 'SELECT r FROM RuleConfig r WHERE r.ruleCode = :ruleCode'
2026-09-19 13:47:18 [http-nio-8082-exec-5] DEBUG o.s.d.j.r.query.PartTreeJpaQuery - QueryPreparer: Derived query for query method [public abstract java.util.Optional com.sentinelflow.repositories.RuleConfigRepository.findByRuleCode(java.lang.String)]: 'SELECT r FROM RuleConfig r WHERE r.ruleCode = :ruleCode'
2026-09-19 13:47:18 [http-nio-8082-exec-5] DEBUG o.s.w.s.m.m.a.HttpEntityMethodProcessor - Using 'application/json', given [*/*] and supported [application/json, application/*+json, application/yaml]
2026-09-19 13:47:18 [http-nio-8082-exec-5] DEBUG o.s.w.s.m.m.a.HttpEntityMethodProcessor - Writing [com.sentinelflow.dto.TransactionResponse@17306ba]
2026-09-19 13:47:18 [http-nio-8082-exec-5] DEBUG o.s.web.servlet.DispatcherServlet - Completed 200 OK
2026-09-19 13:50:59 [RMI TCP Connection(16)-127.0.0.1] INFO  o.s.b.a.SpringApplicationAdminMXBeanRegistrar$SpringApplicationAdmin - Application shutdown requested.
2026-09-19 13:50:59 [RMI TCP Connection(16)-127.0.0.1] INFO  o.s.boot.tomcat.GracefulShutdown - Commencing graceful shutdown. Waiting for active requests to complete
2026-09-19 13:50:59 [tomcat-shutdown] INFO  o.s.boot.tomcat.GracefulShutdown - Graceful shutdown complete
2026-09-19 13:50:59 [RMI TCP Connection(16)-127.0.0.1] INFO  o.s.o.j.LocalContainerEntityManagerFactoryBean - Closing JPA EntityManagerFactory for persistence unit 'default'
2026-09-19 13:50:59 [RMI TCP Connection(16)-127.0.0.1] INFO  com.zaxxer.hikari.HikariDataSource - HikariPool-1 - Shutdown initiated...
2026-09-19 13:50:59 [RMI TCP Connection(16)-127.0.0.1] INFO  com.zaxxer.hikari.HikariDataSource - HikariPool-1 - Shutdown completed.
2026-09-19 13:51:02 [restartedMain] INFO  c.s.SentinelFlowApplication - Starting SentinelFlowApplication using Java 22 with PID 20264 (D:\Java\SentinelFlow\target\classes started by hp in D:\Java\SentinelFlow)
2026-09-19 13:51:02 [restartedMain] DEBUG c.s.SentinelFlowApplication - Running with Spring Boot v4.1.1, Spring v7.0.9
2026-09-19 13:51:02 [restartedMain] INFO  c.s.SentinelFlowApplication - No active profile set, falling back to 1 default profile: "default"
2026-09-19 13:51:02 [restartedMain] INFO  o.s.b.d.e.DevToolsPropertyDefaultsPostProcessor - Devtools property defaults active! Set 'spring.devtools.add-properties' to 'false' to disable
2026-09-19 13:51:02 [restartedMain] INFO  o.s.b.d.e.DevToolsPropertyDefaultsPostProcessor - For additional web related logging consider setting the 'logging.level.web' property to 'DEBUG'
2026-09-19 13:51:02 [restartedMain] INFO  o.s.d.r.c.RepositoryConfigurationDelegate - Bootstrapping Spring Data JPA repositories in DEFAULT mode.
2026-09-19 13:51:02 [restartedMain] INFO  o.s.d.r.c.RepositoryConfigurationDelegate - Finished Spring Data repository scanning in 46 ms. Found 7 JPA repository interfaces.
2026-09-19 13:51:03 [restartedMain] INFO  o.s.boot.tomcat.TomcatWebServer - Tomcat initialized with port 8082 (http)
2026-09-19 13:51:03 [restartedMain] INFO  o.a.catalina.core.StandardService - Starting service [Tomcat]
2026-09-19 13:51:03 [restartedMain] INFO  o.a.catalina.core.StandardEngine - Starting Servlet engine: [Apache Tomcat/11.0.24]
2026-09-19 13:51:03 [restartedMain] INFO  o.s.b.w.c.s.WebApplicationContextInitializer - Root WebApplicationContext: initialization completed in 1147 ms
2026-09-19 13:51:03 [restartedMain] INFO  org.hibernate.orm.jpa - HHH008540: Processing PersistenceUnitInfo [name: default]
2026-09-19 13:51:03 [restartedMain] INFO  org.hibernate.orm.core - HHH000001: Hibernate ORM core version 7.4.5.Final
2026-09-19 13:51:03 [restartedMain] INFO  o.s.o.j.p.SpringPersistenceUnitInfo - No LoadTimeWeaver setup: ignoring JPA class transformer
2026-09-19 13:51:03 [restartedMain] INFO  com.zaxxer.hikari.HikariDataSource - HikariPool-1 - Starting...
2026-09-19 13:51:04 [restartedMain] INFO  com.zaxxer.hikari.pool.HikariPool - HikariPool-1 - Added connection org.postgresql.jdbc.PgConnection@7d99aede
2026-09-19 13:51:04 [restartedMain] INFO  com.zaxxer.hikari.HikariDataSource - HikariPool-1 - Start completed.
2026-09-19 13:51:04 [restartedMain] INFO  o.hibernate.orm.connections.pooling - HHH10001005: Database info:
	Database JDBC URL [jdbc:postgresql://localhost:5433/AzentioHackthon]
	Database driver: PostgreSQL JDBC Driver
	Database dialect: PostgreSQLDialect
	Database version: 18.6
	Default catalog/schema: AzentioHackthon/public
	Autocommit mode: undefined/unknown
	Isolation level: READ_COMMITTED [default READ_COMMITTED]
	JDBC fetch size: none
	Pool: DataSourceConnectionProvider
	Minimum pool size: undefined/unknown
	Maximum pool size: undefined/unknown
2026-09-19 13:51:05 [restartedMain] INFO  org.hibernate.orm.core - HHH000489: No JTA platform available (set 'hibernate.transaction.jta.platform' to enable JTA platform integration)
2026-09-19 13:51:05 [restartedMain] INFO  org.hibernate.orm.jdbc.batch - HHH100501: Automatic JDBC statement batching enabled (maximum batch size 20)
2026-09-19 13:51:05 [restartedMain] INFO  o.s.o.j.LocalContainerEntityManagerFactoryBean - Initialized JPA EntityManagerFactory for persistence unit 'default'
2026-09-19 13:51:05 [restartedMain] DEBUG o.s.d.j.r.c.JpaMetamodelMappingContextFactoryBean - Initializing JpaMetamodelMappingContext…
2026-09-19 13:51:05 [restartedMain] DEBUG o.s.d.j.r.c.JpaMetamodelMappingContextFactoryBean - Finished initializing JpaMetamodelMappingContext
2026-09-19 13:51:05 [restartedMain] INFO  o.s.d.j.r.q.QueryEnhancerFactories - Hibernate is in classpath; If applicable, HQL parser will be used.
2026-09-19 13:51:05 [restartedMain] DEBUG o.s.d.j.repository.query.NamedQuery - Looking up named query 'RuleConfig.findByRuleCode'
2026-09-19 13:51:05 [restartedMain] DEBUG o.s.d.j.repository.query.NamedQuery - Did not find named query RuleConfig.findByRuleCode
2026-09-19 13:51:05 [restartedMain] DEBUG o.s.d.j.repository.query.NamedQuery - Did not find named query Transaction.findTransactionsByAccountAndTimeRange.count
2026-09-19 13:51:06 [restartedMain] DEBUG o.s.d.j.repository.query.NamedQuery - Did not find named query Transaction.calculateAccountTransactionTotalFor90Days.count
2026-09-19 13:51:06 [restartedMain] DEBUG o.s.d.j.repository.query.NamedQuery - Did not find named query Transaction.calculateAccountTransactionTotal.count
2026-09-19 13:51:06 [restartedMain] DEBUG o.s.d.j.repository.query.NamedQuery - Did not find named query Transaction.findByCountryCodeAndStatusAndTransactionDatetimeBetween.count
2026-09-19 13:51:06 [restartedMain] DEBUG o.s.d.j.repository.query.NamedQuery - Did not find named query Transaction.findByAccountId.count
2026-09-19 13:51:06 [restartedMain] DEBUG o.s.d.j.repository.query.NamedQuery - Did not find named query Transaction.findByCountryCode.count
2026-09-19 13:51:06 [restartedMain] DEBUG o.s.d.j.repository.query.NamedQuery - Did not find named query Transaction.findByIsHighRiskTrue.count
2026-09-19 13:51:06 [restartedMain] DEBUG o.s.d.j.repository.query.NamedQuery - Did not find named query Transaction.findByAccountIdAndStatus.count
2026-09-19 13:51:06 [restartedMain] DEBUG o.s.d.j.repository.query.NamedQuery - Did not find named query Transaction.findHighValueTransactionsByAccountAndTimeRange.count
2026-09-19 13:51:06 [restartedMain] DEBUG o.s.d.j.repository.query.NamedQuery - Did not find named query Transaction.findHighRiskTransactionsByChannel.count
2026-09-19 13:51:06 [restartedMain] DEBUG o.s.d.j.repository.query.NamedQuery - Did not find named query Transaction.findTransactionsByTypeAndTimeRange.count
2026-09-19 13:51:06 [restartedMain] DEBUG o.s.d.j.repository.query.NamedQuery - Did not find named query Transaction.sumTransactionAmountByAccountAndTimeRange.count
2026-09-19 13:51:06 [restartedMain] DEBUG o.s.d.j.repository.query.NamedQuery - Did not find named query Transaction.sumTransactionAmountByCustomerAndTimeRange.count
2026-09-19 13:51:06 [restartedMain] DEBUG o.s.d.j.repository.query.NamedQuery - Did not find named query Transaction.findTransactionsByAmountAndTimeRange.count
2026-09-19 13:51:06 [restartedMain] DEBUG o.s.d.j.repository.query.NamedQuery - Did not find named query Transaction.countTransactionsByAccountAndTimeRange.count
2026-09-19 13:51:06 [restartedMain] DEBUG o.s.d.j.repository.query.NamedQuery - Looking up named query 'HighRiskJurisdiction.existsByCountryCodeAndActive'
2026-09-19 13:51:06 [restartedMain] DEBUG o.s.d.j.repository.query.NamedQuery - Did not find named query HighRiskJurisdiction.existsByCountryCodeAndActive
2026-09-19 13:51:06 [restartedMain] DEBUG o.s.d.j.repository.query.NamedQuery - Did not find named query Account.findByCustomerId.count
2026-09-19 13:51:06 [restartedMain] DEBUG o.s.d.j.repository.query.NamedQuery - Did not find named query Account.findByStatus.count
2026-09-19 13:51:06 [restartedMain] DEBUG o.s.d.j.repository.query.NamedQuery - Did not find named query Account.findByCustomerIdAndStatus.count
2026-09-19 13:51:06 [restartedMain] DEBUG o.s.d.j.repository.query.NamedQuery - Did not find named query Account.findAccountsOpenedBetween.count
2026-09-19 13:51:06 [restartedMain] DEBUG o.s.d.j.repository.query.NamedQuery - Did not find named query Account.findActiveJointAccounts.count
2026-09-19 13:51:06 [restartedMain] DEBUG o.s.d.j.repository.query.NamedQuery - Did not find named query Account.findByAccountNumber.count
2026-09-19 13:51:06 [restartedMain] DEBUG o.s.d.j.repository.query.NamedQuery - Did not find named query Account.findActiveAccountsByCustomerId.count
2026-09-19 13:51:06 [restartedMain] DEBUG o.s.d.j.repository.query.NamedQuery - Did not find named query Account.findByIsActiveTrueAndCurrency.count
2026-09-19 13:51:06 [restartedMain] DEBUG o.s.d.j.repository.query.NamedQuery - Did not find named query Account.findActiveAccountsWithMinBalance.count
2026-09-19 13:51:06 [restartedMain] DEBUG o.s.d.j.repository.query.NamedQuery - Did not find named query Account.findActiveAccountsByCustomerAndCurrency.count
2026-09-19 13:51:06 [restartedMain] DEBUG o.s.d.j.repository.query.NamedQuery - Did not find named query Alert.findByRuleCode.count
2026-09-19 13:51:06 [restartedMain] DEBUG o.s.d.j.repository.query.NamedQuery - Did not find named query Alert.findByAlertStatusAndCreatedByOrderByTriggeredAtDesc.count
2026-09-19 13:51:06 [restartedMain] DEBUG o.s.d.j.repository.query.NamedQuery - Did not find named query Alert.findByCustomerId.count
2026-09-19 13:51:06 [restartedMain] DEBUG o.s.d.j.repository.query.NamedQuery - Did not find named query Alert.findByAccountId.count
2026-09-19 13:51:06 [restartedMain] DEBUG o.s.d.j.repository.query.NamedQuery - Did not find named query Alert.findByAlertStatus.count
2026-09-19 13:51:06 [restartedMain] DEBUG o.s.d.j.repository.query.NamedQuery - Did not find named query Alert.countOpenAlerts.count
2026-09-19 13:51:06 [restartedMain] DEBUG o.s.d.j.repository.query.NamedQuery - Did not find named query Alert.findCriticalAlerts.count
2026-09-19 13:51:06 [restartedMain] DEBUG o.s.d.j.repository.query.NamedQuery - Did not find named query Alert.findAlertsByDateRange.count
2026-09-19 13:51:06 [restartedMain] DEBUG o.s.d.j.repository.query.NamedQuery - Did not find named query Alert.findOpenAlertsByCustomerId.count
2026-09-19 13:51:06 [restartedMain] DEBUG o.s.d.j.repository.query.NamedQuery - Did not find named query Alert.findByTransactionId.count
2026-09-19 13:51:06 [restartedMain] DEBUG o.s.d.j.repository.query.NamedQuery - Did not find named query Alert.findAlertsByRiskScoreAndTimeRange.count
2026-09-19 13:51:06 [restartedMain] DEBUG o.s.d.j.repository.query.NamedQuery - Did not find named query Alert.countOpenAlertsByCustomerId.count
2026-09-19 13:51:06 [restartedMain] DEBUG o.s.d.j.repository.query.NamedQuery - Did not find named query Alert.findOpenAlertsSortedByRiskScore.count
2026-09-19 13:51:06 [restartedMain] DEBUG o.s.d.j.repository.query.NamedQuery - Did not find named query Alert.findOpenAlertsByRuleCodeAndCustomer.count
2026-09-19 13:51:06 [restartedMain] DEBUG o.s.w.s.m.m.a.RequestMappingHandlerMapping - 7 mappings in 'requestMappingHandlerMapping'
2026-09-19 13:51:06 [restartedMain] DEBUG o.s.w.s.h.SimpleUrlHandlerMapping - Patterns [/webjars/**, /**, /swagger-ui*/*swagger-initializer.js, /swagger-ui*/**] in 'resourceHandlerMapping'
2026-09-19 13:51:06 [restartedMain] DEBUG o.s.w.s.m.m.a.RequestMappingHandlerAdapter - ControllerAdvice beans: 0 @ModelAttribute, 0 @InitBinder, 2 RequestBodyAdvice, 1 ResponseBodyAdvice
2026-09-19 13:51:06 [restartedMain] DEBUG o.s.w.s.m.m.a.ExceptionHandlerExceptionResolver - ControllerAdvice beans: 1 @ExceptionHandler, 1 ResponseBodyAdvice
2026-09-19 13:51:06 [restartedMain] DEBUG o.s.d.j.repository.query.NamedQuery - Did not find named query AmlCase.findByCustomerId.count
2026-09-19 13:51:06 [restartedMain] DEBUG o.s.d.j.repository.query.NamedQuery - Did not find named query AmlCase.findByCaseStatus.count
2026-09-19 13:51:06 [restartedMain] DEBUG o.s.d.j.repository.query.NamedQuery - Did not find named query AmlCase.findBySeverity.count
2026-09-19 13:51:06 [restartedMain] DEBUG o.s.d.j.repository.query.NamedQuery - Did not find named query AmlCase.findByAssignedTo.count
2026-09-19 13:51:06 [restartedMain] DEBUG o.s.d.j.repository.query.NamedQuery - Did not find named query AmlCase.countOpenCases.count
2026-09-19 13:51:06 [restartedMain] DEBUG o.s.d.j.repository.query.NamedQuery - Did not find named query AmlCase.findUnassignedOpenCases.count
2026-09-19 13:51:06 [restartedMain] DEBUG o.s.d.j.repository.query.NamedQuery - Did not find named query AmlCase.countOpenCasesByCustomerId.count
2026-09-19 13:51:06 [restartedMain] DEBUG o.s.d.j.repository.query.NamedQuery - Did not find named query AmlCase.findOpenCasesByCustomerId.count
2026-09-19 13:51:06 [restartedMain] DEBUG o.s.d.j.repository.query.NamedQuery - Did not find named query AmlCase.findHighSeverityCases.count
2026-09-19 13:51:06 [restartedMain] DEBUG o.s.d.j.repository.query.NamedQuery - Did not find named query AmlCase.findClosedCasesByDateRange.count
2026-09-19 13:51:06 [restartedMain] DEBUG o.s.d.j.repository.query.NamedQuery - Did not find named query AmlCase.findOpenCasesAssignedToAnalyst.count
2026-09-19 13:51:06 [restartedMain] DEBUG o.s.d.j.repository.query.NamedQuery - Did not find named query AmlCase.countOpenCasesAssignedToAnalyst.count
2026-09-19 13:51:06 [restartedMain] DEBUG o.s.d.j.repository.query.NamedQuery - Did not find named query AmlCase.findOpenCasesSortedBySeverity.count
2026-09-19 13:51:06 [restartedMain] DEBUG o.s.d.j.repository.query.NamedQuery - Did not find named query AmlCase.findByOpenedAtBetweenOrderByOpenedAtDesc.count
2026-09-19 13:51:06 [restartedMain] DEBUG o.s.d.j.repository.query.NamedQuery - Did not find named query Customer.findByEmail.count
2026-09-19 13:51:06 [restartedMain] DEBUG o.s.d.j.repository.query.NamedQuery - Did not find named query Customer.findByPhone.count
2026-09-19 13:51:06 [restartedMain] DEBUG o.s.d.j.repository.query.NamedQuery - Did not find named query Customer.findByKycStatus.count
2026-09-19 13:51:06 [restartedMain] DEBUG o.s.d.j.repository.query.NamedQuery - Did not find named query Customer.findByRiskRating.count
2026-09-19 13:51:06 [restartedMain] DEBUG o.s.d.j.repository.query.NamedQuery - Did not find named query Customer.findHighRiskCustomers.count
2026-09-19 13:51:06 [restartedMain] DEBUG o.s.d.j.repository.query.NamedQuery - Did not find named query Customer.findVerifiedCustomers.count
2026-09-19 13:51:06 [restartedMain] DEBUG o.s.d.j.repository.query.NamedQuery - Did not find named query Customer.findByIsActiveTrueAndNumComplaintsGreaterThan.count
2026-09-19 13:51:06 [restartedMain] DEBUG o.s.d.j.repository.query.NamedQuery - Did not find named query Customer.findByPoliticallyExposedTrue.count
2026-09-19 13:51:06 [restartedMain] DEBUG o.s.d.j.repository.query.NamedQuery - Did not find named query Customer.findActiveCustomersByCountry.count
2026-09-19 13:51:06 [restartedMain] DEBUG o.s.d.j.repository.query.NamedQuery - Did not find named query Customer.findExposedHighRiskCustomers.count
2026-09-19 13:51:07 [restartedMain] INFO  o.s.boot.tomcat.TomcatWebServer - Tomcat started on port 8082 (http) with context path '/sentinel'
2026-09-19 13:51:07 [restartedMain] INFO  c.s.SentinelFlowApplication - Started SentinelFlowApplication in 5.47 seconds (process running for 6.229)
2026-09-19 13:52:29 [http-nio-8082-exec-1] INFO  o.a.c.c.C.[.[localhost].[/sentinel] - Initializing Spring DispatcherServlet 'dispatcherServlet'
2026-09-19 13:52:29 [http-nio-8082-exec-1] INFO  o.s.web.servlet.DispatcherServlet - Initializing Servlet 'dispatcherServlet'
2026-09-19 13:52:29 [http-nio-8082-exec-1] DEBUG o.s.web.servlet.DispatcherServlet - Detected StandardServletMultipartResolver
2026-09-19 13:52:29 [http-nio-8082-exec-1] DEBUG o.s.web.servlet.DispatcherServlet - Detected AcceptHeaderLocaleResolver
2026-09-19 13:52:29 [http-nio-8082-exec-1] DEBUG o.s.web.servlet.DispatcherServlet - Detected org.springframework.web.servlet.view.DefaultRequestToViewNameTranslator@76b0dac6
2026-09-19 13:52:29 [http-nio-8082-exec-1] DEBUG o.s.web.servlet.DispatcherServlet - Detected org.springframework.web.servlet.support.SessionFlashMapManager@26b43eaf
2026-09-19 13:52:29 [http-nio-8082-exec-1] DEBUG o.s.web.servlet.DispatcherServlet - enableLoggingRequestDetails='false': request parameters and headers will be masked to prevent unsafe logging of potentially sensitive data
2026-09-19 13:52:29 [http-nio-8082-exec-1] INFO  o.s.web.servlet.DispatcherServlet - Completed initialization in 4 ms
2026-09-19 13:52:29 [http-nio-8082-exec-1] DEBUG o.s.web.servlet.DispatcherServlet - POST "/sentinel/api/v1/transactions", parameters={}
2026-09-19 13:52:29 [http-nio-8082-exec-1] DEBUG o.s.w.s.m.m.a.RequestMappingHandlerMapping - Mapped to com.sentinelflow.controller.TransactionController#createTransaction(TransactionRequest)
2026-09-19 13:52:29 [http-nio-8082-exec-1] DEBUG o.s.w.s.m.m.a.RequestResponseBodyMethodProcessor - Read "application/json;charset=UTF-8" to [com.sentinelflow.dto.TransactionRequest@41c3ae55]
2026-09-19 13:52:29 [http-nio-8082-exec-1] DEBUG o.s.d.j.r.query.PartTreeJpaQuery - QueryPreparer: Derived query for query method [public abstract java.util.Optional com.sentinelflow.repositories.RuleConfigRepository.findByRuleCode(java.lang.String)]: 'SELECT r FROM RuleConfig r WHERE r.ruleCode = :ruleCode'
2026-09-19 13:52:29 [http-nio-8082-exec-1] DEBUG o.s.d.j.r.query.PartTreeJpaQuery - QueryPreparer: Derived query for query method [public abstract java.util.Optional com.sentinelflow.repositories.RuleConfigRepository.findByRuleCode(java.lang.String)]: 'SELECT r FROM RuleConfig r WHERE r.ruleCode = :ruleCode'
2026-09-19 13:52:29 [http-nio-8082-exec-1] DEBUG o.s.d.j.r.query.PartTreeJpaQuery - QueryPreparer: Derived query for query method [public abstract boolean com.sentinelflow.repositories.HighRiskJurisdictionRepository.existsByCountryCodeAndActive(java.lang.String,boolean)]: 'SELECT h.id FROM HighRiskJurisdiction h WHERE h.countryCode = :countryCode AND h.active = :active'
2026-09-19 13:52:29 [http-nio-8082-exec-1] DEBUG o.s.d.j.r.query.PartTreeJpaQuery - QueryPreparer: Derived query for query method [public abstract java.util.Optional com.sentinelflow.repositories.RuleConfigRepository.findByRuleCode(java.lang.String)]: 'SELECT r FROM RuleConfig r WHERE r.ruleCode = :ruleCode'
2026-09-19 13:52:29 [http-nio-8082-exec-1] DEBUG o.s.d.j.r.query.PartTreeJpaQuery - QueryPreparer: Derived query for query method [public abstract java.util.Optional com.sentinelflow.repositories.RuleConfigRepository.findByRuleCode(java.lang.String)]: 'SELECT r FROM RuleConfig r WHERE r.ruleCode = :ruleCode'
2026-09-19 13:52:29 [http-nio-8082-exec-1] DEBUG o.s.d.j.r.query.PartTreeJpaQuery - QueryPreparer: Derived query for query method [public abstract java.util.Optional com.sentinelflow.repositories.RuleConfigRepository.findByRuleCode(java.lang.String)]: 'SELECT r FROM RuleConfig r WHERE r.ruleCode = :ruleCode'
2026-09-19 13:52:29 [http-nio-8082-exec-1] DEBUG o.s.d.j.r.query.PartTreeJpaQuery - QueryPreparer: Derived query for query method [public abstract java.util.Optional com.sentinelflow.repositories.RuleConfigRepository.findByRuleCode(java.lang.String)]: 'SELECT r FROM RuleConfig r WHERE r.ruleCode = :ruleCode'
2026-09-19 13:52:30 [http-nio-8082-exec-1] DEBUG o.s.w.s.m.m.a.HttpEntityMethodProcessor - Using 'application/json', given [*/*] and supported [application/json, application/*+json, application/yaml]
2026-09-19 13:52:30 [http-nio-8082-exec-1] DEBUG o.s.w.s.m.m.a.HttpEntityMethodProcessor - Writing [com.sentinelflow.dto.TransactionResponse@1fa8ed27]
2026-09-19 13:52:30 [http-nio-8082-exec-1] DEBUG o.s.web.servlet.DispatcherServlet - Completed 200 OK
2026-09-19 13:53:32 [http-nio-8082-exec-3] DEBUG o.s.web.servlet.DispatcherServlet - POST "/sentinel/api/v1/transactions", parameters={}
2026-09-19 13:53:32 [http-nio-8082-exec-3] DEBUG o.s.w.s.m.m.a.RequestMappingHandlerMapping - Mapped to com.sentinelflow.controller.TransactionController#createTransaction(TransactionRequest)
2026-09-19 13:53:32 [http-nio-8082-exec-3] DEBUG o.s.w.s.m.m.a.RequestResponseBodyMethodProcessor - Read "application/json;charset=UTF-8" to [com.sentinelflow.dto.TransactionRequest@3d82d476]
2026-09-19 13:53:33 [http-nio-8082-exec-3] DEBUG o.s.d.j.r.query.PartTreeJpaQuery - QueryPreparer: Derived query for query method [public abstract java.util.Optional com.sentinelflow.repositories.RuleConfigRepository.findByRuleCode(java.lang.String)]: 'SELECT r FROM RuleConfig r WHERE r.ruleCode = :ruleCode'
2026-09-19 13:53:33 [http-nio-8082-exec-3] DEBUG o.s.d.j.r.query.PartTreeJpaQuery - QueryPreparer: Derived query for query method [public abstract java.util.Optional com.sentinelflow.repositories.RuleConfigRepository.findByRuleCode(java.lang.String)]: 'SELECT r FROM RuleConfig r WHERE r.ruleCode = :ruleCode'
2026-09-19 13:53:33 [http-nio-8082-exec-3] DEBUG o.s.d.j.r.query.PartTreeJpaQuery - QueryPreparer: Derived query for query method [public abstract boolean com.sentinelflow.repositories.HighRiskJurisdictionRepository.existsByCountryCodeAndActive(java.lang.String,boolean)]: 'SELECT h.id FROM HighRiskJurisdiction h WHERE h.countryCode = :countryCode AND h.active = :active'
2026-09-19 13:53:33 [http-nio-8082-exec-3] DEBUG o.s.d.j.r.query.PartTreeJpaQuery - QueryPreparer: Derived query for query method [public abstract java.util.Optional com.sentinelflow.repositories.RuleConfigRepository.findByRuleCode(java.lang.String)]: 'SELECT r FROM RuleConfig r WHERE r.ruleCode = :ruleCode'
2026-09-19 13:53:33 [http-nio-8082-exec-3] DEBUG o.s.d.j.r.query.PartTreeJpaQuery - QueryPreparer: Derived query for query method [public abstract java.util.Optional com.sentinelflow.repositories.RuleConfigRepository.findByRuleCode(java.lang.String)]: 'SELECT r FROM RuleConfig r WHERE r.ruleCode = :ruleCode'
2026-09-19 13:53:33 [http-nio-8082-exec-3] DEBUG o.s.d.j.r.query.PartTreeJpaQuery - QueryPreparer: Derived query for query method [public abstract java.util.Optional com.sentinelflow.repositories.RuleConfigRepository.findByRuleCode(java.lang.String)]: 'SELECT r FROM RuleConfig r WHERE r.ruleCode = :ruleCode'
2026-09-19 13:53:33 [http-nio-8082-exec-3] DEBUG o.s.d.j.r.query.PartTreeJpaQuery - QueryPreparer: Derived query for query method [public abstract java.util.Optional com.sentinelflow.repositories.RuleConfigRepository.findByRuleCode(java.lang.String)]: 'SELECT r FROM RuleConfig r WHERE r.ruleCode = :ruleCode'
2026-09-19 13:53:33 [http-nio-8082-exec-3] DEBUG o.s.w.s.m.m.a.HttpEntityMethodProcessor - Using 'application/json', given [*/*] and supported [application/json, application/*+json, application/yaml]
2026-09-19 13:53:33 [http-nio-8082-exec-3] DEBUG o.s.w.s.m.m.a.HttpEntityMethodProcessor - Writing [com.sentinelflow.dto.TransactionResponse@3eb6c24d]
2026-09-19 13:53:33 [http-nio-8082-exec-3] DEBUG o.s.web.servlet.DispatcherServlet - Completed 200 OK
2026-09-19 13:54:47 [http-nio-8082-exec-5] DEBUG o.s.web.servlet.DispatcherServlet - POST "/sentinel/api/v1/transactions", parameters={}
2026-09-19 13:54:47 [http-nio-8082-exec-5] DEBUG o.s.w.s.m.m.a.RequestMappingHandlerMapping - Mapped to com.sentinelflow.controller.TransactionController#createTransaction(TransactionRequest)
2026-09-19 13:54:47 [http-nio-8082-exec-5] DEBUG o.s.w.s.m.m.a.RequestResponseBodyMethodProcessor - Read "application/json;charset=UTF-8" to [com.sentinelflow.dto.TransactionRequest@792de1bb]
2026-09-19 13:54:47 [http-nio-8082-exec-5] DEBUG o.s.d.j.r.query.PartTreeJpaQuery - QueryPreparer: Derived query for query method [public abstract java.util.Optional com.sentinelflow.repositories.RuleConfigRepository.findByRuleCode(java.lang.String)]: 'SELECT r FROM RuleConfig r WHERE r.ruleCode = :ruleCode'
2026-09-19 13:54:47 [http-nio-8082-exec-5] DEBUG o.s.d.j.r.query.PartTreeJpaQuery - QueryPreparer: Derived query for query method [public abstract java.util.Optional com.sentinelflow.repositories.RuleConfigRepository.findByRuleCode(java.lang.String)]: 'SELECT r FROM RuleConfig r WHERE r.ruleCode = :ruleCode'
2026-09-19 13:54:47 [http-nio-8082-exec-5] DEBUG o.s.d.j.r.query.PartTreeJpaQuery - QueryPreparer: Derived query for query method [public abstract boolean com.sentinelflow.repositories.HighRiskJurisdictionRepository.existsByCountryCodeAndActive(java.lang.String,boolean)]: 'SELECT h.id FROM HighRiskJurisdiction h WHERE h.countryCode = :countryCode AND h.active = :active'
2026-09-19 13:54:47 [http-nio-8082-exec-5] DEBUG o.s.d.j.r.query.PartTreeJpaQuery - QueryPreparer: Derived query for query method [public abstract java.util.Optional com.sentinelflow.repositories.RuleConfigRepository.findByRuleCode(java.lang.String)]: 'SELECT r FROM RuleConfig r WHERE r.ruleCode = :ruleCode'
2026-09-19 13:54:47 [http-nio-8082-exec-5] DEBUG o.s.d.j.r.query.PartTreeJpaQuery - QueryPreparer: Derived query for query method [public abstract java.util.Optional com.sentinelflow.repositories.RuleConfigRepository.findByRuleCode(java.lang.String)]: 'SELECT r FROM RuleConfig r WHERE r.ruleCode = :ruleCode'
2026-09-19 13:54:47 [http-nio-8082-exec-5] DEBUG o.s.web.servlet.DispatcherServlet - Failed to complete request: java.lang.NullPointerException
2026-09-19 13:54:47 [http-nio-8082-exec-5] ERROR o.a.c.c.C.[.[.[.[dispatcherServlet] - Servlet.service() for servlet [dispatcherServlet] in context with path [/sentinel] threw exception [Request processing failed: java.lang.NullPointerException] with root cause
java.lang.NullPointerException
	at java.base/java.util.Objects.requireNonNull(Objects.java:220)
	at java.base/java.util.ImmutableCollections$List12.<init>(ImmutableCollections.java:563)
	at java.base/java.util.List.of(List.java:935)
	at com.sentinelflow.aml.rule.RoundNumberRule.evaluate(RoundNumberRule.java:53)
	at com.sentinelflow.aml.rule.AmlDetectionEngine.lambda$evaluate$0(AmlDetectionEngine.java:22)
	at java.base/java.util.stream.ReferencePipeline$3$1.accept(ReferencePipeline.java:212)
	at java.base/java.util.ArrayList$ArrayListSpliterator.forEachRemaining(ArrayList.java:1709)
	at java.base/java.util.stream.AbstractPipeline.copyInto(AbstractPipeline.java:556)
	at java.base/java.util.stream.AbstractPipeline.wrapAndCopyInto(AbstractPipeline.java:546)
	at java.base/java.util.stream.AbstractPipeline.evaluate(AbstractPipeline.java:622)
	at java.base/java.util.stream.AbstractPipeline.evaluateToArrayNode(AbstractPipeline.java:291)
	at java.base/java.util.stream.ReferencePipeline.toArray(ReferencePipeline.java:631)
	at java.base/java.util.stream.ReferencePipeline.toArray(ReferencePipeline.java:637)
	at java.base/java.util.stream.ReferencePipeline.toList(ReferencePipeline.java:642)
	at com.sentinelflow.aml.rule.AmlDetectionEngine.evaluate(AmlDetectionEngine.java:24)
	at com.sentinelflow.service.impl.TransactionServiceImpl.processTransaction(TransactionServiceImpl.java:74)
	at java.base/jdk.internal.reflect.DirectMethodHandleAccessor.invoke(DirectMethodHandleAccessor.java:103)
	at java.base/java.lang.reflect.Method.invoke(Method.java:580)
	at org.springframework.aop.support.AopUtils.invokeJoinpointUsingReflection(AopUtils.java:359)
	at org.springframework.aop.framework.ReflectiveMethodInvocation.invokeJoinpoint(ReflectiveMethodInvocation.java:190)
	at org.springframework.aop.framework.ReflectiveMethodInvocation.proceed(ReflectiveMethodInvocation.java:158)
	at org.springframework.transaction.interceptor.TransactionInterceptor$1.proceedWithInvocation(TransactionInterceptor.java:133)
	at org.springframework.transaction.interceptor.TransactionAspectSupport.invokeWithinTransaction(TransactionAspectSupport.java:371)
	at org.springframework.transaction.interceptor.TransactionInterceptor.invoke(TransactionInterceptor.java:130)
	at org.springframework.aop.framework.ReflectiveMethodInvocation.proceed(ReflectiveMethodInvocation.java:179)
	at org.springframework.aop.framework.CglibAopProxy$DynamicAdvisedInterceptor.intercept(CglibAopProxy.java:719)
	at com.sentinelflow.service.impl.TransactionServiceImpl$$SpringCGLIB$$0.processTransaction(<generated>)
	at com.sentinelflow.controller.TransactionController.createTransaction(TransactionController.java:30)
	at java.base/jdk.internal.reflect.DirectMethodHandleAccessor.invoke(DirectMethodHandleAccessor.java:103)
	at java.base/java.lang.reflect.Method.invoke(Method.java:580)
	at org.springframework.web.method.support.InvocableHandlerMethod.doInvoke(InvocableHandlerMethod.java:252)
	at org.springframework.web.method.support.InvocableHandlerMethod.invokeForRequest(InvocableHandlerMethod.java:184)
	at org.springframework.web.servlet.mvc.method.annotation.ServletInvocableHandlerMethod.invokeAndHandle(ServletInvocableHandlerMethod.java:117)
	at org.springframework.web.servlet.mvc.method.annotation.RequestMappingHandlerAdapter.invokeHandlerMethod(RequestMappingHandlerAdapter.java:934)
	at org.springframework.web.servlet.mvc.method.annotation.RequestMappingHandlerAdapter.handleInternal(RequestMappingHandlerAdapter.java:853)
	at org.springframework.web.servlet.mvc.method.AbstractHandlerMethodAdapter.handle(AbstractHandlerMethodAdapter.java:86)
	at org.springframework.web.servlet.DispatcherServlet.doDispatch(DispatcherServlet.java:963)
	at org.springframework.web.servlet.DispatcherServlet.doService(DispatcherServlet.java:866)
	at org.springframework.web.servlet.FrameworkServlet.processRequest(FrameworkServlet.java:1000)
	at org.springframework.web.servlet.FrameworkServlet.doPost(FrameworkServlet.java:903)
	at jakarta.servlet.http.HttpServlet.service(HttpServlet.java:649)
	at org.springframework.web.servlet.FrameworkServlet.service(FrameworkServlet.java:874)
	at jakarta.servlet.http.HttpServlet.service(HttpServlet.java:710)
	at org.apache.catalina.core.ApplicationFilterChain.doFilter(ApplicationFilterChain.java:132)
	at org.apache.tomcat.websocket.server.WsFilter.doFilter(WsFilter.java:59)
	at org.apache.catalina.core.ApplicationFilterChain.doFilter(ApplicationFilterChain.java:111)
	at org.springframework.web.filter.RequestContextFilter.doFilterInternal(RequestContextFilter.java:100)
	at org.springframework.web.filter.OncePerRequestFilter.doFilter(OncePerRequestFilter.java:116)
	at org.apache.catalina.core.ApplicationFilterChain.doFilter(ApplicationFilterChain.java:111)
	at org.springframework.web.filter.FormContentFilter.doFilterInternal(FormContentFilter.java:93)
	at org.springframework.web.filter.OncePerRequestFilter.doFilter(OncePerRequestFilter.java:116)
	at org.apache.catalina.core.ApplicationFilterChain.doFilter(ApplicationFilterChain.java:111)
	at org.springframework.web.filter.CharacterEncodingFilter.doFilterInternal(CharacterEncodingFilter.java:199)
	at org.springframework.web.filter.OncePerRequestFilter.doFilter(OncePerRequestFilter.java:116)
	at org.apache.catalina.core.ApplicationFilterChain.doFilter(ApplicationFilterChain.java:111)
	at org.apache.catalina.core.StandardWrapperValve.invoke(StandardWrapperValve.java:165)
	at org.apache.catalina.core.StandardContextValve.invoke(StandardContextValve.java:77)
	at org.apache.catalina.authenticator.AuthenticatorBase.invoke(AuthenticatorBase.java:535)
	at org.apache.catalina.core.StandardHostValve.invoke(StandardHostValve.java:115)
	at org.apache.catalina.valves.ErrorReportValve.invoke(ErrorReportValve.java:86)
	at org.apache.catalina.core.StandardEngineValve.invoke(StandardEngineValve.java:71)
	at org.apache.catalina.connector.CoyoteAdapter.service(CoyoteAdapter.java:347)
	at org.apache.coyote.http11.Http11Processor.service(Http11Processor.java:406)
	at org.apache.coyote.AbstractProcessorLight.process(AbstractProcessorLight.java:71)
	at org.apache.coyote.AbstractProtocol$ConnectionHandler.process(AbstractProtocol.java:1307)
	at org.apache.tomcat.util.net.NioEndpoint$SocketProcessor.doRun(NioEndpoint.java:2036)
	at org.apache.tomcat.util.net.SocketProcessorBase.run(SocketProcessorBase.java:74)
	at org.apache.tomcat.util.threads.ThreadPoolExecutor.runWorker(ThreadPoolExecutor.java:949)
	at org.apache.tomcat.util.threads.ThreadPoolExecutor$Worker.run(ThreadPoolExecutor.java:483)
	at org.apache.tomcat.util.threads.TaskThread$WrappingRunnable.run(TaskThread.java:74)
	at java.base/java.lang.Thread.run(Thread.java:1570)
2026-09-19 13:54:47 [http-nio-8082-exec-5] DEBUG o.s.web.servlet.DispatcherServlet - "ERROR" dispatch for GET "/sentinel/error", parameters={}
2026-09-19 13:54:47 [http-nio-8082-exec-5] DEBUG o.s.w.s.m.m.a.RequestMappingHandlerMapping - Mapped to org.springframework.boot.webmvc.autoconfigure.error.BasicErrorController#error(HttpServletRequest)
2026-09-19 13:54:47 [http-nio-8082-exec-5] DEBUG o.s.w.s.m.m.a.HttpEntityMethodProcessor - Using 'application/json', given [*/*] and supported [application/json, application/*+json, application/yaml]
2026-09-19 13:54:47 [http-nio-8082-exec-5] DEBUG o.s.w.s.m.m.a.HttpEntityMethodProcessor - Writing [{timestamp=Sat Sep 19 13:54:47 IST 2026, status=500, error=Internal Server Error, trace=java.lang.Nu (truncated)...]
2026-09-19 13:54:47 [http-nio-8082-exec-5] DEBUG o.s.web.servlet.DispatcherServlet - Exiting from "ERROR" dispatch, status 500
2026-09-19 13:57:06 [RMI TCP Connection(14)-127.0.0.1] INFO  o.s.b.a.SpringApplicationAdminMXBeanRegistrar$SpringApplicationAdmin - Application shutdown requested.
2026-09-19 13:57:06 [RMI TCP Connection(14)-127.0.0.1] INFO  o.s.boot.tomcat.GracefulShutdown - Commencing graceful shutdown. Waiting for active requests to complete
2026-09-19 13:57:06 [tomcat-shutdown] INFO  o.s.boot.tomcat.GracefulShutdown - Graceful shutdown complete
2026-09-19 13:57:06 [RMI TCP Connection(14)-127.0.0.1] INFO  o.s.o.j.LocalContainerEntityManagerFactoryBean - Closing JPA EntityManagerFactory for persistence unit 'default'
2026-09-19 13:57:06 [RMI TCP Connection(14)-127.0.0.1] INFO  com.zaxxer.hikari.HikariDataSource - HikariPool-1 - Shutdown initiated...
2026-09-19 13:57:06 [RMI TCP Connection(14)-127.0.0.1] INFO  com.zaxxer.hikari.HikariDataSource - HikariPool-1 - Shutdown completed.
2026-09-19 13:57:56 [restartedMain] INFO  c.s.SentinelFlowApplication - Starting SentinelFlowApplication using Java 22 with PID 20336 (D:\Java\SentinelFlow\target\classes started by hp in D:\Java\SentinelFlow)
2026-09-19 13:57:56 [restartedMain] DEBUG c.s.SentinelFlowApplication - Running with Spring Boot v4.1.1, Spring v7.0.9
2026-09-19 13:57:56 [restartedMain] INFO  c.s.SentinelFlowApplication - No active profile set, falling back to 1 default profile: "default"
2026-09-19 13:57:56 [restartedMain] INFO  o.s.b.d.e.DevToolsPropertyDefaultsPostProcessor - Devtools property defaults active! Set 'spring.devtools.add-properties' to 'false' to disable
2026-09-19 13:57:56 [restartedMain] INFO  o.s.b.d.e.DevToolsPropertyDefaultsPostProcessor - For additional web related logging consider setting the 'logging.level.web' property to 'DEBUG'
2026-09-19 13:57:57 [restartedMain] INFO  o.s.d.r.c.RepositoryConfigurationDelegate - Bootstrapping Spring Data JPA repositories in DEFAULT mode.
2026-09-19 13:57:57 [restartedMain] INFO  o.s.d.r.c.RepositoryConfigurationDelegate - Finished Spring Data repository scanning in 66 ms. Found 7 JPA repository interfaces.
2026-09-19 13:57:58 [restartedMain] INFO  o.s.boot.tomcat.TomcatWebServer - Tomcat initialized with port 8082 (http)
2026-09-19 13:57:58 [restartedMain] INFO  o.a.catalina.core.StandardService - Starting service [Tomcat]
2026-09-19 13:57:58 [restartedMain] INFO  o.a.catalina.core.StandardEngine - Starting Servlet engine: [Apache Tomcat/11.0.24]
2026-09-19 13:57:58 [restartedMain] INFO  o.s.b.w.c.s.WebApplicationContextInitializer - Root WebApplicationContext: initialization completed in 2012 ms
2026-09-19 13:57:58 [restartedMain] INFO  org.hibernate.orm.jpa - HHH008540: Processing PersistenceUnitInfo [name: default]
2026-09-19 13:57:58 [restartedMain] INFO  org.hibernate.orm.core - HHH000001: Hibernate ORM core version 7.4.5.Final
2026-09-19 13:57:58 [restartedMain] INFO  o.s.o.j.p.SpringPersistenceUnitInfo - No LoadTimeWeaver setup: ignoring JPA class transformer
2026-09-19 13:57:59 [restartedMain] INFO  com.zaxxer.hikari.HikariDataSource - HikariPool-1 - Starting...
2026-09-19 13:57:59 [restartedMain] INFO  com.zaxxer.hikari.pool.HikariPool - HikariPool-1 - Added connection org.postgresql.jdbc.PgConnection@16d42ec6
2026-09-19 13:57:59 [restartedMain] INFO  com.zaxxer.hikari.HikariDataSource - HikariPool-1 - Start completed.
2026-09-19 13:57:59 [restartedMain] INFO  o.hibernate.orm.connections.pooling - HHH10001005: Database info:
	Database JDBC URL [jdbc:postgresql://localhost:5433/AzentioHackthon]
	Database driver: PostgreSQL JDBC Driver
	Database dialect: PostgreSQLDialect
	Database version: 18.6
	Default catalog/schema: AzentioHackthon/public
	Autocommit mode: undefined/unknown
	Isolation level: READ_COMMITTED [default READ_COMMITTED]
	JDBC fetch size: none
	Pool: DataSourceConnectionProvider
	Minimum pool size: undefined/unknown
	Maximum pool size: undefined/unknown
2026-09-19 13:58:00 [restartedMain] INFO  org.hibernate.orm.core - HHH000489: No JTA platform available (set 'hibernate.transaction.jta.platform' to enable JTA platform integration)
2026-09-19 13:58:00 [restartedMain] INFO  org.hibernate.orm.jdbc.batch - HHH100501: Automatic JDBC statement batching enabled (maximum batch size 20)
2026-09-19 13:58:00 [restartedMain] INFO  o.s.o.j.LocalContainerEntityManagerFactoryBean - Initialized JPA EntityManagerFactory for persistence unit 'default'
2026-09-19 13:58:00 [restartedMain] DEBUG o.s.d.j.r.c.JpaMetamodelMappingContextFactoryBean - Initializing JpaMetamodelMappingContext…
2026-09-19 13:58:00 [restartedMain] DEBUG o.s.d.j.r.c.JpaMetamodelMappingContextFactoryBean - Finished initializing JpaMetamodelMappingContext
2026-09-19 13:58:00 [restartedMain] INFO  o.s.d.j.r.q.QueryEnhancerFactories - Hibernate is in classpath; If applicable, HQL parser will be used.
2026-09-19 13:58:00 [restartedMain] DEBUG o.s.d.j.repository.query.NamedQuery - Looking up named query 'RuleConfig.findByRuleCode'
2026-09-19 13:58:00 [restartedMain] DEBUG o.s.d.j.repository.query.NamedQuery - Did not find named query RuleConfig.findByRuleCode
2026-09-19 13:58:00 [restartedMain] DEBUG o.s.d.j.repository.query.NamedQuery - Did not find named query Transaction.calculateAccountTransactionTotal.count
2026-09-19 13:58:01 [restartedMain] DEBUG o.s.d.j.repository.query.NamedQuery - Did not find named query Transaction.calculateAccountTransactionTotalFor90Days.count
2026-09-19 13:58:01 [restartedMain] DEBUG o.s.d.j.repository.query.NamedQuery - Did not find named query Transaction.findTransactionsByAccountAndTimeRange.count
2026-09-19 13:58:01 [restartedMain] DEBUG o.s.d.j.repository.query.NamedQuery - Did not find named query Transaction.findTransactionsByTypeAndTimeRange.count
2026-09-19 13:58:01 [restartedMain] DEBUG o.s.d.j.repository.query.NamedQuery - Did not find named query Transaction.findHighRiskTransactionsByChannel.count
2026-09-19 13:58:01 [restartedMain] DEBUG o.s.d.j.repository.query.NamedQuery - Did not find named query Transaction.findByAccountId.count
2026-09-19 13:58:01 [restartedMain] DEBUG o.s.d.j.repository.query.NamedQuery - Did not find named query Transaction.findByCountryCode.count
2026-09-19 13:58:01 [restartedMain] DEBUG o.s.d.j.repository.query.NamedQuery - Did not find named query Transaction.findHighValueTransactionsByAccountAndTimeRange.count
2026-09-19 13:58:01 [restartedMain] DEBUG o.s.d.j.repository.query.NamedQuery - Did not find named query Transaction.findByCountryCodeAndStatusAndTransactionDatetimeBetween.count
2026-09-19 13:58:01 [restartedMain] DEBUG o.s.d.j.repository.query.NamedQuery - Did not find named query Transaction.countTransactionsByAccountAndTimeRange.count
2026-09-19 13:58:01 [restartedMain] DEBUG o.s.d.j.repository.query.NamedQuery - Did not find named query Transaction.findTransactionsByAmountAndTimeRange.count
2026-09-19 13:58:01 [restartedMain] DEBUG o.s.d.j.repository.query.NamedQuery - Did not find named query Transaction.sumTransactionAmountByAccountAndTimeRange.count
2026-09-19 13:58:01 [restartedMain] DEBUG o.s.d.j.repository.query.NamedQuery - Did not find named query Transaction.sumTransactionAmountByCustomerAndTimeRange.count
2026-09-19 13:58:01 [restartedMain] DEBUG o.s.d.j.repository.query.NamedQuery - Did not find named query Transaction.findByIsHighRiskTrue.count
2026-09-19 13:58:01 [restartedMain] DEBUG o.s.d.j.repository.query.NamedQuery - Did not find named query Transaction.findByAccountIdAndStatus.count
2026-09-19 13:58:01 [restartedMain] DEBUG o.s.d.j.repository.query.NamedQuery - Looking up named query 'HighRiskJurisdiction.existsByCountryCodeAndActive'
2026-09-19 13:58:01 [restartedMain] DEBUG o.s.d.j.repository.query.NamedQuery - Did not find named query HighRiskJurisdiction.existsByCountryCodeAndActive
2026-09-19 13:58:01 [restartedMain] DEBUG o.s.d.j.repository.query.NamedQuery - Did not find named query Account.findActiveAccountsByCustomerId.count
2026-09-19 13:58:01 [restartedMain] DEBUG o.s.d.j.repository.query.NamedQuery - Did not find named query Account.findActiveAccountsWithMinBalance.count
2026-09-19 13:58:01 [restartedMain] DEBUG o.s.d.j.repository.query.NamedQuery - Did not find named query Account.findByIsActiveTrueAndCurrency.count
2026-09-19 13:58:01 [restartedMain] DEBUG o.s.d.j.repository.query.NamedQuery - Did not find named query Account.findByCustomerIdAndStatus.count
2026-09-19 13:58:01 [restartedMain] DEBUG o.s.d.j.repository.query.NamedQuery - Did not find named query Account.findByAccountNumber.count
2026-09-19 13:58:01 [restartedMain] DEBUG o.s.d.j.repository.query.NamedQuery - Did not find named query Account.findByCustomerId.count
2026-09-19 13:58:01 [restartedMain] DEBUG o.s.d.j.repository.query.NamedQuery - Did not find named query Account.findByStatus.count
2026-09-19 13:58:01 [restartedMain] DEBUG o.s.d.j.repository.query.NamedQuery - Did not find named query Account.findActiveJointAccounts.count
2026-09-19 13:58:01 [restartedMain] DEBUG o.s.d.j.repository.query.NamedQuery - Did not find named query Account.findAccountsOpenedBetween.count
2026-09-19 13:58:01 [restartedMain] DEBUG o.s.d.j.repository.query.NamedQuery - Did not find named query Account.findActiveAccountsByCustomerAndCurrency.count
2026-09-19 13:58:01 [restartedMain] DEBUG o.s.d.j.repository.query.NamedQuery - Did not find named query Alert.findByRuleCode.count
2026-09-19 13:58:01 [restartedMain] DEBUG o.s.d.j.repository.query.NamedQuery - Did not find named query Alert.findOpenAlertsSortedByRiskScore.count
2026-09-19 13:58:01 [restartedMain] DEBUG o.s.d.j.repository.query.NamedQuery - Did not find named query Alert.findAlertsByRiskScoreAndTimeRange.count
2026-09-19 13:58:01 [restartedMain] DEBUG o.s.d.j.repository.query.NamedQuery - Did not find named query Alert.countOpenAlertsByCustomerId.count
2026-09-19 13:58:01 [restartedMain] DEBUG o.s.d.j.repository.query.NamedQuery - Did not find named query Alert.findByCustomerId.count
2026-09-19 13:58:01 [restartedMain] DEBUG o.s.d.j.repository.query.NamedQuery - Did not find named query Alert.findByAlertStatus.count
2026-09-19 13:58:01 [restartedMain] DEBUG o.s.d.j.repository.query.NamedQuery - Did not find named query Alert.countOpenAlerts.count
2026-09-19 13:58:01 [restartedMain] DEBUG o.s.d.j.repository.query.NamedQuery - Did not find named query Alert.findByAccountId.count
2026-09-19 13:58:01 [restartedMain] DEBUG o.s.d.j.repository.query.NamedQuery - Did not find named query Alert.findCriticalAlerts.count
2026-09-19 13:58:01 [restartedMain] DEBUG o.s.d.j.repository.query.NamedQuery - Did not find named query Alert.findByAlertStatusAndCreatedByOrderByTriggeredAtDesc.count
2026-09-19 13:58:01 [restartedMain] DEBUG o.s.d.j.repository.query.NamedQuery - Did not find named query Alert.findByTransactionId.count
2026-09-19 13:58:01 [restartedMain] DEBUG o.s.d.j.repository.query.NamedQuery - Did not find named query Alert.findAlertsByDateRange.count
2026-09-19 13:58:01 [restartedMain] DEBUG o.s.d.j.repository.query.NamedQuery - Did not find named query Alert.findOpenAlertsByCustomerId.count
2026-09-19 13:58:01 [restartedMain] DEBUG o.s.d.j.repository.query.NamedQuery - Did not find named query Alert.findOpenAlertsByRuleCodeAndCustomer.count
2026-09-19 13:58:02 [restartedMain] DEBUG o.s.w.s.m.m.a.RequestMappingHandlerMapping - 7 mappings in 'requestMappingHandlerMapping'
2026-09-19 13:58:02 [restartedMain] DEBUG o.s.w.s.h.SimpleUrlHandlerMapping - Patterns [/webjars/**, /**, /swagger-ui*/*swagger-initializer.js, /swagger-ui*/**] in 'resourceHandlerMapping'
2026-09-19 13:58:02 [restartedMain] DEBUG o.s.w.s.m.m.a.RequestMappingHandlerAdapter - ControllerAdvice beans: 0 @ModelAttribute, 0 @InitBinder, 2 RequestBodyAdvice, 1 ResponseBodyAdvice
2026-09-19 13:58:02 [restartedMain] DEBUG o.s.w.s.m.m.a.ExceptionHandlerExceptionResolver - ControllerAdvice beans: 1 @ExceptionHandler, 1 ResponseBodyAdvice
2026-09-19 13:58:02 [restartedMain] DEBUG o.s.d.j.repository.query.NamedQuery - Did not find named query Customer.findActiveCustomersByCountry.count
2026-09-19 13:58:02 [restartedMain] DEBUG o.s.d.j.repository.query.NamedQuery - Did not find named query Customer.findByPoliticallyExposedTrue.count
2026-09-19 13:58:02 [restartedMain] DEBUG o.s.d.j.repository.query.NamedQuery - Did not find named query Customer.findExposedHighRiskCustomers.count
2026-09-19 13:58:02 [restartedMain] DEBUG o.s.d.j.repository.query.NamedQuery - Did not find named query Customer.findByKycStatus.count
2026-09-19 13:58:02 [restartedMain] DEBUG o.s.d.j.repository.query.NamedQuery - Did not find named query Customer.findByRiskRating.count
2026-09-19 13:58:02 [restartedMain] DEBUG o.s.d.j.repository.query.NamedQuery - Did not find named query Customer.findByPhone.count
2026-09-19 13:58:02 [restartedMain] DEBUG o.s.d.j.repository.query.NamedQuery - Did not find named query Customer.findByEmail.count
2026-09-19 13:58:02 [restartedMain] DEBUG o.s.d.j.repository.query.NamedQuery - Did not find named query Customer.findByIsActiveTrueAndNumComplaintsGreaterThan.count
2026-09-19 13:58:02 [restartedMain] DEBUG o.s.d.j.repository.query.NamedQuery - Did not find named query Customer.findVerifiedCustomers.count
2026-09-19 13:58:02 [restartedMain] DEBUG o.s.d.j.repository.query.NamedQuery - Did not find named query Customer.findHighRiskCustomers.count
2026-09-19 13:58:02 [restartedMain] DEBUG o.s.d.j.repository.query.NamedQuery - Did not find named query AmlCase.findOpenCasesSortedBySeverity.count
2026-09-19 13:58:02 [restartedMain] DEBUG o.s.d.j.repository.query.NamedQuery - Did not find named query AmlCase.findOpenCasesAssignedToAnalyst.count
2026-09-19 13:58:02 [restartedMain] DEBUG o.s.d.j.repository.query.NamedQuery - Did not find named query AmlCase.countOpenCasesAssignedToAnalyst.count
2026-09-19 13:58:02 [restartedMain] DEBUG o.s.d.j.repository.query.NamedQuery - Did not find named query AmlCase.findByCustomerId.count
2026-09-19 13:58:02 [restartedMain] DEBUG o.s.d.j.repository.query.NamedQuery - Did not find named query AmlCase.findByAssignedTo.count
2026-09-19 13:58:02 [restartedMain] DEBUG o.s.d.j.repository.query.NamedQuery - Did not find named query AmlCase.countOpenCases.count
2026-09-19 13:58:02 [restartedMain] DEBUG o.s.d.j.repository.query.NamedQuery - Did not find named query AmlCase.findBySeverity.count
2026-09-19 13:58:02 [restartedMain] DEBUG o.s.d.j.repository.query.NamedQuery - Did not find named query AmlCase.findByCaseStatus.count
2026-09-19 13:58:02 [restartedMain] DEBUG o.s.d.j.repository.query.NamedQuery - Did not find named query AmlCase.findOpenCasesByCustomerId.count
2026-09-19 13:58:02 [restartedMain] DEBUG o.s.d.j.repository.query.NamedQuery - Did not find named query AmlCase.findClosedCasesByDateRange.count
2026-09-19 13:58:02 [restartedMain] DEBUG o.s.d.j.repository.query.NamedQuery - Did not find named query AmlCase.countOpenCasesByCustomerId.count
2026-09-19 13:58:02 [restartedMain] DEBUG o.s.d.j.repository.query.NamedQuery - Did not find named query AmlCase.findHighSeverityCases.count
2026-09-19 13:58:02 [restartedMain] DEBUG o.s.d.j.repository.query.NamedQuery - Did not find named query AmlCase.findUnassignedOpenCases.count
2026-09-19 13:58:02 [restartedMain] DEBUG o.s.d.j.repository.query.NamedQuery - Did not find named query AmlCase.findByOpenedAtBetweenOrderByOpenedAtDesc.count
2026-09-19 13:58:02 [restartedMain] INFO  o.s.boot.tomcat.TomcatWebServer - Tomcat started on port 8082 (http) with context path '/sentinel'
2026-09-19 13:58:02 [restartedMain] INFO  c.s.SentinelFlowApplication - Started SentinelFlowApplication in 7.18 seconds (process running for 8.532)
2026-09-19 13:58:31 [http-nio-8082-exec-1] INFO  o.a.c.c.C.[.[localhost].[/sentinel] - Initializing Spring DispatcherServlet 'dispatcherServlet'
2026-09-19 13:58:31 [http-nio-8082-exec-1] INFO  o.s.web.servlet.DispatcherServlet - Initializing Servlet 'dispatcherServlet'
2026-09-19 13:58:31 [http-nio-8082-exec-1] DEBUG o.s.web.servlet.DispatcherServlet - Detected StandardServletMultipartResolver
2026-09-19 13:58:31 [http-nio-8082-exec-1] DEBUG o.s.web.servlet.DispatcherServlet - Detected AcceptHeaderLocaleResolver
2026-09-19 13:58:31 [http-nio-8082-exec-1] DEBUG o.s.web.servlet.DispatcherServlet - Detected org.springframework.web.servlet.view.DefaultRequestToViewNameTranslator@35a58423
2026-09-19 13:58:31 [http-nio-8082-exec-1] DEBUG o.s.web.servlet.DispatcherServlet - Detected org.springframework.web.servlet.support.SessionFlashMapManager@3232db14
2026-09-19 13:58:31 [http-nio-8082-exec-1] DEBUG o.s.web.servlet.DispatcherServlet - enableLoggingRequestDetails='false': request parameters and headers will be masked to prevent unsafe logging of potentially sensitive data
2026-09-19 13:58:31 [http-nio-8082-exec-1] INFO  o.s.web.servlet.DispatcherServlet - Completed initialization in 3 ms
2026-09-19 13:58:31 [http-nio-8082-exec-1] DEBUG o.s.web.servlet.DispatcherServlet - POST "/sentinel/api/v1/transactions", parameters={}
2026-09-19 13:58:31 [http-nio-8082-exec-1] DEBUG o.s.w.s.m.m.a.RequestMappingHandlerMapping - Mapped to com.sentinelflow.controller.TransactionController#createTransaction(TransactionRequest)
2026-09-19 13:58:31 [http-nio-8082-exec-1] DEBUG o.s.w.s.m.m.a.RequestResponseBodyMethodProcessor - Read "application/json;charset=UTF-8" to [com.sentinelflow.dto.TransactionRequest@f9cf53]
2026-09-19 13:58:31 [http-nio-8082-exec-1] DEBUG o.s.d.j.r.query.PartTreeJpaQuery - QueryPreparer: Derived query for query method [public abstract java.util.Optional com.sentinelflow.repositories.RuleConfigRepository.findByRuleCode(java.lang.String)]: 'SELECT r FROM RuleConfig r WHERE r.ruleCode = :ruleCode'
2026-09-19 13:58:31 [http-nio-8082-exec-1] DEBUG o.s.d.j.r.query.PartTreeJpaQuery - QueryPreparer: Derived query for query method [public abstract java.util.Optional com.sentinelflow.repositories.RuleConfigRepository.findByRuleCode(java.lang.String)]: 'SELECT r FROM RuleConfig r WHERE r.ruleCode = :ruleCode'
2026-09-19 13:58:31 [http-nio-8082-exec-1] DEBUG o.s.d.j.r.query.PartTreeJpaQuery - QueryPreparer: Derived query for query method [public abstract boolean com.sentinelflow.repositories.HighRiskJurisdictionRepository.existsByCountryCodeAndActive(java.lang.String,boolean)]: 'SELECT h.id FROM HighRiskJurisdiction h WHERE h.countryCode = :countryCode AND h.active = :active'
2026-09-19 13:58:31 [http-nio-8082-exec-1] DEBUG o.s.d.j.r.query.PartTreeJpaQuery - QueryPreparer: Derived query for query method [public abstract java.util.Optional com.sentinelflow.repositories.RuleConfigRepository.findByRuleCode(java.lang.String)]: 'SELECT r FROM RuleConfig r WHERE r.ruleCode = :ruleCode'
2026-09-19 13:58:31 [http-nio-8082-exec-1] DEBUG o.s.d.j.r.query.PartTreeJpaQuery - QueryPreparer: Derived query for query method [public abstract java.util.Optional com.sentinelflow.repositories.RuleConfigRepository.findByRuleCode(java.lang.String)]: 'SELECT r FROM RuleConfig r WHERE r.ruleCode = :ruleCode'
2026-09-19 13:58:31 [http-nio-8082-exec-1] DEBUG o.s.d.j.r.query.PartTreeJpaQuery - QueryPreparer: Derived query for query method [public abstract java.util.Optional com.sentinelflow.repositories.RuleConfigRepository.findByRuleCode(java.lang.String)]: 'SELECT r FROM RuleConfig r WHERE r.ruleCode = :ruleCode'
2026-09-19 13:58:31 [http-nio-8082-exec-1] DEBUG o.s.web.servlet.DispatcherServlet - Failed to complete request: java.lang.NullPointerException
2026-09-19 13:58:31 [http-nio-8082-exec-1] ERROR o.a.c.c.C.[.[.[.[dispatcherServlet] - Servlet.service() for servlet [dispatcherServlet] in context with path [/sentinel] threw exception [Request processing failed: java.lang.NullPointerException] with root cause
java.lang.NullPointerException
	at java.base/java.util.Objects.requireNonNull(Objects.java:220)
	at java.base/java.util.ImmutableCollections$List12.<init>(ImmutableCollections.java:563)
	at java.base/java.util.List.of(List.java:935)
	at com.sentinelflow.aml.rule.ThresholdRule.evaluate(ThresholdRule.java:47)
	at com.sentinelflow.aml.rule.AmlDetectionEngine.lambda$evaluate$0(AmlDetectionEngine.java:22)
	at java.base/java.util.stream.ReferencePipeline$3$1.accept(ReferencePipeline.java:212)
	at java.base/java.util.ArrayList$ArrayListSpliterator.forEachRemaining(ArrayList.java:1709)
	at java.base/java.util.stream.AbstractPipeline.copyInto(AbstractPipeline.java:556)
	at java.base/java.util.stream.AbstractPipeline.wrapAndCopyInto(AbstractPipeline.java:546)
	at java.base/java.util.stream.AbstractPipeline.evaluate(AbstractPipeline.java:622)
	at java.base/java.util.stream.AbstractPipeline.evaluateToArrayNode(AbstractPipeline.java:291)
	at java.base/java.util.stream.ReferencePipeline.toArray(ReferencePipeline.java:631)
	at java.base/java.util.stream.ReferencePipeline.toArray(ReferencePipeline.java:637)
	at java.base/java.util.stream.ReferencePipeline.toList(ReferencePipeline.java:642)
	at com.sentinelflow.aml.rule.AmlDetectionEngine.evaluate(AmlDetectionEngine.java:24)
	at com.sentinelflow.service.impl.TransactionServiceImpl.processTransaction(TransactionServiceImpl.java:74)
	at java.base/jdk.internal.reflect.DirectMethodHandleAccessor.invoke(DirectMethodHandleAccessor.java:103)
	at java.base/java.lang.reflect.Method.invoke(Method.java:580)
	at org.springframework.aop.support.AopUtils.invokeJoinpointUsingReflection(AopUtils.java:359)
	at org.springframework.aop.framework.ReflectiveMethodInvocation.invokeJoinpoint(ReflectiveMethodInvocation.java:190)
	at org.springframework.aop.framework.ReflectiveMethodInvocation.proceed(ReflectiveMethodInvocation.java:158)
	at org.springframework.transaction.interceptor.TransactionInterceptor$1.proceedWithInvocation(TransactionInterceptor.java:133)
	at org.springframework.transaction.interceptor.TransactionAspectSupport.invokeWithinTransaction(TransactionAspectSupport.java:371)
	at org.springframework.transaction.interceptor.TransactionInterceptor.invoke(TransactionInterceptor.java:130)
	at org.springframework.aop.framework.ReflectiveMethodInvocation.proceed(ReflectiveMethodInvocation.java:179)
	at org.springframework.aop.framework.CglibAopProxy$DynamicAdvisedInterceptor.intercept(CglibAopProxy.java:719)
	at com.sentinelflow.service.impl.TransactionServiceImpl$$SpringCGLIB$$0.processTransaction(<generated>)
	at com.sentinelflow.controller.TransactionController.createTransaction(TransactionController.java:30)
	at java.base/jdk.internal.reflect.DirectMethodHandleAccessor.invoke(DirectMethodHandleAccessor.java:103)
	at java.base/java.lang.reflect.Method.invoke(Method.java:580)
	at org.springframework.web.method.support.InvocableHandlerMethod.doInvoke(InvocableHandlerMethod.java:252)
	at org.springframework.web.method.support.InvocableHandlerMethod.invokeForRequest(InvocableHandlerMethod.java:184)
	at org.springframework.web.servlet.mvc.method.annotation.ServletInvocableHandlerMethod.invokeAndHandle(ServletInvocableHandlerMethod.java:117)
	at org.springframework.web.servlet.mvc.method.annotation.RequestMappingHandlerAdapter.invokeHandlerMethod(RequestMappingHandlerAdapter.java:934)
	at org.springframework.web.servlet.mvc.method.annotation.RequestMappingHandlerAdapter.handleInternal(RequestMappingHandlerAdapter.java:853)
	at org.springframework.web.servlet.mvc.method.AbstractHandlerMethodAdapter.handle(AbstractHandlerMethodAdapter.java:86)
	at org.springframework.web.servlet.DispatcherServlet.doDispatch(DispatcherServlet.java:963)
	at org.springframework.web.servlet.DispatcherServlet.doService(DispatcherServlet.java:866)
	at org.springframework.web.servlet.FrameworkServlet.processRequest(FrameworkServlet.java:1000)
	at org.springframework.web.servlet.FrameworkServlet.doPost(FrameworkServlet.java:903)
	at jakarta.servlet.http.HttpServlet.service(HttpServlet.java:649)
	at org.springframework.web.servlet.FrameworkServlet.service(FrameworkServlet.java:874)
	at jakarta.servlet.http.HttpServlet.service(HttpServlet.java:710)
	at org.apache.catalina.core.ApplicationFilterChain.doFilter(ApplicationFilterChain.java:132)
	at org.apache.tomcat.websocket.server.WsFilter.doFilter(WsFilter.java:59)
	at org.apache.catalina.core.ApplicationFilterChain.doFilter(ApplicationFilterChain.java:111)
	at org.springframework.web.filter.RequestContextFilter.doFilterInternal(RequestContextFilter.java:100)
	at org.springframework.web.filter.OncePerRequestFilter.doFilter(OncePerRequestFilter.java:116)
	at org.apache.catalina.core.ApplicationFilterChain.doFilter(ApplicationFilterChain.java:111)
	at org.springframework.web.filter.FormContentFilter.doFilterInternal(FormContentFilter.java:93)
	at org.springframework.web.filter.OncePerRequestFilter.doFilter(OncePerRequestFilter.java:116)
	at org.apache.catalina.core.ApplicationFilterChain.doFilter(ApplicationFilterChain.java:111)
	at org.springframework.web.filter.CharacterEncodingFilter.doFilterInternal(CharacterEncodingFilter.java:199)
	at org.springframework.web.filter.OncePerRequestFilter.doFilter(OncePerRequestFilter.java:116)
	at org.apache.catalina.core.ApplicationFilterChain.doFilter(ApplicationFilterChain.java:111)
	at org.apache.catalina.core.StandardWrapperValve.invoke(StandardWrapperValve.java:165)
	at org.apache.catalina.core.StandardContextValve.invoke(StandardContextValve.java:77)
	at org.apache.catalina.authenticator.AuthenticatorBase.invoke(AuthenticatorBase.java:535)
	at org.apache.catalina.core.StandardHostValve.invoke(StandardHostValve.java:115)
	at org.apache.catalina.valves.ErrorReportValve.invoke(ErrorReportValve.java:86)
	at org.apache.catalina.core.StandardEngineValve.invoke(StandardEngineValve.java:71)
	at org.apache.catalina.connector.CoyoteAdapter.service(CoyoteAdapter.java:347)
	at org.apache.coyote.http11.Http11Processor.service(Http11Processor.java:406)
	at org.apache.coyote.AbstractProcessorLight.process(AbstractProcessorLight.java:71)
	at org.apache.coyote.AbstractProtocol$ConnectionHandler.process(AbstractProtocol.java:1307)
	at org.apache.tomcat.util.net.NioEndpoint$SocketProcessor.doRun(NioEndpoint.java:2036)
	at org.apache.tomcat.util.net.SocketProcessorBase.run(SocketProcessorBase.java:74)
	at org.apache.tomcat.util.threads.ThreadPoolExecutor.runWorker(ThreadPoolExecutor.java:949)
	at org.apache.tomcat.util.threads.ThreadPoolExecutor$Worker.run(ThreadPoolExecutor.java:483)
	at org.apache.tomcat.util.threads.TaskThread$WrappingRunnable.run(TaskThread.java:74)
	at java.base/java.lang.Thread.run(Thread.java:1570)
2026-09-19 13:58:31 [http-nio-8082-exec-1] DEBUG o.s.web.servlet.DispatcherServlet - "ERROR" dispatch for GET "/sentinel/error", parameters={}
2026-09-19 13:58:31 [http-nio-8082-exec-1] DEBUG o.s.w.s.m.m.a.RequestMappingHandlerMapping - Mapped to org.springframework.boot.webmvc.autoconfigure.error.BasicErrorController#error(HttpServletRequest)
2026-09-19 13:58:31 [http-nio-8082-exec-1] DEBUG o.s.w.s.m.m.a.HttpEntityMethodProcessor - Using 'application/json', given [*/*] and supported [application/json, application/*+json, application/yaml]
2026-09-19 13:58:31 [http-nio-8082-exec-1] DEBUG o.s.w.s.m.m.a.HttpEntityMethodProcessor - Writing [{timestamp=Sat Sep 19 13:58:31 IST 2026, status=500, error=Internal Server Error, trace=java.lang.Nu (truncated)...]
2026-09-19 13:58:31 [http-nio-8082-exec-1] DEBUG o.s.web.servlet.DispatcherServlet - Exiting from "ERROR" dispatch, status 500
2026-09-19 13:59:18 [RMI TCP Connection(10)-127.0.0.1] INFO  o.s.b.a.SpringApplicationAdminMXBeanRegistrar$SpringApplicationAdmin - Application shutdown requested.
2026-09-19 13:59:18 [RMI TCP Connection(10)-127.0.0.1] INFO  o.s.boot.tomcat.GracefulShutdown - Commencing graceful shutdown. Waiting for active requests to complete
2026-09-19 13:59:18 [tomcat-shutdown] INFO  o.s.boot.tomcat.GracefulShutdown - Graceful shutdown complete
2026-09-19 13:59:18 [RMI TCP Connection(10)-127.0.0.1] INFO  o.s.o.j.LocalContainerEntityManagerFactoryBean - Closing JPA EntityManagerFactory for persistence unit 'default'
2026-09-19 13:59:18 [RMI TCP Connection(10)-127.0.0.1] INFO  com.zaxxer.hikari.HikariDataSource - HikariPool-1 - Shutdown initiated...
2026-09-19 13:59:18 [RMI TCP Connection(10)-127.0.0.1] INFO  com.zaxxer.hikari.HikariDataSource - HikariPool-1 - Shutdown completed.
2026-09-19 14:00:02 [restartedMain] INFO  c.s.SentinelFlowApplication - Starting SentinelFlowApplication using Java 22 with PID 632 (D:\Java\SentinelFlow\target\classes started by hp in D:\Java\SentinelFlow)
2026-09-19 14:00:02 [restartedMain] DEBUG c.s.SentinelFlowApplication - Running with Spring Boot v4.1.1, Spring v7.0.9
2026-09-19 14:00:02 [restartedMain] INFO  c.s.SentinelFlowApplication - No active profile set, falling back to 1 default profile: "default"
2026-09-19 14:00:02 [restartedMain] INFO  o.s.b.d.e.DevToolsPropertyDefaultsPostProcessor - Devtools property defaults active! Set 'spring.devtools.add-properties' to 'false' to disable
2026-09-19 14:00:02 [restartedMain] INFO  o.s.b.d.e.DevToolsPropertyDefaultsPostProcessor - For additional web related logging consider setting the 'logging.level.web' property to 'DEBUG'
2026-09-19 14:00:02 [restartedMain] INFO  o.s.d.r.c.RepositoryConfigurationDelegate - Bootstrapping Spring Data JPA repositories in DEFAULT mode.
2026-09-19 14:00:03 [restartedMain] INFO  o.s.d.r.c.RepositoryConfigurationDelegate - Finished Spring Data repository scanning in 55 ms. Found 7 JPA repository interfaces.
2026-09-19 14:00:03 [restartedMain] INFO  o.s.boot.tomcat.TomcatWebServer - Tomcat initialized with port 8082 (http)
2026-09-19 14:00:03 [restartedMain] INFO  o.a.catalina.core.StandardService - Starting service [Tomcat]
2026-09-19 14:00:03 [restartedMain] INFO  o.a.catalina.core.StandardEngine - Starting Servlet engine: [Apache Tomcat/11.0.24]
2026-09-19 14:00:03 [restartedMain] INFO  o.s.b.w.c.s.WebApplicationContextInitializer - Root WebApplicationContext: initialization completed in 1452 ms
2026-09-19 14:00:03 [restartedMain] INFO  org.hibernate.orm.jpa - HHH008540: Processing PersistenceUnitInfo [name: default]
2026-09-19 14:00:03 [restartedMain] INFO  org.hibernate.orm.core - HHH000001: Hibernate ORM core version 7.4.5.Final
2026-09-19 14:00:04 [restartedMain] INFO  o.s.o.j.p.SpringPersistenceUnitInfo - No LoadTimeWeaver setup: ignoring JPA class transformer
2026-09-19 14:00:04 [restartedMain] INFO  com.zaxxer.hikari.HikariDataSource - HikariPool-1 - Starting...
2026-09-19 14:00:04 [restartedMain] INFO  com.zaxxer.hikari.pool.HikariPool - HikariPool-1 - Added connection org.postgresql.jdbc.PgConnection@136049b0
2026-09-19 14:00:04 [restartedMain] INFO  com.zaxxer.hikari.HikariDataSource - HikariPool-1 - Start completed.
2026-09-19 14:00:04 [restartedMain] INFO  o.hibernate.orm.connections.pooling - HHH10001005: Database info:
	Database JDBC URL [jdbc:postgresql://localhost:5433/AzentioHackthon]
	Database driver: PostgreSQL JDBC Driver
	Database dialect: PostgreSQLDialect
	Database version: 18.6
	Default catalog/schema: AzentioHackthon/public
	Autocommit mode: undefined/unknown
	Isolation level: READ_COMMITTED [default READ_COMMITTED]
	JDBC fetch size: none
	Pool: DataSourceConnectionProvider
	Minimum pool size: undefined/unknown
	Maximum pool size: undefined/unknown
2026-09-19 14:00:05 [restartedMain] INFO  org.hibernate.orm.core - HHH000489: No JTA platform available (set 'hibernate.transaction.jta.platform' to enable JTA platform integration)
2026-09-19 14:00:05 [restartedMain] INFO  org.hibernate.orm.jdbc.batch - HHH100501: Automatic JDBC statement batching enabled (maximum batch size 20)
2026-09-19 14:00:05 [restartedMain] INFO  o.s.o.j.LocalContainerEntityManagerFactoryBean - Initialized JPA EntityManagerFactory for persistence unit 'default'
2026-09-19 14:00:06 [restartedMain] DEBUG o.s.d.j.r.c.JpaMetamodelMappingContextFactoryBean - Initializing JpaMetamodelMappingContext…
2026-09-19 14:00:06 [restartedMain] DEBUG o.s.d.j.r.c.JpaMetamodelMappingContextFactoryBean - Finished initializing JpaMetamodelMappingContext
2026-09-19 14:00:06 [restartedMain] INFO  o.s.d.j.r.q.QueryEnhancerFactories - Hibernate is in classpath; If applicable, HQL parser will be used.
2026-09-19 14:00:06 [restartedMain] DEBUG o.s.d.j.repository.query.NamedQuery - Looking up named query 'RuleConfig.findByRuleCode'
2026-09-19 14:00:06 [restartedMain] DEBUG o.s.d.j.repository.query.NamedQuery - Did not find named query RuleConfig.findByRuleCode
2026-09-19 14:00:06 [restartedMain] DEBUG o.s.d.j.repository.query.NamedQuery - Did not find named query Transaction.calculateAccountTransactionTotalFor90Days.count
2026-09-19 14:00:06 [restartedMain] DEBUG o.s.d.j.repository.query.NamedQuery - Did not find named query Transaction.findTransactionsByAccountAndTimeRange.count
2026-09-19 14:00:06 [restartedMain] DEBUG o.s.d.j.repository.query.NamedQuery - Did not find named query Transaction.calculateAccountTransactionTotal.count
2026-09-19 14:00:06 [restartedMain] DEBUG o.s.d.j.repository.query.NamedQuery - Did not find named query Transaction.findByCountryCodeAndStatusAndTransactionDatetimeBetween.count
2026-09-19 14:00:06 [restartedMain] DEBUG o.s.d.j.repository.query.NamedQuery - Did not find named query Transaction.findHighValueTransactionsByAccountAndTimeRange.count
2026-09-19 14:00:07 [restartedMain] DEBUG o.s.d.j.repository.query.NamedQuery - Did not find named query Transaction.findByAccountId.count
2026-09-19 14:00:07 [restartedMain] DEBUG o.s.d.j.repository.query.NamedQuery - Did not find named query Transaction.findTransactionsByTypeAndTimeRange.count
2026-09-19 14:00:07 [restartedMain] DEBUG o.s.d.j.repository.query.NamedQuery - Did not find named query Transaction.findHighRiskTransactionsByChannel.count
2026-09-19 14:00:07 [restartedMain] DEBUG o.s.d.j.repository.query.NamedQuery - Did not find named query Transaction.findByCountryCode.count
2026-09-19 14:00:07 [restartedMain] DEBUG o.s.d.j.repository.query.NamedQuery - Did not find named query Transaction.findTransactionsByAmountAndTimeRange.count
2026-09-19 14:00:07 [restartedMain] DEBUG o.s.d.j.repository.query.NamedQuery - Did not find named query Transaction.sumTransactionAmountByAccountAndTimeRange.count
2026-09-19 14:00:07 [restartedMain] DEBUG o.s.d.j.repository.query.NamedQuery - Did not find named query Transaction.countTransactionsByAccountAndTimeRange.count
2026-09-19 14:00:07 [restartedMain] DEBUG o.s.d.j.repository.query.NamedQuery - Did not find named query Transaction.sumTransactionAmountByCustomerAndTimeRange.count
2026-09-19 14:00:07 [restartedMain] DEBUG o.s.d.j.repository.query.NamedQuery - Did not find named query Transaction.findByIsHighRiskTrue.count
2026-09-19 14:00:07 [restartedMain] DEBUG o.s.d.j.repository.query.NamedQuery - Did not find named query Transaction.findByAccountIdAndStatus.count
2026-09-19 14:00:07 [restartedMain] DEBUG o.s.d.j.repository.query.NamedQuery - Looking up named query 'HighRiskJurisdiction.existsByCountryCodeAndActive'
2026-09-19 14:00:07 [restartedMain] DEBUG o.s.d.j.repository.query.NamedQuery - Did not find named query HighRiskJurisdiction.existsByCountryCodeAndActive
2026-09-19 14:00:07 [restartedMain] DEBUG o.s.d.j.repository.query.NamedQuery - Did not find named query Account.findByAccountNumber.count
2026-09-19 14:00:07 [restartedMain] DEBUG o.s.d.j.repository.query.NamedQuery - Did not find named query Account.findByCustomerIdAndStatus.count
2026-09-19 14:00:07 [restartedMain] DEBUG o.s.d.j.repository.query.NamedQuery - Did not find named query Account.findAccountsOpenedBetween.count
2026-09-19 14:00:07 [restartedMain] DEBUG o.s.d.j.repository.query.NamedQuery - Did not find named query Account.findActiveAccountsByCustomerAndCurrency.count
2026-09-19 14:00:07 [restartedMain] DEBUG o.s.d.j.repository.query.NamedQuery - Did not find named query Account.findByStatus.count
2026-09-19 14:00:07 [restartedMain] DEBUG o.s.d.j.repository.query.NamedQuery - Did not find named query Account.findByCustomerId.count
2026-09-19 14:00:07 [restartedMain] DEBUG o.s.d.j.repository.query.NamedQuery - Did not find named query Account.findByIsActiveTrueAndCurrency.count
2026-09-19 14:00:07 [restartedMain] DEBUG o.s.d.j.repository.query.NamedQuery - Did not find named query Account.findActiveAccountsWithMinBalance.count
2026-09-19 14:00:07 [restartedMain] DEBUG o.s.d.j.repository.query.NamedQuery - Did not find named query Account.findActiveAccountsByCustomerId.count
2026-09-19 14:00:07 [restartedMain] DEBUG o.s.d.j.repository.query.NamedQuery - Did not find named query Account.findActiveJointAccounts.count
2026-09-19 14:00:07 [restartedMain] DEBUG o.s.d.j.repository.query.NamedQuery - Did not find named query Alert.findByRuleCode.count
2026-09-19 14:00:07 [restartedMain] DEBUG o.s.d.j.repository.query.NamedQuery - Did not find named query Alert.findByCustomerId.count
2026-09-19 14:00:07 [restartedMain] DEBUG o.s.d.j.repository.query.NamedQuery - Did not find named query Alert.findByAlertStatusAndCreatedByOrderByTriggeredAtDesc.count
2026-09-19 14:00:07 [restartedMain] DEBUG o.s.d.j.repository.query.NamedQuery - Did not find named query Alert.findOpenAlertsByRuleCodeAndCustomer.count
2026-09-19 14:00:07 [restartedMain] DEBUG o.s.d.j.repository.query.NamedQuery - Did not find named query Alert.findAlertsByDateRange.count
2026-09-19 14:00:07 [restartedMain] DEBUG o.s.d.j.repository.query.NamedQuery - Did not find named query Alert.findByTransactionId.count
2026-09-19 14:00:07 [restartedMain] DEBUG o.s.d.j.repository.query.NamedQuery - Did not find named query Alert.findOpenAlertsByCustomerId.count
2026-09-19 14:00:07 [restartedMain] DEBUG o.s.d.j.repository.query.NamedQuery - Did not find named query Alert.findCriticalAlerts.count
2026-09-19 14:00:07 [restartedMain] DEBUG o.s.d.j.repository.query.NamedQuery - Did not find named query Alert.countOpenAlerts.count
2026-09-19 14:00:07 [restartedMain] DEBUG o.s.d.j.repository.query.NamedQuery - Did not find named query Alert.findOpenAlertsSortedByRiskScore.count
2026-09-19 14:00:07 [restartedMain] DEBUG o.s.d.j.repository.query.NamedQuery - Did not find named query Alert.findAlertsByRiskScoreAndTimeRange.count
2026-09-19 14:00:07 [restartedMain] DEBUG o.s.d.j.repository.query.NamedQuery - Did not find named query Alert.countOpenAlertsByCustomerId.count
2026-09-19 14:00:07 [restartedMain] DEBUG o.s.d.j.repository.query.NamedQuery - Did not find named query Alert.findByAccountId.count
2026-09-19 14:00:07 [restartedMain] DEBUG o.s.d.j.repository.query.NamedQuery - Did not find named query Alert.findByAlertStatus.count
2026-09-19 14:00:07 [restartedMain] DEBUG o.s.w.s.m.m.a.RequestMappingHandlerMapping - 7 mappings in 'requestMappingHandlerMapping'
2026-09-19 14:00:07 [restartedMain] DEBUG o.s.w.s.h.SimpleUrlHandlerMapping - Patterns [/webjars/**, /**, /swagger-ui*/*swagger-initializer.js, /swagger-ui*/**] in 'resourceHandlerMapping'
2026-09-19 14:00:08 [restartedMain] DEBUG o.s.w.s.m.m.a.RequestMappingHandlerAdapter - ControllerAdvice beans: 0 @ModelAttribute, 0 @InitBinder, 2 RequestBodyAdvice, 1 ResponseBodyAdvice
2026-09-19 14:00:08 [restartedMain] DEBUG o.s.w.s.m.m.a.ExceptionHandlerExceptionResolver - ControllerAdvice beans: 1 @ExceptionHandler, 1 ResponseBodyAdvice
2026-09-19 14:00:08 [restartedMain] DEBUG o.s.d.j.repository.query.NamedQuery - Did not find named query Customer.findByIsActiveTrueAndNumComplaintsGreaterThan.count
2026-09-19 14:00:08 [restartedMain] DEBUG o.s.d.j.repository.query.NamedQuery - Did not find named query Customer.findHighRiskCustomers.count
2026-09-19 14:00:08 [restartedMain] DEBUG o.s.d.j.repository.query.NamedQuery - Did not find named query Customer.findVerifiedCustomers.count
2026-09-19 14:00:08 [restartedMain] DEBUG o.s.d.j.repository.query.NamedQuery - Did not find named query Customer.findByPhone.count
2026-09-19 14:00:08 [restartedMain] DEBUG o.s.d.j.repository.query.NamedQuery - Did not find named query Customer.findByEmail.count
2026-09-19 14:00:08 [restartedMain] DEBUG o.s.d.j.repository.query.NamedQuery - Did not find named query Customer.findByRiskRating.count
2026-09-19 14:00:08 [restartedMain] DEBUG o.s.d.j.repository.query.NamedQuery - Did not find named query Customer.findByKycStatus.count
2026-09-19 14:00:08 [restartedMain] DEBUG o.s.d.j.repository.query.NamedQuery - Did not find named query Customer.findActiveCustomersByCountry.count
2026-09-19 14:00:08 [restartedMain] DEBUG o.s.d.j.repository.query.NamedQuery - Did not find named query Customer.findExposedHighRiskCustomers.count
2026-09-19 14:00:08 [restartedMain] DEBUG o.s.d.j.repository.query.NamedQuery - Did not find named query Customer.findByPoliticallyExposedTrue.count
2026-09-19 14:00:08 [restartedMain] DEBUG o.s.d.j.repository.query.NamedQuery - Did not find named query AmlCase.findByCustomerId.count
2026-09-19 14:00:08 [restartedMain] DEBUG o.s.d.j.repository.query.NamedQuery - Did not find named query AmlCase.findOpenCasesAssignedToAnalyst.count
2026-09-19 14:00:08 [restartedMain] DEBUG o.s.d.j.repository.query.NamedQuery - Did not find named query AmlCase.findByOpenedAtBetweenOrderByOpenedAtDesc.count
2026-09-19 14:00:08 [restartedMain] DEBUG o.s.d.j.repository.query.NamedQuery - Did not find named query AmlCase.findUnassignedOpenCases.count
2026-09-19 14:00:08 [restartedMain] DEBUG o.s.d.j.repository.query.NamedQuery - Did not find named query AmlCase.countOpenCasesByCustomerId.count
2026-09-19 14:00:08 [restartedMain] DEBUG o.s.d.j.repository.query.NamedQuery - Did not find named query AmlCase.findHighSeverityCases.count
2026-09-19 14:00:08 [restartedMain] DEBUG o.s.d.j.repository.query.NamedQuery - Did not find named query AmlCase.findClosedCasesByDateRange.count
2026-09-19 14:00:08 [restartedMain] DEBUG o.s.d.j.repository.query.NamedQuery - Did not find named query AmlCase.findOpenCasesByCustomerId.count
2026-09-19 14:00:08 [restartedMain] DEBUG o.s.d.j.repository.query.NamedQuery - Did not find named query AmlCase.findByAssignedTo.count
2026-09-19 14:00:08 [restartedMain] DEBUG o.s.d.j.repository.query.NamedQuery - Did not find named query AmlCase.findByCaseStatus.count
2026-09-19 14:00:08 [restartedMain] DEBUG o.s.d.j.repository.query.NamedQuery - Did not find named query AmlCase.findBySeverity.count
2026-09-19 14:00:08 [restartedMain] DEBUG o.s.d.j.repository.query.NamedQuery - Did not find named query AmlCase.countOpenCases.count
2026-09-19 14:00:08 [restartedMain] DEBUG o.s.d.j.repository.query.NamedQuery - Did not find named query AmlCase.findOpenCasesSortedBySeverity.count
2026-09-19 14:00:08 [restartedMain] DEBUG o.s.d.j.repository.query.NamedQuery - Did not find named query AmlCase.countOpenCasesAssignedToAnalyst.count
2026-09-19 14:00:08 [restartedMain] INFO  o.s.boot.tomcat.TomcatWebServer - Tomcat started on port 8082 (http) with context path '/sentinel'
2026-09-19 14:00:08 [restartedMain] INFO  c.s.SentinelFlowApplication - Started SentinelFlowApplication in 7.065 seconds (process running for 8.354)
2026-09-19 14:00:12 [http-nio-8082-exec-1] INFO  o.a.c.c.C.[.[localhost].[/sentinel] - Initializing Spring DispatcherServlet 'dispatcherServlet'
2026-09-19 14:00:12 [http-nio-8082-exec-1] INFO  o.s.web.servlet.DispatcherServlet - Initializing Servlet 'dispatcherServlet'
2026-09-19 14:00:12 [http-nio-8082-exec-1] DEBUG o.s.web.servlet.DispatcherServlet - Detected StandardServletMultipartResolver
2026-09-19 14:00:12 [http-nio-8082-exec-1] DEBUG o.s.web.servlet.DispatcherServlet - Detected AcceptHeaderLocaleResolver
2026-09-19 14:00:12 [http-nio-8082-exec-1] DEBUG o.s.web.servlet.DispatcherServlet - Detected org.springframework.web.servlet.view.DefaultRequestToViewNameTranslator@49582e92
2026-09-19 14:00:12 [http-nio-8082-exec-1] DEBUG o.s.web.servlet.DispatcherServlet - Detected org.springframework.web.servlet.support.SessionFlashMapManager@118e2fbf
2026-09-19 14:00:12 [http-nio-8082-exec-1] DEBUG o.s.web.servlet.DispatcherServlet - enableLoggingRequestDetails='false': request parameters and headers will be masked to prevent unsafe logging of potentially sensitive data
2026-09-19 14:00:13 [http-nio-8082-exec-1] INFO  o.s.web.servlet.DispatcherServlet - Completed initialization in 15 ms
2026-09-19 14:00:13 [http-nio-8082-exec-1] DEBUG o.s.web.servlet.DispatcherServlet - POST "/sentinel/api/v1/transactions", parameters={}
2026-09-19 14:00:13 [http-nio-8082-exec-1] DEBUG o.s.w.s.m.m.a.RequestMappingHandlerMapping - Mapped to com.sentinelflow.controller.TransactionController#createTransaction(TransactionRequest)
2026-09-19 14:00:13 [http-nio-8082-exec-1] DEBUG o.s.w.s.m.m.a.RequestResponseBodyMethodProcessor - Read "application/json;charset=UTF-8" to [com.sentinelflow.dto.TransactionRequest@4d08a747]
2026-09-19 14:00:13 [http-nio-8082-exec-1] DEBUG o.s.d.j.r.query.PartTreeJpaQuery - QueryPreparer: Derived query for query method [public abstract java.util.Optional com.sentinelflow.repositories.RuleConfigRepository.findByRuleCode(java.lang.String)]: 'SELECT r FROM RuleConfig r WHERE r.ruleCode = :ruleCode'
2026-09-19 14:00:13 [http-nio-8082-exec-1] DEBUG o.s.d.j.r.query.PartTreeJpaQuery - QueryPreparer: Derived query for query method [public abstract java.util.Optional com.sentinelflow.repositories.RuleConfigRepository.findByRuleCode(java.lang.String)]: 'SELECT r FROM RuleConfig r WHERE r.ruleCode = :ruleCode'
2026-09-19 14:00:13 [http-nio-8082-exec-1] DEBUG o.s.d.j.r.query.PartTreeJpaQuery - QueryPreparer: Derived query for query method [public abstract boolean com.sentinelflow.repositories.HighRiskJurisdictionRepository.existsByCountryCodeAndActive(java.lang.String,boolean)]: 'SELECT h.id FROM HighRiskJurisdiction h WHERE h.countryCode = :countryCode AND h.active = :active'
2026-09-19 14:00:13 [http-nio-8082-exec-1] DEBUG o.s.d.j.r.query.PartTreeJpaQuery - QueryPreparer: Derived query for query method [public abstract java.util.Optional com.sentinelflow.repositories.RuleConfigRepository.findByRuleCode(java.lang.String)]: 'SELECT r FROM RuleConfig r WHERE r.ruleCode = :ruleCode'
2026-09-19 14:00:13 [http-nio-8082-exec-1] DEBUG o.s.d.j.r.query.PartTreeJpaQuery - QueryPreparer: Derived query for query method [public abstract java.util.Optional com.sentinelflow.repositories.RuleConfigRepository.findByRuleCode(java.lang.String)]: 'SELECT r FROM RuleConfig r WHERE r.ruleCode = :ruleCode'
2026-09-19 14:00:13 [http-nio-8082-exec-1] DEBUG o.s.d.j.r.query.PartTreeJpaQuery - QueryPreparer: Derived query for query method [public abstract java.util.Optional com.sentinelflow.repositories.RuleConfigRepository.findByRuleCode(java.lang.String)]: 'SELECT r FROM RuleConfig r WHERE r.ruleCode = :ruleCode'
2026-09-19 14:00:13 [http-nio-8082-exec-1] DEBUG o.s.w.s.m.m.a.HttpEntityMethodProcessor - Using 'application/json', given [*/*] and supported [application/json, application/*+json, application/yaml]
2026-09-19 14:00:13 [http-nio-8082-exec-1] DEBUG o.s.w.s.m.m.a.HttpEntityMethodProcessor - Writing [com.sentinelflow.dto.TransactionResponse@39ab7ec4]
2026-09-19 14:00:13 [http-nio-8082-exec-1] DEBUG o.s.web.servlet.DispatcherServlet - Completed 200 OK
2026-09-19 14:01:01 [http-nio-8082-exec-2] DEBUG o.s.web.servlet.DispatcherServlet - POST "/sentinel/api/v1/transactions", parameters={}
2026-09-19 14:01:01 [http-nio-8082-exec-2] DEBUG o.s.w.s.m.m.a.RequestMappingHandlerMapping - Mapped to com.sentinelflow.controller.TransactionController#createTransaction(TransactionRequest)
2026-09-19 14:01:01 [http-nio-8082-exec-2] DEBUG o.s.w.s.m.m.a.RequestResponseBodyMethodProcessor - Read "application/json;charset=UTF-8" to [com.sentinelflow.dto.TransactionRequest@a2f7829]
2026-09-19 14:01:01 [http-nio-8082-exec-2] DEBUG o.s.d.j.r.query.PartTreeJpaQuery - QueryPreparer: Derived query for query method [public abstract java.util.Optional com.sentinelflow.repositories.RuleConfigRepository.findByRuleCode(java.lang.String)]: 'SELECT r FROM RuleConfig r WHERE r.ruleCode = :ruleCode'
2026-09-19 14:01:01 [http-nio-8082-exec-2] DEBUG o.s.d.j.r.query.PartTreeJpaQuery - QueryPreparer: Derived query for query method [public abstract java.util.Optional com.sentinelflow.repositories.RuleConfigRepository.findByRuleCode(java.lang.String)]: 'SELECT r FROM RuleConfig r WHERE r.ruleCode = :ruleCode'
2026-09-19 14:01:01 [http-nio-8082-exec-2] DEBUG o.s.d.j.r.query.PartTreeJpaQuery - QueryPreparer: Derived query for query method [public abstract boolean com.sentinelflow.repositories.HighRiskJurisdictionRepository.existsByCountryCodeAndActive(java.lang.String,boolean)]: 'SELECT h.id FROM HighRiskJurisdiction h WHERE h.countryCode = :countryCode AND h.active = :active'
2026-09-19 14:01:01 [http-nio-8082-exec-2] DEBUG o.s.d.j.r.query.PartTreeJpaQuery - QueryPreparer: Derived query for query method [public abstract java.util.Optional com.sentinelflow.repositories.RuleConfigRepository.findByRuleCode(java.lang.String)]: 'SELECT r FROM RuleConfig r WHERE r.ruleCode = :ruleCode'
2026-09-19 14:01:01 [http-nio-8082-exec-2] DEBUG o.s.d.j.r.query.PartTreeJpaQuery - QueryPreparer: Derived query for query method [public abstract java.util.Optional com.sentinelflow.repositories.RuleConfigRepository.findByRuleCode(java.lang.String)]: 'SELECT r FROM RuleConfig r WHERE r.ruleCode = :ruleCode'
2026-09-19 14:01:01 [http-nio-8082-exec-2] DEBUG o.s.d.j.r.query.PartTreeJpaQuery - QueryPreparer: Derived query for query method [public abstract java.util.Optional com.sentinelflow.repositories.RuleConfigRepository.findByRuleCode(java.lang.String)]: 'SELECT r FROM RuleConfig r WHERE r.ruleCode = :ruleCode'
2026-09-19 14:01:01 [http-nio-8082-exec-2] DEBUG o.s.w.s.m.m.a.HttpEntityMethodProcessor - Using 'application/json', given [*/*] and supported [application/json, application/*+json, application/yaml]
2026-09-19 14:01:01 [http-nio-8082-exec-2] DEBUG o.s.w.s.m.m.a.HttpEntityMethodProcessor - Writing [com.sentinelflow.dto.TransactionResponse@739a1016]
2026-09-19 14:01:01 [http-nio-8082-exec-2] DEBUG o.s.web.servlet.DispatcherServlet - Completed 200 OK
2026-09-19 14:05:04 [RMI TCP Connection(13)-127.0.0.1] INFO  o.s.b.a.SpringApplicationAdminMXBeanRegistrar$SpringApplicationAdmin - Application shutdown requested.
2026-09-19 14:05:04 [RMI TCP Connection(13)-127.0.0.1] INFO  o.s.boot.tomcat.GracefulShutdown - Commencing graceful shutdown. Waiting for active requests to complete
2026-09-19 14:05:04 [tomcat-shutdown] INFO  o.s.boot.tomcat.GracefulShutdown - Graceful shutdown complete
2026-09-19 14:05:04 [RMI TCP Connection(13)-127.0.0.1] INFO  o.s.o.j.LocalContainerEntityManagerFactoryBean - Closing JPA EntityManagerFactory for persistence unit 'default'
2026-09-19 14:05:04 [RMI TCP Connection(13)-127.0.0.1] INFO  com.zaxxer.hikari.HikariDataSource - HikariPool-1 - Shutdown initiated...
2026-09-19 14:05:04 [RMI TCP Connection(13)-127.0.0.1] INFO  com.zaxxer.hikari.HikariDataSource - HikariPool-1 - Shutdown completed.
2026-09-19 14:05:57 [restartedMain] INFO  c.s.SentinelFlowApplication - Starting SentinelFlowApplication using Java 22 with PID 6476 (D:\Java\SentinelFlow\target\classes started by hp in D:\Java\SentinelFlow)
2026-09-19 14:05:57 [restartedMain] DEBUG c.s.SentinelFlowApplication - Running with Spring Boot v4.1.1, Spring v7.0.9
2026-09-19 14:05:57 [restartedMain] INFO  c.s.SentinelFlowApplication - No active profile set, falling back to 1 default profile: "default"
2026-09-19 14:05:57 [restartedMain] INFO  o.s.b.d.e.DevToolsPropertyDefaultsPostProcessor - Devtools property defaults active! Set 'spring.devtools.add-properties' to 'false' to disable
2026-09-19 14:05:57 [restartedMain] INFO  o.s.b.d.e.DevToolsPropertyDefaultsPostProcessor - For additional web related logging consider setting the 'logging.level.web' property to 'DEBUG'
2026-09-19 14:05:58 [restartedMain] INFO  o.s.d.r.c.RepositoryConfigurationDelegate - Bootstrapping Spring Data JPA repositories in DEFAULT mode.
2026-09-19 14:05:58 [restartedMain] INFO  o.s.d.r.c.RepositoryConfigurationDelegate - Finished Spring Data repository scanning in 41 ms. Found 7 JPA repository interfaces.
2026-09-19 14:05:58 [restartedMain] INFO  o.s.boot.tomcat.TomcatWebServer - Tomcat initialized with port 8082 (http)
2026-09-19 14:05:58 [restartedMain] INFO  o.a.catalina.core.StandardService - Starting service [Tomcat]
2026-09-19 14:05:58 [restartedMain] INFO  o.a.catalina.core.StandardEngine - Starting Servlet engine: [Apache Tomcat/11.0.24]
2026-09-19 14:05:58 [restartedMain] INFO  o.s.b.w.c.s.WebApplicationContextInitializer - Root WebApplicationContext: initialization completed in 1028 ms
2026-09-19 14:05:58 [restartedMain] INFO  org.hibernate.orm.jpa - HHH008540: Processing PersistenceUnitInfo [name: default]
2026-09-19 14:05:58 [restartedMain] INFO  org.hibernate.orm.core - HHH000001: Hibernate ORM core version 7.4.5.Final
2026-09-19 14:05:59 [restartedMain] INFO  o.s.o.j.p.SpringPersistenceUnitInfo - No LoadTimeWeaver setup: ignoring JPA class transformer
2026-09-19 14:05:59 [restartedMain] INFO  com.zaxxer.hikari.HikariDataSource - HikariPool-1 - Starting...
2026-09-19 14:05:59 [restartedMain] INFO  com.zaxxer.hikari.pool.HikariPool - HikariPool-1 - Added connection org.postgresql.jdbc.PgConnection@6f4abba8
2026-09-19 14:05:59 [restartedMain] INFO  com.zaxxer.hikari.HikariDataSource - HikariPool-1 - Start completed.
2026-09-19 14:05:59 [restartedMain] INFO  o.hibernate.orm.connections.pooling - HHH10001005: Database info:
	Database JDBC URL [jdbc:postgresql://localhost:5433/AzentioHackthon]
	Database driver: PostgreSQL JDBC Driver
	Database dialect: PostgreSQLDialect
	Database version: 18.6
	Default catalog/schema: AzentioHackthon/public
	Autocommit mode: undefined/unknown
	Isolation level: READ_COMMITTED [default READ_COMMITTED]
	JDBC fetch size: none
	Pool: DataSourceConnectionProvider
	Minimum pool size: undefined/unknown
	Maximum pool size: undefined/unknown
2026-09-19 14:06:00 [restartedMain] INFO  org.hibernate.orm.core - HHH000489: No JTA platform available (set 'hibernate.transaction.jta.platform' to enable JTA platform integration)
2026-09-19 14:06:00 [restartedMain] INFO  org.hibernate.orm.jdbc.batch - HHH100501: Automatic JDBC statement batching enabled (maximum batch size 20)
2026-09-19 14:06:00 [restartedMain] INFO  o.s.o.j.LocalContainerEntityManagerFactoryBean - Initialized JPA EntityManagerFactory for persistence unit 'default'
2026-09-19 14:06:00 [restartedMain] DEBUG o.s.d.j.r.c.JpaMetamodelMappingContextFactoryBean - Initializing JpaMetamodelMappingContext…
2026-09-19 14:06:00 [restartedMain] DEBUG o.s.d.j.r.c.JpaMetamodelMappingContextFactoryBean - Finished initializing JpaMetamodelMappingContext
2026-09-19 14:06:00 [restartedMain] INFO  o.s.d.j.r.q.QueryEnhancerFactories - Hibernate is in classpath; If applicable, HQL parser will be used.
2026-09-19 14:06:00 [restartedMain] DEBUG o.s.d.j.repository.query.NamedQuery - Looking up named query 'RuleConfig.findByRuleCode'
2026-09-19 14:06:00 [restartedMain] DEBUG o.s.d.j.repository.query.NamedQuery - Did not find named query RuleConfig.findByRuleCode
2026-09-19 14:06:00 [restartedMain] DEBUG o.s.d.j.repository.query.NamedQuery - Did not find named query Transaction.calculateAccountTransactionTotalFor90Days.count
2026-09-19 14:06:01 [restartedMain] DEBUG o.s.d.j.repository.query.NamedQuery - Did not find named query Transaction.calculateAccountTransactionTotal.count
2026-09-19 14:06:01 [restartedMain] DEBUG o.s.d.j.repository.query.NamedQuery - Did not find named query Transaction.findTransactionsByAccountAndTimeRange.count
2026-09-19 14:06:01 [restartedMain] DEBUG o.s.d.j.repository.query.NamedQuery - Did not find named query Transaction.countTransactionsByAccountAndTimeRange.count
2026-09-19 14:06:01 [restartedMain] DEBUG o.s.d.j.repository.query.NamedQuery - Did not find named query Transaction.findHighValueTransactionsByAccountAndTimeRange.count
2026-09-19 14:06:01 [restartedMain] DEBUG o.s.d.j.repository.query.NamedQuery - Did not find named query Transaction.sumTransactionAmountByAccountAndTimeRange.count
2026-09-19 14:06:01 [restartedMain] DEBUG o.s.d.j.repository.query.NamedQuery - Did not find named query Transaction.findTransactionsByAmountAndTimeRange.count
2026-09-19 14:06:01 [restartedMain] DEBUG o.s.d.j.repository.query.NamedQuery - Did not find named query Transaction.sumTransactionAmountByCustomerAndTimeRange.count
2026-09-19 14:06:01 [restartedMain] DEBUG o.s.d.j.repository.query.NamedQuery - Did not find named query Transaction.findHighRiskTransactionsByChannel.count
2026-09-19 14:06:01 [restartedMain] DEBUG o.s.d.j.repository.query.NamedQuery - Did not find named query Transaction.findTransactionsByTypeAndTimeRange.count
2026-09-19 14:06:01 [restartedMain] DEBUG o.s.d.j.repository.query.NamedQuery - Did not find named query Transaction.findByCountryCodeAndStatusAndTransactionDatetimeBetween.count
2026-09-19 14:06:01 [restartedMain] DEBUG o.s.d.j.repository.query.NamedQuery - Did not find named query Transaction.findByAccountIdAndStatus.count
2026-09-19 14:06:01 [restartedMain] DEBUG o.s.d.j.repository.query.NamedQuery - Did not find named query Transaction.findByIsHighRiskTrue.count
2026-09-19 14:06:01 [restartedMain] DEBUG o.s.d.j.repository.query.NamedQuery - Did not find named query Transaction.findByAccountId.count
2026-09-19 14:06:01 [restartedMain] DEBUG o.s.d.j.repository.query.NamedQuery - Did not find named query Transaction.findByCountryCode.count
2026-09-19 14:06:01 [restartedMain] DEBUG o.s.d.j.repository.query.NamedQuery - Looking up named query 'HighRiskJurisdiction.existsByCountryCodeAndActive'
2026-09-19 14:06:01 [restartedMain] DEBUG o.s.d.j.repository.query.NamedQuery - Did not find named query HighRiskJurisdiction.existsByCountryCodeAndActive
2026-09-19 14:06:01 [restartedMain] DEBUG o.s.d.j.repository.query.NamedQuery - Did not find named query Account.findActiveAccountsByCustomerAndCurrency.count
2026-09-19 14:06:01 [restartedMain] DEBUG o.s.d.j.repository.query.NamedQuery - Did not find named query Account.findActiveJointAccounts.count
2026-09-19 14:06:01 [restartedMain] DEBUG o.s.d.j.repository.query.NamedQuery - Did not find named query Account.findByCustomerIdAndStatus.count
2026-09-19 14:06:01 [restartedMain] DEBUG o.s.d.j.repository.query.NamedQuery - Did not find named query Account.findAccountsOpenedBetween.count
2026-09-19 14:06:01 [restartedMain] DEBUG o.s.d.j.repository.query.NamedQuery - Did not find named query Account.findByAccountNumber.count
2026-09-19 14:06:01 [restartedMain] DEBUG o.s.d.j.repository.query.NamedQuery - Did not find named query Account.findByIsActiveTrueAndCurrency.count
2026-09-19 14:06:01 [restartedMain] DEBUG o.s.d.j.repository.query.NamedQuery - Did not find named query Account.findActiveAccountsWithMinBalance.count
2026-09-19 14:06:01 [restartedMain] DEBUG o.s.d.j.repository.query.NamedQuery - Did not find named query Account.findActiveAccountsByCustomerId.count
2026-09-19 14:06:01 [restartedMain] DEBUG o.s.d.j.repository.query.NamedQuery - Did not find named query Account.findByCustomerId.count
2026-09-19 14:06:01 [restartedMain] DEBUG o.s.d.j.repository.query.NamedQuery - Did not find named query Account.findByStatus.count
2026-09-19 14:06:01 [restartedMain] DEBUG o.s.d.j.repository.query.NamedQuery - Did not find named query Alert.findByRuleCode.count
2026-09-19 14:06:01 [restartedMain] DEBUG o.s.d.j.repository.query.NamedQuery - Did not find named query Alert.findOpenAlertsByRuleCodeAndCustomer.count
2026-09-19 14:06:01 [restartedMain] DEBUG o.s.d.j.repository.query.NamedQuery - Did not find named query Alert.findByAlertStatusAndCreatedByOrderByTriggeredAtDesc.count
2026-09-19 14:06:01 [restartedMain] DEBUG o.s.d.j.repository.query.NamedQuery - Did not find named query Alert.findAlertsByRiskScoreAndTimeRange.count
2026-09-19 14:06:01 [restartedMain] DEBUG o.s.d.j.repository.query.NamedQuery - Did not find named query Alert.countOpenAlertsByCustomerId.count
2026-09-19 14:06:01 [restartedMain] DEBUG o.s.d.j.repository.query.NamedQuery - Did not find named query Alert.findOpenAlertsSortedByRiskScore.count
2026-09-19 14:06:01 [restartedMain] DEBUG o.s.d.j.repository.query.NamedQuery - Did not find named query Alert.findByCustomerId.count
2026-09-19 14:06:01 [restartedMain] DEBUG o.s.d.j.repository.query.NamedQuery - Did not find named query Alert.findAlertsByDateRange.count
2026-09-19 14:06:01 [restartedMain] DEBUG o.s.d.j.repository.query.NamedQuery - Did not find named query Alert.findOpenAlertsByCustomerId.count
2026-09-19 14:06:01 [restartedMain] DEBUG o.s.d.j.repository.query.NamedQuery - Did not find named query Alert.findByTransactionId.count
2026-09-19 14:06:01 [restartedMain] DEBUG o.s.d.j.repository.query.NamedQuery - Did not find named query Alert.findByAccountId.count
2026-09-19 14:06:01 [restartedMain] DEBUG o.s.d.j.repository.query.NamedQuery - Did not find named query Alert.findCriticalAlerts.count
2026-09-19 14:06:01 [restartedMain] DEBUG o.s.d.j.repository.query.NamedQuery - Did not find named query Alert.countOpenAlerts.count
2026-09-19 14:06:01 [restartedMain] DEBUG o.s.d.j.repository.query.NamedQuery - Did not find named query Alert.findByAlertStatus.count
2026-09-19 14:06:01 [restartedMain] DEBUG o.s.w.s.m.m.a.RequestMappingHandlerMapping - 7 mappings in 'requestMappingHandlerMapping'
2026-09-19 14:06:01 [restartedMain] DEBUG o.s.w.s.h.SimpleUrlHandlerMapping - Patterns [/webjars/**, /**, /swagger-ui*/*swagger-initializer.js, /swagger-ui*/**] in 'resourceHandlerMapping'
2026-09-19 14:06:01 [restartedMain] DEBUG o.s.w.s.m.m.a.RequestMappingHandlerAdapter - ControllerAdvice beans: 0 @ModelAttribute, 0 @InitBinder, 2 RequestBodyAdvice, 1 ResponseBodyAdvice
2026-09-19 14:06:01 [restartedMain] DEBUG o.s.w.s.m.m.a.ExceptionHandlerExceptionResolver - ControllerAdvice beans: 1 @ExceptionHandler, 1 ResponseBodyAdvice
2026-09-19 14:06:02 [restartedMain] DEBUG o.s.d.j.repository.query.NamedQuery - Did not find named query AmlCase.findByOpenedAtBetweenOrderByOpenedAtDesc.count
2026-09-19 14:06:02 [restartedMain] DEBUG o.s.d.j.repository.query.NamedQuery - Did not find named query AmlCase.findOpenCasesSortedBySeverity.count
2026-09-19 14:06:02 [restartedMain] DEBUG o.s.d.j.repository.query.NamedQuery - Did not find named query AmlCase.countOpenCasesAssignedToAnalyst.count
2026-09-19 14:06:02 [restartedMain] DEBUG o.s.d.j.repository.query.NamedQuery - Did not find named query AmlCase.findOpenCasesAssignedToAnalyst.count
2026-09-19 14:06:02 [restartedMain] DEBUG o.s.d.j.repository.query.NamedQuery - Did not find named query AmlCase.findByCustomerId.count
2026-09-19 14:06:02 [restartedMain] DEBUG o.s.d.j.repository.query.NamedQuery - Did not find named query AmlCase.countOpenCasesByCustomerId.count
2026-09-19 14:06:02 [restartedMain] DEBUG o.s.d.j.repository.query.NamedQuery - Did not find named query AmlCase.findOpenCasesByCustomerId.count
2026-09-19 14:06:02 [restartedMain] DEBUG o.s.d.j.repository.query.NamedQuery - Did not find named query AmlCase.findHighSeverityCases.count
2026-09-19 14:06:02 [restartedMain] DEBUG o.s.d.j.repository.query.NamedQuery - Did not find named query AmlCase.findUnassignedOpenCases.count
2026-09-19 14:06:02 [restartedMain] DEBUG o.s.d.j.repository.query.NamedQuery - Did not find named query AmlCase.findClosedCasesByDateRange.count
2026-09-19 14:06:02 [restartedMain] DEBUG o.s.d.j.repository.query.NamedQuery - Did not find named query AmlCase.findBySeverity.count
2026-09-19 14:06:02 [restartedMain] DEBUG o.s.d.j.repository.query.NamedQuery - Did not find named query AmlCase.findByAssignedTo.count
2026-09-19 14:06:02 [restartedMain] DEBUG o.s.d.j.repository.query.NamedQuery - Did not find named query AmlCase.countOpenCases.count
2026-09-19 14:06:02 [restartedMain] DEBUG o.s.d.j.repository.query.NamedQuery - Did not find named query AmlCase.findByCaseStatus.count
2026-09-19 14:06:02 [restartedMain] DEBUG o.s.d.j.repository.query.NamedQuery - Did not find named query Customer.findByIsActiveTrueAndNumComplaintsGreaterThan.count
2026-09-19 14:06:02 [restartedMain] DEBUG o.s.d.j.repository.query.NamedQuery - Did not find named query Customer.findExposedHighRiskCustomers.count
2026-09-19 14:06:02 [restartedMain] DEBUG o.s.d.j.repository.query.NamedQuery - Did not find named query Customer.findByPoliticallyExposedTrue.count
2026-09-19 14:06:02 [restartedMain] DEBUG o.s.d.j.repository.query.NamedQuery - Did not find named query Customer.findActiveCustomersByCountry.count
2026-09-19 14:06:02 [restartedMain] DEBUG o.s.d.j.repository.query.NamedQuery - Did not find named query Customer.findHighRiskCustomers.count
2026-09-19 14:06:02 [restartedMain] DEBUG o.s.d.j.repository.query.NamedQuery - Did not find named query Customer.findVerifiedCustomers.count
2026-09-19 14:06:02 [restartedMain] DEBUG o.s.d.j.repository.query.NamedQuery - Did not find named query Customer.findByRiskRating.count
2026-09-19 14:06:02 [restartedMain] DEBUG o.s.d.j.repository.query.NamedQuery - Did not find named query Customer.findByPhone.count
2026-09-19 14:06:02 [restartedMain] DEBUG o.s.d.j.repository.query.NamedQuery - Did not find named query Customer.findByEmail.count
2026-09-19 14:06:02 [restartedMain] DEBUG o.s.d.j.repository.query.NamedQuery - Did not find named query Customer.findByKycStatus.count
2026-09-19 14:06:02 [restartedMain] INFO  o.s.boot.tomcat.TomcatWebServer - Tomcat started on port 8082 (http) with context path '/sentinel'
2026-09-19 14:06:02 [restartedMain] INFO  c.s.SentinelFlowApplication - Started SentinelFlowApplication in 5.097 seconds (process running for 5.827)
2026-09-19 14:06:10 [http-nio-8082-exec-1] INFO  o.a.c.c.C.[.[localhost].[/sentinel] - Initializing Spring DispatcherServlet 'dispatcherServlet'
2026-09-19 14:06:10 [http-nio-8082-exec-1] INFO  o.s.web.servlet.DispatcherServlet - Initializing Servlet 'dispatcherServlet'
2026-09-19 14:06:10 [http-nio-8082-exec-1] DEBUG o.s.web.servlet.DispatcherServlet - Detected StandardServletMultipartResolver
2026-09-19 14:06:10 [http-nio-8082-exec-1] DEBUG o.s.web.servlet.DispatcherServlet - Detected AcceptHeaderLocaleResolver
2026-09-19 14:06:10 [http-nio-8082-exec-1] DEBUG o.s.web.servlet.DispatcherServlet - Detected org.springframework.web.servlet.view.DefaultRequestToViewNameTranslator@59e2c422
2026-09-19 14:06:10 [http-nio-8082-exec-1] DEBUG o.s.web.servlet.DispatcherServlet - Detected org.springframework.web.servlet.support.SessionFlashMapManager@630f3e42
2026-09-19 14:06:10 [http-nio-8082-exec-1] DEBUG o.s.web.servlet.DispatcherServlet - enableLoggingRequestDetails='false': request parameters and headers will be masked to prevent unsafe logging of potentially sensitive data
2026-09-19 14:06:10 [http-nio-8082-exec-1] INFO  o.s.web.servlet.DispatcherServlet - Completed initialization in 15 ms
2026-09-19 14:06:10 [http-nio-8082-exec-1] DEBUG o.s.web.servlet.DispatcherServlet - POST "/sentinel/api/v1/transactions", parameters={}
2026-09-19 14:06:10 [http-nio-8082-exec-1] DEBUG o.s.w.s.m.m.a.RequestMappingHandlerMapping - Mapped to com.sentinelflow.controller.TransactionController#createTransaction(TransactionRequest)
2026-09-19 14:06:10 [http-nio-8082-exec-1] DEBUG o.s.w.s.m.m.a.RequestResponseBodyMethodProcessor - Read "application/json;charset=UTF-8" to [com.sentinelflow.dto.TransactionRequest@160e33e5]
2026-09-19 14:06:10 [http-nio-8082-exec-1] DEBUG o.s.d.j.r.query.PartTreeJpaQuery - QueryPreparer: Derived query for query method [public abstract java.util.Optional com.sentinelflow.repositories.RuleConfigRepository.findByRuleCode(java.lang.String)]: 'SELECT r FROM RuleConfig r WHERE r.ruleCode = :ruleCode'
2026-09-19 14:06:10 [http-nio-8082-exec-1] DEBUG o.s.d.j.r.query.PartTreeJpaQuery - QueryPreparer: Derived query for query method [public abstract java.util.Optional com.sentinelflow.repositories.RuleConfigRepository.findByRuleCode(java.lang.String)]: 'SELECT r FROM RuleConfig r WHERE r.ruleCode = :ruleCode'
2026-09-19 14:06:10 [http-nio-8082-exec-1] DEBUG o.s.d.j.r.query.PartTreeJpaQuery - QueryPreparer: Derived query for query method [public abstract boolean com.sentinelflow.repositories.HighRiskJurisdictionRepository.existsByCountryCodeAndActive(java.lang.String,boolean)]: 'SELECT h.id FROM HighRiskJurisdiction h WHERE h.countryCode = :countryCode AND h.active = :active'
2026-09-19 14:06:10 [http-nio-8082-exec-1] DEBUG o.s.d.j.r.query.PartTreeJpaQuery - QueryPreparer: Derived query for query method [public abstract java.util.Optional com.sentinelflow.repositories.RuleConfigRepository.findByRuleCode(java.lang.String)]: 'SELECT r FROM RuleConfig r WHERE r.ruleCode = :ruleCode'
2026-09-19 14:06:10 [http-nio-8082-exec-1] DEBUG o.s.d.j.r.query.PartTreeJpaQuery - QueryPreparer: Derived query for query method [public abstract java.util.Optional com.sentinelflow.repositories.RuleConfigRepository.findByRuleCode(java.lang.String)]: 'SELECT r FROM RuleConfig r WHERE r.ruleCode = :ruleCode'
2026-09-19 14:06:10 [http-nio-8082-exec-1] DEBUG o.s.d.j.r.query.PartTreeJpaQuery - QueryPreparer: Derived query for query method [public abstract java.util.Optional com.sentinelflow.repositories.RuleConfigRepository.findByRuleCode(java.lang.String)]: 'SELECT r FROM RuleConfig r WHERE r.ruleCode = :ruleCode'
2026-09-19 14:06:10 [http-nio-8082-exec-1] DEBUG o.s.w.s.m.m.a.HttpEntityMethodProcessor - Using 'application/json', given [*/*] and supported [application/json, application/*+json, application/yaml]
2026-09-19 14:06:10 [http-nio-8082-exec-1] DEBUG o.s.w.s.m.m.a.HttpEntityMethodProcessor - Writing [com.sentinelflow.dto.TransactionResponse@4d2fa6ba]
2026-09-19 14:06:10 [http-nio-8082-exec-1] DEBUG o.s.web.servlet.DispatcherServlet - Completed 200 OK
2026-09-19 14:06:56 [http-nio-8082-exec-2] DEBUG o.s.web.servlet.DispatcherServlet - POST "/sentinel/api/v1/transactions", parameters={}
2026-09-19 14:06:56 [http-nio-8082-exec-2] DEBUG o.s.w.s.m.m.a.RequestMappingHandlerMapping - Mapped to com.sentinelflow.controller.TransactionController#createTransaction(TransactionRequest)
2026-09-19 14:06:56 [http-nio-8082-exec-2] DEBUG o.s.w.s.m.m.a.RequestResponseBodyMethodProcessor - Read "application/json;charset=UTF-8" to [com.sentinelflow.dto.TransactionRequest@7124317c]
2026-09-19 14:06:56 [http-nio-8082-exec-2] DEBUG o.s.d.j.r.query.PartTreeJpaQuery - QueryPreparer: Derived query for query method [public abstract java.util.Optional com.sentinelflow.repositories.RuleConfigRepository.findByRuleCode(java.lang.String)]: 'SELECT r FROM RuleConfig r WHERE r.ruleCode = :ruleCode'
2026-09-19 14:06:56 [http-nio-8082-exec-2] DEBUG o.s.d.j.r.query.PartTreeJpaQuery - QueryPreparer: Derived query for query method [public abstract java.util.Optional com.sentinelflow.repositories.RuleConfigRepository.findByRuleCode(java.lang.String)]: 'SELECT r FROM RuleConfig r WHERE r.ruleCode = :ruleCode'
2026-09-19 14:06:56 [http-nio-8082-exec-2] DEBUG o.s.d.j.r.query.PartTreeJpaQuery - QueryPreparer: Derived query for query method [public abstract boolean com.sentinelflow.repositories.HighRiskJurisdictionRepository.existsByCountryCodeAndActive(java.lang.String,boolean)]: 'SELECT h.id FROM HighRiskJurisdiction h WHERE h.countryCode = :countryCode AND h.active = :active'
2026-09-19 14:06:56 [http-nio-8082-exec-2] DEBUG o.s.d.j.r.query.PartTreeJpaQuery - QueryPreparer: Derived query for query method [public abstract java.util.Optional com.sentinelflow.repositories.RuleConfigRepository.findByRuleCode(java.lang.String)]: 'SELECT r FROM RuleConfig r WHERE r.ruleCode = :ruleCode'
2026-09-19 14:06:56 [http-nio-8082-exec-2] DEBUG o.s.d.j.r.query.PartTreeJpaQuery - QueryPreparer: Derived query for query method [public abstract java.util.Optional com.sentinelflow.repositories.RuleConfigRepository.findByRuleCode(java.lang.String)]: 'SELECT r FROM RuleConfig r WHERE r.ruleCode = :ruleCode'
2026-09-19 14:06:56 [http-nio-8082-exec-2] DEBUG o.s.d.j.r.query.PartTreeJpaQuery - QueryPreparer: Derived query for query method [public abstract java.util.Optional com.sentinelflow.repositories.RuleConfigRepository.findByRuleCode(java.lang.String)]: 'SELECT r FROM RuleConfig r WHERE r.ruleCode = :ruleCode'
2026-09-19 14:06:56 [http-nio-8082-exec-2] DEBUG o.s.w.s.m.m.a.HttpEntityMethodProcessor - Using 'application/json', given [*/*] and supported [application/json, application/*+json, application/yaml]
2026-09-19 14:06:56 [http-nio-8082-exec-2] DEBUG o.s.w.s.m.m.a.HttpEntityMethodProcessor - Writing [com.sentinelflow.dto.TransactionResponse@4b9e6161]
2026-09-19 14:06:56 [http-nio-8082-exec-2] DEBUG o.s.web.servlet.DispatcherServlet - Completed 200 OK
2026-09-19 14:07:16 [http-nio-8082-exec-5] DEBUG o.s.web.servlet.DispatcherServlet - POST "/sentinel/api/v1/transactions", parameters={}
2026-09-19 14:07:16 [http-nio-8082-exec-5] DEBUG o.s.w.s.m.m.a.RequestMappingHandlerMapping - Mapped to com.sentinelflow.controller.TransactionController#createTransaction(TransactionRequest)
2026-09-19 14:07:16 [http-nio-8082-exec-5] DEBUG o.s.w.s.m.m.a.RequestResponseBodyMethodProcessor - Read "application/json;charset=UTF-8" to [com.sentinelflow.dto.TransactionRequest@1e8474e9]
2026-09-19 14:07:16 [http-nio-8082-exec-5] DEBUG o.s.d.j.r.query.PartTreeJpaQuery - QueryPreparer: Derived query for query method [public abstract java.util.Optional com.sentinelflow.repositories.RuleConfigRepository.findByRuleCode(java.lang.String)]: 'SELECT r FROM RuleConfig r WHERE r.ruleCode = :ruleCode'
2026-09-19 14:07:16 [http-nio-8082-exec-5] DEBUG o.s.d.j.r.query.PartTreeJpaQuery - QueryPreparer: Derived query for query method [public abstract java.util.Optional com.sentinelflow.repositories.RuleConfigRepository.findByRuleCode(java.lang.String)]: 'SELECT r FROM RuleConfig r WHERE r.ruleCode = :ruleCode'
2026-09-19 14:07:16 [http-nio-8082-exec-5] DEBUG o.s.d.j.r.query.PartTreeJpaQuery - QueryPreparer: Derived query for query method [public abstract boolean com.sentinelflow.repositories.HighRiskJurisdictionRepository.existsByCountryCodeAndActive(java.lang.String,boolean)]: 'SELECT h.id FROM HighRiskJurisdiction h WHERE h.countryCode = :countryCode AND h.active = :active'
2026-09-19 14:07:16 [http-nio-8082-exec-5] DEBUG o.s.d.j.r.query.PartTreeJpaQuery - QueryPreparer: Derived query for query method [public abstract java.util.Optional com.sentinelflow.repositories.RuleConfigRepository.findByRuleCode(java.lang.String)]: 'SELECT r FROM RuleConfig r WHERE r.ruleCode = :ruleCode'
2026-09-19 14:07:16 [http-nio-8082-exec-5] DEBUG o.s.d.j.r.query.PartTreeJpaQuery - QueryPreparer: Derived query for query method [public abstract java.util.Optional com.sentinelflow.repositories.RuleConfigRepository.findByRuleCode(java.lang.String)]: 'SELECT r FROM RuleConfig r WHERE r.ruleCode = :ruleCode'
2026-09-19 14:07:16 [http-nio-8082-exec-5] DEBUG o.s.d.j.r.query.PartTreeJpaQuery - QueryPreparer: Derived query for query method [public abstract java.util.Optional com.sentinelflow.repositories.RuleConfigRepository.findByRuleCode(java.lang.String)]: 'SELECT r FROM RuleConfig r WHERE r.ruleCode = :ruleCode'
2026-09-19 14:07:16 [http-nio-8082-exec-5] DEBUG o.s.w.s.m.m.a.HttpEntityMethodProcessor - Using 'application/json', given [*/*] and supported [application/json, application/*+json, application/yaml]
2026-09-19 14:07:16 [http-nio-8082-exec-5] DEBUG o.s.w.s.m.m.a.HttpEntityMethodProcessor - Writing [com.sentinelflow.dto.TransactionResponse@3a54ad1d]
2026-09-19 14:07:16 [http-nio-8082-exec-5] DEBUG o.s.web.servlet.DispatcherServlet - Completed 200 OK
2026-09-19 14:07:43 [http-nio-8082-exec-3] DEBUG o.s.web.servlet.DispatcherServlet - POST "/sentinel/api/v1/transactions", parameters={}
2026-09-19 14:07:43 [http-nio-8082-exec-3] DEBUG o.s.w.s.m.m.a.RequestMappingHandlerMapping - Mapped to com.sentinelflow.controller.TransactionController#createTransaction(TransactionRequest)
2026-09-19 14:07:43 [http-nio-8082-exec-3] DEBUG o.s.w.s.m.m.a.RequestResponseBodyMethodProcessor - Read "application/json;charset=UTF-8" to [com.sentinelflow.dto.TransactionRequest@7cdbaa83]
2026-09-19 14:07:43 [http-nio-8082-exec-3] DEBUG o.s.d.j.r.query.PartTreeJpaQuery - QueryPreparer: Derived query for query method [public abstract java.util.Optional com.sentinelflow.repositories.RuleConfigRepository.findByRuleCode(java.lang.String)]: 'SELECT r FROM RuleConfig r WHERE r.ruleCode = :ruleCode'
2026-09-19 14:07:43 [http-nio-8082-exec-3] DEBUG o.s.d.j.r.query.PartTreeJpaQuery - QueryPreparer: Derived query for query method [public abstract java.util.Optional com.sentinelflow.repositories.RuleConfigRepository.findByRuleCode(java.lang.String)]: 'SELECT r FROM RuleConfig r WHERE r.ruleCode = :ruleCode'
2026-09-19 14:07:43 [http-nio-8082-exec-3] DEBUG o.s.d.j.r.query.PartTreeJpaQuery - QueryPreparer: Derived query for query method [public abstract boolean com.sentinelflow.repositories.HighRiskJurisdictionRepository.existsByCountryCodeAndActive(java.lang.String,boolean)]: 'SELECT h.id FROM HighRiskJurisdiction h WHERE h.countryCode = :countryCode AND h.active = :active'
2026-09-19 14:07:43 [http-nio-8082-exec-3] DEBUG o.s.d.j.r.query.PartTreeJpaQuery - QueryPreparer: Derived query for query method [public abstract java.util.Optional com.sentinelflow.repositories.RuleConfigRepository.findByRuleCode(java.lang.String)]: 'SELECT r FROM RuleConfig r WHERE r.ruleCode = :ruleCode'
2026-09-19 14:07:43 [http-nio-8082-exec-3] DEBUG o.s.d.j.r.query.PartTreeJpaQuery - QueryPreparer: Derived query for query method [public abstract java.util.Optional com.sentinelflow.repositories.RuleConfigRepository.findByRuleCode(java.lang.String)]: 'SELECT r FROM RuleConfig r WHERE r.ruleCode = :ruleCode'
2026-09-19 14:07:43 [http-nio-8082-exec-3] DEBUG o.s.d.j.r.query.PartTreeJpaQuery - QueryPreparer: Derived query for query method [public abstract java.util.Optional com.sentinelflow.repositories.RuleConfigRepository.findByRuleCode(java.lang.String)]: 'SELECT r FROM RuleConfig r WHERE r.ruleCode = :ruleCode'
2026-09-19 14:07:43 [http-nio-8082-exec-3] DEBUG o.s.w.s.m.m.a.HttpEntityMethodProcessor - Using 'application/json', given [*/*] and supported [application/json, application/*+json, application/yaml]
2026-09-19 14:07:43 [http-nio-8082-exec-3] DEBUG o.s.w.s.m.m.a.HttpEntityMethodProcessor - Writing [com.sentinelflow.dto.TransactionResponse@2c9b2056]
2026-09-19 14:07:43 [http-nio-8082-exec-3] DEBUG o.s.web.servlet.DispatcherServlet - Completed 200 OK
2026-09-19 14:09:10 [http-nio-8082-exec-8] DEBUG o.s.web.servlet.DispatcherServlet - POST "/sentinel/api/v1/transactions", parameters={}
2026-09-19 14:09:10 [http-nio-8082-exec-8] DEBUG o.s.w.s.m.m.a.RequestMappingHandlerMapping - Mapped to com.sentinelflow.controller.TransactionController#createTransaction(TransactionRequest)
2026-09-19 14:09:10 [http-nio-8082-exec-8] DEBUG o.s.w.s.m.m.a.RequestResponseBodyMethodProcessor - Read "application/json;charset=UTF-8" to [com.sentinelflow.dto.TransactionRequest@f3f5be3]
2026-09-19 14:09:10 [http-nio-8082-exec-8] DEBUG o.s.d.j.r.query.PartTreeJpaQuery - QueryPreparer: Derived query for query method [public abstract java.util.Optional com.sentinelflow.repositories.RuleConfigRepository.findByRuleCode(java.lang.String)]: 'SELECT r FROM RuleConfig r WHERE r.ruleCode = :ruleCode'
2026-09-19 14:09:10 [http-nio-8082-exec-8] DEBUG o.s.d.j.r.query.PartTreeJpaQuery - QueryPreparer: Derived query for query method [public abstract java.util.Optional com.sentinelflow.repositories.RuleConfigRepository.findByRuleCode(java.lang.String)]: 'SELECT r FROM RuleConfig r WHERE r.ruleCode = :ruleCode'
2026-09-19 14:09:10 [http-nio-8082-exec-8] DEBUG o.s.d.j.r.query.PartTreeJpaQuery - QueryPreparer: Derived query for query method [public abstract boolean com.sentinelflow.repositories.HighRiskJurisdictionRepository.existsByCountryCodeAndActive(java.lang.String,boolean)]: 'SELECT h.id FROM HighRiskJurisdiction h WHERE h.countryCode = :countryCode AND h.active = :active'
2026-09-19 14:09:10 [http-nio-8082-exec-8] DEBUG o.s.d.j.r.query.PartTreeJpaQuery - QueryPreparer: Derived query for query method [public abstract java.util.Optional com.sentinelflow.repositories.RuleConfigRepository.findByRuleCode(java.lang.String)]: 'SELECT r FROM RuleConfig r WHERE r.ruleCode = :ruleCode'
2026-09-19 14:09:10 [http-nio-8082-exec-8] DEBUG o.s.d.j.r.query.PartTreeJpaQuery - QueryPreparer: Derived query for query method [public abstract java.util.Optional com.sentinelflow.repositories.RuleConfigRepository.findByRuleCode(java.lang.String)]: 'SELECT r FROM RuleConfig r WHERE r.ruleCode = :ruleCode'
2026-09-19 14:09:10 [http-nio-8082-exec-8] DEBUG o.s.d.j.r.query.PartTreeJpaQuery - QueryPreparer: Derived query for query method [public abstract java.util.Optional com.sentinelflow.repositories.RuleConfigRepository.findByRuleCode(java.lang.String)]: 'SELECT r FROM RuleConfig r WHERE r.ruleCode = :ruleCode'
2026-09-19 14:09:10 [http-nio-8082-exec-8] DEBUG o.s.w.s.m.m.a.HttpEntityMethodProcessor - Using 'application/json', given [*/*] and supported [application/json, application/*+json, application/yaml]
2026-09-19 14:09:10 [http-nio-8082-exec-8] DEBUG o.s.w.s.m.m.a.HttpEntityMethodProcessor - Writing [com.sentinelflow.dto.TransactionResponse@1f4672b8]
2026-09-19 14:09:10 [http-nio-8082-exec-8] DEBUG o.s.web.servlet.DispatcherServlet - Completed 200 OK
2026-09-19 14:09:30 [http-nio-8082-exec-9] DEBUG o.s.web.servlet.DispatcherServlet - POST "/sentinel/api/v1/transactions", parameters={}
2026-09-19 14:09:30 [http-nio-8082-exec-9] DEBUG o.s.w.s.m.m.a.RequestMappingHandlerMapping - Mapped to com.sentinelflow.controller.TransactionController#createTransaction(TransactionRequest)
2026-09-19 14:09:30 [http-nio-8082-exec-9] DEBUG o.s.w.s.m.m.a.RequestResponseBodyMethodProcessor - Read "application/json;charset=UTF-8" to [com.sentinelflow.dto.TransactionRequest@5856ef85]
2026-09-19 14:09:30 [http-nio-8082-exec-9] DEBUG o.s.d.j.r.query.PartTreeJpaQuery - QueryPreparer: Derived query for query method [public abstract java.util.Optional com.sentinelflow.repositories.RuleConfigRepository.findByRuleCode(java.lang.String)]: 'SELECT r FROM RuleConfig r WHERE r.ruleCode = :ruleCode'
2026-09-19 14:09:30 [http-nio-8082-exec-9] DEBUG o.s.d.j.r.query.PartTreeJpaQuery - QueryPreparer: Derived query for query method [public abstract java.util.Optional com.sentinelflow.repositories.RuleConfigRepository.findByRuleCode(java.lang.String)]: 'SELECT r FROM RuleConfig r WHERE r.ruleCode = :ruleCode'
2026-09-19 14:09:30 [http-nio-8082-exec-9] DEBUG o.s.d.j.r.query.PartTreeJpaQuery - QueryPreparer: Derived query for query method [public abstract boolean com.sentinelflow.repositories.HighRiskJurisdictionRepository.existsByCountryCodeAndActive(java.lang.String,boolean)]: 'SELECT h.id FROM HighRiskJurisdiction h WHERE h.countryCode = :countryCode AND h.active = :active'
2026-09-19 14:09:30 [http-nio-8082-exec-9] DEBUG o.s.d.j.r.query.PartTreeJpaQuery - QueryPreparer: Derived query for query method [public abstract java.util.Optional com.sentinelflow.repositories.RuleConfigRepository.findByRuleCode(java.lang.String)]: 'SELECT r FROM RuleConfig r WHERE r.ruleCode = :ruleCode'
2026-09-19 14:09:30 [http-nio-8082-exec-9] DEBUG o.s.d.j.r.query.PartTreeJpaQuery - QueryPreparer: Derived query for query method [public abstract java.util.Optional com.sentinelflow.repositories.RuleConfigRepository.findByRuleCode(java.lang.String)]: 'SELECT r FROM RuleConfig r WHERE r.ruleCode = :ruleCode'
2026-09-19 14:09:30 [http-nio-8082-exec-9] DEBUG o.s.d.j.r.query.PartTreeJpaQuery - QueryPreparer: Derived query for query method [public abstract java.util.Optional com.sentinelflow.repositories.RuleConfigRepository.findByRuleCode(java.lang.String)]: 'SELECT r FROM RuleConfig r WHERE r.ruleCode = :ruleCode'
2026-09-19 14:09:30 [http-nio-8082-exec-9] DEBUG o.s.w.s.m.m.a.HttpEntityMethodProcessor - Using 'application/json', given [*/*] and supported [application/json, application/*+json, application/yaml]
2026-09-19 14:09:30 [http-nio-8082-exec-9] DEBUG o.s.w.s.m.m.a.HttpEntityMethodProcessor - Writing [com.sentinelflow.dto.TransactionResponse@323d1c2e]
2026-09-19 14:09:30 [http-nio-8082-exec-9] DEBUG o.s.web.servlet.DispatcherServlet - Completed 200 OK
2026-09-19 14:09:57 [http-nio-8082-exec-10] DEBUG o.s.web.servlet.DispatcherServlet - POST "/sentinel/api/v1/transactions", parameters={}
2026-09-19 14:09:57 [http-nio-8082-exec-10] DEBUG o.s.w.s.m.m.a.RequestMappingHandlerMapping - Mapped to com.sentinelflow.controller.TransactionController#createTransaction(TransactionRequest)
2026-09-19 14:09:57 [http-nio-8082-exec-10] DEBUG o.s.w.s.m.m.a.RequestResponseBodyMethodProcessor - Read "application/json;charset=UTF-8" to [com.sentinelflow.dto.TransactionRequest@2ee36745]
2026-09-19 14:09:57 [http-nio-8082-exec-10] DEBUG o.s.d.j.r.query.PartTreeJpaQuery - QueryPreparer: Derived query for query method [public abstract java.util.Optional com.sentinelflow.repositories.RuleConfigRepository.findByRuleCode(java.lang.String)]: 'SELECT r FROM RuleConfig r WHERE r.ruleCode = :ruleCode'
2026-09-19 14:09:57 [http-nio-8082-exec-10] DEBUG o.s.d.j.r.query.PartTreeJpaQuery - QueryPreparer: Derived query for query method [public abstract java.util.Optional com.sentinelflow.repositories.RuleConfigRepository.findByRuleCode(java.lang.String)]: 'SELECT r FROM RuleConfig r WHERE r.ruleCode = :ruleCode'
2026-09-19 14:09:57 [http-nio-8082-exec-10] DEBUG o.s.d.j.r.query.PartTreeJpaQuery - QueryPreparer: Derived query for query method [public abstract boolean com.sentinelflow.repositories.HighRiskJurisdictionRepository.existsByCountryCodeAndActive(java.lang.String,boolean)]: 'SELECT h.id FROM HighRiskJurisdiction h WHERE h.countryCode = :countryCode AND h.active = :active'
2026-09-19 14:09:57 [http-nio-8082-exec-10] DEBUG o.s.d.j.r.query.PartTreeJpaQuery - QueryPreparer: Derived query for query method [public abstract java.util.Optional com.sentinelflow.repositories.RuleConfigRepository.findByRuleCode(java.lang.String)]: 'SELECT r FROM RuleConfig r WHERE r.ruleCode = :ruleCode'
2026-09-19 14:09:57 [http-nio-8082-exec-10] DEBUG o.s.d.j.r.query.PartTreeJpaQuery - QueryPreparer: Derived query for query method [public abstract java.util.Optional com.sentinelflow.repositories.RuleConfigRepository.findByRuleCode(java.lang.String)]: 'SELECT r FROM RuleConfig r WHERE r.ruleCode = :ruleCode'
2026-09-19 14:09:57 [http-nio-8082-exec-10] DEBUG o.s.d.j.r.query.PartTreeJpaQuery - QueryPreparer: Derived query for query method [public abstract java.util.Optional com.sentinelflow.repositories.RuleConfigRepository.findByRuleCode(java.lang.String)]: 'SELECT r FROM RuleConfig r WHERE r.ruleCode = :ruleCode'
2026-09-19 14:09:57 [http-nio-8082-exec-10] DEBUG o.s.w.s.m.m.a.HttpEntityMethodProcessor - Using 'application/json', given [*/*] and supported [application/json, application/*+json, application/yaml]
2026-09-19 14:09:57 [http-nio-8082-exec-10] DEBUG o.s.w.s.m.m.a.HttpEntityMethodProcessor - Writing [com.sentinelflow.dto.TransactionResponse@2754f9d3]
2026-09-19 14:09:57 [http-nio-8082-exec-10] DEBUG o.s.web.servlet.DispatcherServlet - Completed 200 OK
2026-09-19 14:11:04 [RMI TCP Connection(13)-127.0.0.1] INFO  o.s.b.a.SpringApplicationAdminMXBeanRegistrar$SpringApplicationAdmin - Application shutdown requested.
2026-09-19 14:11:04 [RMI TCP Connection(13)-127.0.0.1] INFO  o.s.boot.tomcat.GracefulShutdown - Commencing graceful shutdown. Waiting for active requests to complete
2026-09-19 14:11:04 [tomcat-shutdown] INFO  o.s.boot.tomcat.GracefulShutdown - Graceful shutdown complete
2026-09-19 14:11:04 [RMI TCP Connection(13)-127.0.0.1] INFO  o.s.o.j.LocalContainerEntityManagerFactoryBean - Closing JPA EntityManagerFactory for persistence unit 'default'
2026-09-19 14:11:04 [RMI TCP Connection(13)-127.0.0.1] INFO  com.zaxxer.hikari.HikariDataSource - HikariPool-1 - Shutdown initiated...
2026-09-19 14:11:04 [RMI TCP Connection(13)-127.0.0.1] INFO  com.zaxxer.hikari.HikariDataSource - HikariPool-1 - Shutdown completed.
2026-09-19 14:11:35 [restartedMain] INFO  c.s.SentinelFlowApplication - Starting SentinelFlowApplication using Java 22 with PID 20112 (D:\Java\SentinelFlow\target\classes started by hp in D:\Java\SentinelFlow)
2026-09-19 14:11:35 [restartedMain] DEBUG c.s.SentinelFlowApplication - Running with Spring Boot v4.1.1, Spring v7.0.9
2026-09-19 14:11:35 [restartedMain] INFO  c.s.SentinelFlowApplication - No active profile set, falling back to 1 default profile: "default"
2026-09-19 14:11:35 [restartedMain] INFO  o.s.b.d.e.DevToolsPropertyDefaultsPostProcessor - Devtools property defaults active! Set 'spring.devtools.add-properties' to 'false' to disable
2026-09-19 14:11:35 [restartedMain] INFO  o.s.b.d.e.DevToolsPropertyDefaultsPostProcessor - For additional web related logging consider setting the 'logging.level.web' property to 'DEBUG'
2026-09-19 14:11:35 [restartedMain] INFO  o.s.d.r.c.RepositoryConfigurationDelegate - Bootstrapping Spring Data JPA repositories in DEFAULT mode.
2026-09-19 14:11:36 [restartedMain] INFO  o.s.d.r.c.RepositoryConfigurationDelegate - Finished Spring Data repository scanning in 41 ms. Found 7 JPA repository interfaces.
2026-09-19 14:11:36 [restartedMain] INFO  o.s.boot.tomcat.TomcatWebServer - Tomcat initialized with port 8082 (http)
2026-09-19 14:11:36 [restartedMain] INFO  o.a.catalina.core.StandardService - Starting service [Tomcat]
2026-09-19 14:11:36 [restartedMain] INFO  o.a.catalina.core.StandardEngine - Starting Servlet engine: [Apache Tomcat/11.0.24]
2026-09-19 14:11:36 [restartedMain] INFO  o.s.b.w.c.s.WebApplicationContextInitializer - Root WebApplicationContext: initialization completed in 1011 ms
2026-09-19 14:11:36 [restartedMain] INFO  org.hibernate.orm.jpa - HHH008540: Processing PersistenceUnitInfo [name: default]
2026-09-19 14:11:36 [restartedMain] INFO  org.hibernate.orm.core - HHH000001: Hibernate ORM core version 7.4.5.Final
2026-09-19 14:11:36 [restartedMain] INFO  o.s.o.j.p.SpringPersistenceUnitInfo - No LoadTimeWeaver setup: ignoring JPA class transformer
2026-09-19 14:11:36 [restartedMain] INFO  com.zaxxer.hikari.HikariDataSource - HikariPool-1 - Starting...
2026-09-19 14:11:37 [restartedMain] INFO  com.zaxxer.hikari.pool.HikariPool - HikariPool-1 - Added connection org.postgresql.jdbc.PgConnection@2770f798
2026-09-19 14:11:37 [restartedMain] INFO  com.zaxxer.hikari.HikariDataSource - HikariPool-1 - Start completed.
2026-09-19 14:11:37 [restartedMain] INFO  o.hibernate.orm.connections.pooling - HHH10001005: Database info:
	Database JDBC URL [jdbc:postgresql://localhost:5433/AzentioHackthon]
	Database driver: PostgreSQL JDBC Driver
	Database dialect: PostgreSQLDialect
	Database version: 18.6
	Default catalog/schema: AzentioHackthon/public
	Autocommit mode: undefined/unknown
	Isolation level: READ_COMMITTED [default READ_COMMITTED]
	JDBC fetch size: none
	Pool: DataSourceConnectionProvider
	Minimum pool size: undefined/unknown
	Maximum pool size: undefined/unknown
2026-09-19 14:11:38 [restartedMain] INFO  org.hibernate.orm.core - HHH000489: No JTA platform available (set 'hibernate.transaction.jta.platform' to enable JTA platform integration)
2026-09-19 14:11:38 [restartedMain] INFO  org.hibernate.orm.jdbc.batch - HHH100501: Automatic JDBC statement batching enabled (maximum batch size 20)
2026-09-19 14:11:38 [restartedMain] INFO  o.s.o.j.LocalContainerEntityManagerFactoryBean - Initialized JPA EntityManagerFactory for persistence unit 'default'
2026-09-19 14:11:38 [restartedMain] DEBUG o.s.d.j.r.c.JpaMetamodelMappingContextFactoryBean - Initializing JpaMetamodelMappingContext…
2026-09-19 14:11:38 [restartedMain] DEBUG o.s.d.j.r.c.JpaMetamodelMappingContextFactoryBean - Finished initializing JpaMetamodelMappingContext
2026-09-19 14:11:38 [restartedMain] INFO  o.s.d.j.r.q.QueryEnhancerFactories - Hibernate is in classpath; If applicable, HQL parser will be used.
2026-09-19 14:11:38 [restartedMain] DEBUG o.s.d.j.repository.query.NamedQuery - Looking up named query 'RuleConfig.findByRuleCode'
2026-09-19 14:11:38 [restartedMain] DEBUG o.s.d.j.repository.query.NamedQuery - Did not find named query RuleConfig.findByRuleCode
2026-09-19 14:11:38 [restartedMain] DEBUG o.s.d.j.repository.query.NamedQuery - Did not find named query Transaction.findByAccountId.count
2026-09-19 14:11:39 [restartedMain] DEBUG o.s.d.j.repository.query.NamedQuery - Did not find named query Transaction.findByCountryCode.count
2026-09-19 14:11:39 [restartedMain] DEBUG o.s.d.j.repository.query.NamedQuery - Did not find named query Transaction.findByIsHighRiskTrue.count
2026-09-19 14:11:39 [restartedMain] DEBUG o.s.d.j.repository.query.NamedQuery - Did not find named query Transaction.findByAccountIdAndStatus.count
2026-09-19 14:11:39 [restartedMain] DEBUG o.s.d.j.repository.query.NamedQuery - Did not find named query Transaction.sumTransactionAmountByCustomerAndTimeRange.count
2026-09-19 14:11:39 [restartedMain] DEBUG o.s.d.j.repository.query.NamedQuery - Did not find named query Transaction.countTransactionsByAccountAndTimeRange.count
2026-09-19 14:11:39 [restartedMain] DEBUG o.s.d.j.repository.query.NamedQuery - Did not find named query Transaction.findTransactionsByAmountAndTimeRange.count
2026-09-19 14:11:39 [restartedMain] DEBUG o.s.d.j.repository.query.NamedQuery - Did not find named query Transaction.sumTransactionAmountByAccountAndTimeRange.count
2026-09-19 14:11:39 [restartedMain] DEBUG o.s.d.j.repository.query.NamedQuery - Did not find named query Transaction.findHighRiskTransactionsByChannel.count
2026-09-19 14:11:39 [restartedMain] DEBUG o.s.d.j.repository.query.NamedQuery - Did not find named query Transaction.findTransactionsByTypeAndTimeRange.count
2026-09-19 14:11:39 [restartedMain] DEBUG o.s.d.j.repository.query.NamedQuery - Did not find named query Transaction.findByCountryCodeAndStatusAndTransactionDatetimeBetween.count
2026-09-19 14:11:39 [restartedMain] DEBUG o.s.d.j.repository.query.NamedQuery - Did not find named query Transaction.calculateAccountTransactionTotalFor90Days.count
2026-09-19 14:11:39 [restartedMain] DEBUG o.s.d.j.repository.query.NamedQuery - Did not find named query Transaction.findTransactionsByAccountAndTimeRange.count
2026-09-19 14:11:39 [restartedMain] DEBUG o.s.d.j.repository.query.NamedQuery - Did not find named query Transaction.calculateAccountTransactionTotal.count
2026-09-19 14:11:39 [restartedMain] DEBUG o.s.d.j.repository.query.NamedQuery - Did not find named query Transaction.findHighValueTransactionsByAccountAndTimeRange.count
2026-09-19 14:11:39 [restartedMain] DEBUG o.s.d.j.repository.query.NamedQuery - Looking up named query 'HighRiskJurisdiction.existsByCountryCodeAndActive'
2026-09-19 14:11:39 [restartedMain] DEBUG o.s.d.j.repository.query.NamedQuery - Did not find named query HighRiskJurisdiction.existsByCountryCodeAndActive
2026-09-19 14:11:39 [restartedMain] DEBUG o.s.d.j.repository.query.NamedQuery - Did not find named query Account.findByStatus.count
2026-09-19 14:11:39 [restartedMain] DEBUG o.s.d.j.repository.query.NamedQuery - Did not find named query Account.findByCustomerId.count
2026-09-19 14:11:39 [restartedMain] DEBUG o.s.d.j.repository.query.NamedQuery - Did not find named query Account.findByAccountNumber.count
2026-09-19 14:11:39 [restartedMain] DEBUG o.s.d.j.repository.query.NamedQuery - Did not find named query Account.findActiveJointAccounts.count
2026-09-19 14:11:39 [restartedMain] DEBUG o.s.d.j.repository.query.NamedQuery - Did not find named query Account.findAccountsOpenedBetween.count
2026-09-19 14:11:39 [restartedMain] DEBUG o.s.d.j.repository.query.NamedQuery - Did not find named query Account.findByCustomerIdAndStatus.count
2026-09-19 14:11:39 [restartedMain] DEBUG o.s.d.j.repository.query.NamedQuery - Did not find named query Account.findActiveAccountsByCustomerAndCurrency.count
2026-09-19 14:11:39 [restartedMain] DEBUG o.s.d.j.repository.query.NamedQuery - Did not find named query Account.findActiveAccountsByCustomerId.count
2026-09-19 14:11:39 [restartedMain] DEBUG o.s.d.j.repository.query.NamedQuery - Did not find named query Account.findActiveAccountsWithMinBalance.count
2026-09-19 14:11:39 [restartedMain] DEBUG o.s.d.j.repository.query.NamedQuery - Did not find named query Account.findByIsActiveTrueAndCurrency.count
2026-09-19 14:11:39 [restartedMain] DEBUG o.s.d.j.repository.query.NamedQuery - Did not find named query Alert.findByAlertStatusAndCreatedByOrderByTriggeredAtDesc.count
2026-09-19 14:11:39 [restartedMain] DEBUG o.s.d.j.repository.query.NamedQuery - Did not find named query Alert.findByCustomerId.count
2026-09-19 14:11:39 [restartedMain] DEBUG o.s.d.j.repository.query.NamedQuery - Did not find named query Alert.countOpenAlerts.count
2026-09-19 14:11:39 [restartedMain] DEBUG o.s.d.j.repository.query.NamedQuery - Did not find named query Alert.findCriticalAlerts.count
2026-09-19 14:11:39 [restartedMain] DEBUG o.s.d.j.repository.query.NamedQuery - Did not find named query Alert.findByAccountId.count
2026-09-19 14:11:39 [restartedMain] DEBUG o.s.d.j.repository.query.NamedQuery - Did not find named query Alert.findByAlertStatus.count
2026-09-19 14:11:39 [restartedMain] DEBUG o.s.d.j.repository.query.NamedQuery - Did not find named query Alert.findAlertsByDateRange.count
2026-09-19 14:11:39 [restartedMain] DEBUG o.s.d.j.repository.query.NamedQuery - Did not find named query Alert.findByTransactionId.count
2026-09-19 14:11:39 [restartedMain] DEBUG o.s.d.j.repository.query.NamedQuery - Did not find named query Alert.findOpenAlertsByCustomerId.count
2026-09-19 14:11:39 [restartedMain] DEBUG o.s.d.j.repository.query.NamedQuery - Did not find named query Alert.findOpenAlertsByRuleCodeAndCustomer.count
2026-09-19 14:11:39 [restartedMain] DEBUG o.s.d.j.repository.query.NamedQuery - Did not find named query Alert.countOpenAlertsByCustomerId.count
2026-09-19 14:11:39 [restartedMain] DEBUG o.s.d.j.repository.query.NamedQuery - Did not find named query Alert.findAlertsByRiskScoreAndTimeRange.count
2026-09-19 14:11:39 [restartedMain] DEBUG o.s.d.j.repository.query.NamedQuery - Did not find named query Alert.findOpenAlertsSortedByRiskScore.count
2026-09-19 14:11:39 [restartedMain] DEBUG o.s.d.j.repository.query.NamedQuery - Did not find named query Alert.findByRuleCode.count
2026-09-19 14:11:40 [restartedMain] DEBUG o.s.w.s.m.m.a.RequestMappingHandlerMapping - 7 mappings in 'requestMappingHandlerMapping'
2026-09-19 14:11:40 [restartedMain] DEBUG o.s.w.s.h.SimpleUrlHandlerMapping - Patterns [/webjars/**, /**, /swagger-ui*/*swagger-initializer.js, /swagger-ui*/**] in 'resourceHandlerMapping'
2026-09-19 14:11:40 [restartedMain] DEBUG o.s.w.s.m.m.a.RequestMappingHandlerAdapter - ControllerAdvice beans: 0 @ModelAttribute, 0 @InitBinder, 2 RequestBodyAdvice, 1 ResponseBodyAdvice
2026-09-19 14:11:40 [restartedMain] DEBUG o.s.w.s.m.m.a.ExceptionHandlerExceptionResolver - ControllerAdvice beans: 1 @ExceptionHandler, 1 ResponseBodyAdvice
2026-09-19 14:11:40 [restartedMain] DEBUG o.s.d.j.repository.query.NamedQuery - Did not find named query AmlCase.findByCustomerId.count
2026-09-19 14:11:40 [restartedMain] DEBUG o.s.d.j.repository.query.NamedQuery - Did not find named query AmlCase.findBySeverity.count
2026-09-19 14:11:40 [restartedMain] DEBUG o.s.d.j.repository.query.NamedQuery - Did not find named query AmlCase.findByCaseStatus.count
2026-09-19 14:11:40 [restartedMain] DEBUG o.s.d.j.repository.query.NamedQuery - Did not find named query AmlCase.findByAssignedTo.count
2026-09-19 14:11:40 [restartedMain] DEBUG o.s.d.j.repository.query.NamedQuery - Did not find named query AmlCase.countOpenCases.count
2026-09-19 14:11:40 [restartedMain] DEBUG o.s.d.j.repository.query.NamedQuery - Did not find named query AmlCase.findUnassignedOpenCases.count
2026-09-19 14:11:40 [restartedMain] DEBUG o.s.d.j.repository.query.NamedQuery - Did not find named query AmlCase.findOpenCasesByCustomerId.count
2026-09-19 14:11:40 [restartedMain] DEBUG o.s.d.j.repository.query.NamedQuery - Did not find named query AmlCase.countOpenCasesByCustomerId.count
2026-09-19 14:11:40 [restartedMain] DEBUG o.s.d.j.repository.query.NamedQuery - Did not find named query AmlCase.findClosedCasesByDateRange.count
2026-09-19 14:11:40 [restartedMain] DEBUG o.s.d.j.repository.query.NamedQuery - Did not find named query AmlCase.findHighSeverityCases.count
2026-09-19 14:11:40 [restartedMain] DEBUG o.s.d.j.repository.query.NamedQuery - Did not find named query AmlCase.findByOpenedAtBetweenOrderByOpenedAtDesc.count
2026-09-19 14:11:40 [restartedMain] DEBUG o.s.d.j.repository.query.NamedQuery - Did not find named query AmlCase.findOpenCasesSortedBySeverity.count
2026-09-19 14:11:40 [restartedMain] DEBUG o.s.d.j.repository.query.NamedQuery - Did not find named query AmlCase.findOpenCasesAssignedToAnalyst.count
2026-09-19 14:11:40 [restartedMain] DEBUG o.s.d.j.repository.query.NamedQuery - Did not find named query AmlCase.countOpenCasesAssignedToAnalyst.count
2026-09-19 14:11:40 [restartedMain] DEBUG o.s.d.j.repository.query.NamedQuery - Did not find named query Customer.findByEmail.count
2026-09-19 14:11:40 [restartedMain] DEBUG o.s.d.j.repository.query.NamedQuery - Did not find named query Customer.findByRiskRating.count
2026-09-19 14:11:40 [restartedMain] DEBUG o.s.d.j.repository.query.NamedQuery - Did not find named query Customer.findByKycStatus.count
2026-09-19 14:11:40 [restartedMain] DEBUG o.s.d.j.repository.query.NamedQuery - Did not find named query Customer.findByPhone.count
2026-09-19 14:11:40 [restartedMain] DEBUG o.s.d.j.repository.query.NamedQuery - Did not find named query Customer.findHighRiskCustomers.count
2026-09-19 14:11:40 [restartedMain] DEBUG o.s.d.j.repository.query.NamedQuery - Did not find named query Customer.findVerifiedCustomers.count
2026-09-19 14:11:40 [restartedMain] DEBUG o.s.d.j.repository.query.NamedQuery - Did not find named query Customer.findActiveCustomersByCountry.count
2026-09-19 14:11:40 [restartedMain] DEBUG o.s.d.j.repository.query.NamedQuery - Did not find named query Customer.findExposedHighRiskCustomers.count
2026-09-19 14:11:40 [restartedMain] DEBUG o.s.d.j.repository.query.NamedQuery - Did not find named query Customer.findByPoliticallyExposedTrue.count
2026-09-19 14:11:40 [restartedMain] DEBUG o.s.d.j.repository.query.NamedQuery - Did not find named query Customer.findByIsActiveTrueAndNumComplaintsGreaterThan.count
2026-09-19 14:11:40 [restartedMain] INFO  o.s.boot.tomcat.TomcatWebServer - Tomcat started on port 8082 (http) with context path '/sentinel'
2026-09-19 14:11:40 [restartedMain] INFO  c.s.SentinelFlowApplication - Started SentinelFlowApplication in 5.66 seconds (process running for 6.336)
2026-09-19 14:12:26 [http-nio-8082-exec-1] INFO  o.a.c.c.C.[.[localhost].[/sentinel] - Initializing Spring DispatcherServlet 'dispatcherServlet'
2026-09-19 14:12:26 [http-nio-8082-exec-1] INFO  o.s.web.servlet.DispatcherServlet - Initializing Servlet 'dispatcherServlet'
2026-09-19 14:12:26 [http-nio-8082-exec-1] DEBUG o.s.web.servlet.DispatcherServlet - Detected StandardServletMultipartResolver
2026-09-19 14:12:26 [http-nio-8082-exec-1] DEBUG o.s.web.servlet.DispatcherServlet - Detected AcceptHeaderLocaleResolver
2026-09-19 14:12:26 [http-nio-8082-exec-1] DEBUG o.s.web.servlet.DispatcherServlet - Detected org.springframework.web.servlet.view.DefaultRequestToViewNameTranslator@6cd8de12
2026-09-19 14:12:26 [http-nio-8082-exec-1] DEBUG o.s.web.servlet.DispatcherServlet - Detected org.springframework.web.servlet.support.SessionFlashMapManager@34e316ce
2026-09-19 14:12:26 [http-nio-8082-exec-1] DEBUG o.s.web.servlet.DispatcherServlet - enableLoggingRequestDetails='false': request parameters and headers will be masked to prevent unsafe logging of potentially sensitive data
2026-09-19 14:12:26 [http-nio-8082-exec-1] INFO  o.s.web.servlet.DispatcherServlet - Completed initialization in 0 ms
2026-09-19 14:12:26 [http-nio-8082-exec-1] DEBUG o.s.web.servlet.DispatcherServlet - POST "/sentinel/api/v1/transactions", parameters={}
2026-09-19 14:12:26 [http-nio-8082-exec-1] DEBUG o.s.w.s.m.m.a.RequestMappingHandlerMapping - Mapped to com.sentinelflow.controller.TransactionController#createTransaction(TransactionRequest)
2026-09-19 14:12:26 [http-nio-8082-exec-1] DEBUG o.s.w.s.m.m.a.RequestResponseBodyMethodProcessor - Read "application/json;charset=UTF-8" to [com.sentinelflow.dto.TransactionRequest@1ed6fe11]
2026-09-19 14:12:26 [http-nio-8082-exec-1] DEBUG o.s.d.j.r.query.PartTreeJpaQuery - QueryPreparer: Derived query for query method [public abstract java.util.Optional com.sentinelflow.repositories.RuleConfigRepository.findByRuleCode(java.lang.String)]: 'SELECT r FROM RuleConfig r WHERE r.ruleCode = :ruleCode'
2026-09-19 14:12:26 [http-nio-8082-exec-1] DEBUG o.s.d.j.r.query.PartTreeJpaQuery - QueryPreparer: Derived query for query method [public abstract java.util.Optional com.sentinelflow.repositories.RuleConfigRepository.findByRuleCode(java.lang.String)]: 'SELECT r FROM RuleConfig r WHERE r.ruleCode = :ruleCode'
2026-09-19 14:12:26 [http-nio-8082-exec-1] DEBUG o.s.d.j.r.query.PartTreeJpaQuery - QueryPreparer: Derived query for query method [public abstract boolean com.sentinelflow.repositories.HighRiskJurisdictionRepository.existsByCountryCodeAndActive(java.lang.String,boolean)]: 'SELECT h.id FROM HighRiskJurisdiction h WHERE h.countryCode = :countryCode AND h.active = :active'
2026-09-19 14:12:26 [http-nio-8082-exec-1] DEBUG o.s.d.j.r.query.PartTreeJpaQuery - QueryPreparer: Derived query for query method [public abstract java.util.Optional com.sentinelflow.repositories.RuleConfigRepository.findByRuleCode(java.lang.String)]: 'SELECT r FROM RuleConfig r WHERE r.ruleCode = :ruleCode'
2026-09-19 14:12:26 [http-nio-8082-exec-1] DEBUG o.s.d.j.r.query.PartTreeJpaQuery - QueryPreparer: Derived query for query method [public abstract java.util.Optional com.sentinelflow.repositories.RuleConfigRepository.findByRuleCode(java.lang.String)]: 'SELECT r FROM RuleConfig r WHERE r.ruleCode = :ruleCode'
2026-09-19 14:12:26 [http-nio-8082-exec-1] DEBUG o.s.d.j.r.query.PartTreeJpaQuery - QueryPreparer: Derived query for query method [public abstract java.util.Optional com.sentinelflow.repositories.RuleConfigRepository.findByRuleCode(java.lang.String)]: 'SELECT r FROM RuleConfig r WHERE r.ruleCode = :ruleCode'
2026-09-19 14:12:26 [http-nio-8082-exec-1] DEBUG o.s.w.s.m.m.a.HttpEntityMethodProcessor - Using 'application/json', given [*/*] and supported [application/json, application/*+json, application/yaml]
2026-09-19 14:12:26 [http-nio-8082-exec-1] DEBUG o.s.w.s.m.m.a.HttpEntityMethodProcessor - Writing [com.sentinelflow.dto.TransactionResponse@615fcbb3]
2026-09-19 14:12:26 [http-nio-8082-exec-1] DEBUG o.s.web.servlet.DispatcherServlet - Completed 200 OK
2026-09-19 14:12:39 [http-nio-8082-exec-2] DEBUG o.s.web.servlet.DispatcherServlet - POST "/sentinel/api/v1/transactions", parameters={}
2026-09-19 14:12:39 [http-nio-8082-exec-2] DEBUG o.s.w.s.m.m.a.RequestMappingHandlerMapping - Mapped to com.sentinelflow.controller.TransactionController#createTransaction(TransactionRequest)
2026-09-19 14:12:39 [http-nio-8082-exec-2] DEBUG o.s.w.s.m.m.a.RequestResponseBodyMethodProcessor - Read "application/json;charset=UTF-8" to [com.sentinelflow.dto.TransactionRequest@5e0147f0]
2026-09-19 14:12:39 [http-nio-8082-exec-2] DEBUG o.s.d.j.r.query.PartTreeJpaQuery - QueryPreparer: Derived query for query method [public abstract java.util.Optional com.sentinelflow.repositories.RuleConfigRepository.findByRuleCode(java.lang.String)]: 'SELECT r FROM RuleConfig r WHERE r.ruleCode = :ruleCode'
2026-09-19 14:12:39 [http-nio-8082-exec-2] DEBUG o.s.d.j.r.query.PartTreeJpaQuery - QueryPreparer: Derived query for query method [public abstract java.util.Optional com.sentinelflow.repositories.RuleConfigRepository.findByRuleCode(java.lang.String)]: 'SELECT r FROM RuleConfig r WHERE r.ruleCode = :ruleCode'
2026-09-19 14:12:39 [http-nio-8082-exec-2] DEBUG o.s.d.j.r.query.PartTreeJpaQuery - QueryPreparer: Derived query for query method [public abstract boolean com.sentinelflow.repositories.HighRiskJurisdictionRepository.existsByCountryCodeAndActive(java.lang.String,boolean)]: 'SELECT h.id FROM HighRiskJurisdiction h WHERE h.countryCode = :countryCode AND h.active = :active'
2026-09-19 14:12:39 [http-nio-8082-exec-2] DEBUG o.s.d.j.r.query.PartTreeJpaQuery - QueryPreparer: Derived query for query method [public abstract java.util.Optional com.sentinelflow.repositories.RuleConfigRepository.findByRuleCode(java.lang.String)]: 'SELECT r FROM RuleConfig r WHERE r.ruleCode = :ruleCode'
2026-09-19 14:12:39 [http-nio-8082-exec-2] DEBUG o.s.d.j.r.query.PartTreeJpaQuery - QueryPreparer: Derived query for query method [public abstract java.util.Optional com.sentinelflow.repositories.RuleConfigRepository.findByRuleCode(java.lang.String)]: 'SELECT r FROM RuleConfig r WHERE r.ruleCode = :ruleCode'
2026-09-19 14:12:39 [http-nio-8082-exec-2] DEBUG o.s.d.j.r.query.PartTreeJpaQuery - QueryPreparer: Derived query for query method [public abstract java.util.Optional com.sentinelflow.repositories.RuleConfigRepository.findByRuleCode(java.lang.String)]: 'SELECT r FROM RuleConfig r WHERE r.ruleCode = :ruleCode'
2026-09-19 14:12:39 [http-nio-8082-exec-2] DEBUG o.s.w.s.m.m.a.HttpEntityMethodProcessor - Using 'application/json', given [*/*] and supported [application/json, application/*+json, application/yaml]
2026-09-19 14:12:39 [http-nio-8082-exec-2] DEBUG o.s.w.s.m.m.a.HttpEntityMethodProcessor - Writing [com.sentinelflow.dto.TransactionResponse@4e03c115]
2026-09-19 14:12:39 [http-nio-8082-exec-2] DEBUG o.s.web.servlet.DispatcherServlet - Completed 200 OK
2026-09-19 14:13:00 [http-nio-8082-exec-3] DEBUG o.s.web.servlet.DispatcherServlet - POST "/sentinel/api/v1/transactions", parameters={}
2026-09-19 14:13:00 [http-nio-8082-exec-3] DEBUG o.s.w.s.m.m.a.RequestMappingHandlerMapping - Mapped to com.sentinelflow.controller.TransactionController#createTransaction(TransactionRequest)
2026-09-19 14:13:00 [http-nio-8082-exec-3] DEBUG o.s.w.s.m.m.a.RequestResponseBodyMethodProcessor - Read "application/json;charset=UTF-8" to [com.sentinelflow.dto.TransactionRequest@35b21613]
2026-09-19 14:13:00 [http-nio-8082-exec-3] DEBUG o.s.d.j.r.query.PartTreeJpaQuery - QueryPreparer: Derived query for query method [public abstract java.util.Optional com.sentinelflow.repositories.RuleConfigRepository.findByRuleCode(java.lang.String)]: 'SELECT r FROM RuleConfig r WHERE r.ruleCode = :ruleCode'
2026-09-19 14:13:00 [http-nio-8082-exec-3] DEBUG o.s.d.j.r.query.PartTreeJpaQuery - QueryPreparer: Derived query for query method [public abstract java.util.Optional com.sentinelflow.repositories.RuleConfigRepository.findByRuleCode(java.lang.String)]: 'SELECT r FROM RuleConfig r WHERE r.ruleCode = :ruleCode'
2026-09-19 14:13:00 [http-nio-8082-exec-3] DEBUG o.s.d.j.r.query.PartTreeJpaQuery - QueryPreparer: Derived query for query method [public abstract boolean com.sentinelflow.repositories.HighRiskJurisdictionRepository.existsByCountryCodeAndActive(java.lang.String,boolean)]: 'SELECT h.id FROM HighRiskJurisdiction h WHERE h.countryCode = :countryCode AND h.active = :active'
2026-09-19 14:13:00 [http-nio-8082-exec-3] DEBUG o.s.d.j.r.query.PartTreeJpaQuery - QueryPreparer: Derived query for query method [public abstract java.util.Optional com.sentinelflow.repositories.RuleConfigRepository.findByRuleCode(java.lang.String)]: 'SELECT r FROM RuleConfig r WHERE r.ruleCode = :ruleCode'
2026-09-19 14:13:00 [http-nio-8082-exec-3] DEBUG o.s.d.j.r.query.PartTreeJpaQuery - QueryPreparer: Derived query for query method [public abstract java.util.Optional com.sentinelflow.repositories.RuleConfigRepository.findByRuleCode(java.lang.String)]: 'SELECT r FROM RuleConfig r WHERE r.ruleCode = :ruleCode'
2026-09-19 14:13:00 [http-nio-8082-exec-3] DEBUG o.s.d.j.r.query.PartTreeJpaQuery - QueryPreparer: Derived query for query method [public abstract java.util.Optional com.sentinelflow.repositories.RuleConfigRepository.findByRuleCode(java.lang.String)]: 'SELECT r FROM RuleConfig r WHERE r.ruleCode = :ruleCode'
2026-09-19 14:13:00 [http-nio-8082-exec-3] DEBUG o.s.w.s.m.m.a.HttpEntityMethodProcessor - Using 'application/json', given [*/*] and supported [application/json, application/*+json, application/yaml]
2026-09-19 14:13:00 [http-nio-8082-exec-3] DEBUG o.s.w.s.m.m.a.HttpEntityMethodProcessor - Writing [com.sentinelflow.dto.TransactionResponse@49065669]
2026-09-19 14:13:00 [http-nio-8082-exec-3] DEBUG o.s.web.servlet.DispatcherServlet - Completed 200 OK
2026-09-19 14:13:53 [http-nio-8082-exec-4] DEBUG o.s.web.servlet.DispatcherServlet - POST "/sentinel/api/v1/transactions", parameters={}
2026-09-19 14:13:53 [http-nio-8082-exec-4] DEBUG o.s.w.s.m.m.a.RequestMappingHandlerMapping - Mapped to com.sentinelflow.controller.TransactionController#createTransaction(TransactionRequest)
2026-09-19 14:13:53 [http-nio-8082-exec-4] DEBUG o.s.w.s.m.m.a.RequestResponseBodyMethodProcessor - Read "application/json;charset=UTF-8" to [com.sentinelflow.dto.TransactionRequest@1009edb7]
2026-09-19 14:13:53 [http-nio-8082-exec-4] DEBUG o.s.d.j.r.query.PartTreeJpaQuery - QueryPreparer: Derived query for query method [public abstract java.util.Optional com.sentinelflow.repositories.RuleConfigRepository.findByRuleCode(java.lang.String)]: 'SELECT r FROM RuleConfig r WHERE r.ruleCode = :ruleCode'
2026-09-19 14:13:53 [http-nio-8082-exec-4] DEBUG o.s.d.j.r.query.PartTreeJpaQuery - QueryPreparer: Derived query for query method [public abstract java.util.Optional com.sentinelflow.repositories.RuleConfigRepository.findByRuleCode(java.lang.String)]: 'SELECT r FROM RuleConfig r WHERE r.ruleCode = :ruleCode'
2026-09-19 14:13:53 [http-nio-8082-exec-4] DEBUG o.s.d.j.r.query.PartTreeJpaQuery - QueryPreparer: Derived query for query method [public abstract boolean com.sentinelflow.repositories.HighRiskJurisdictionRepository.existsByCountryCodeAndActive(java.lang.String,boolean)]: 'SELECT h.id FROM HighRiskJurisdiction h WHERE h.countryCode = :countryCode AND h.active = :active'
2026-09-19 14:13:53 [http-nio-8082-exec-4] DEBUG o.s.d.j.r.query.PartTreeJpaQuery - QueryPreparer: Derived query for query method [public abstract java.util.Optional com.sentinelflow.repositories.RuleConfigRepository.findByRuleCode(java.lang.String)]: 'SELECT r FROM RuleConfig r WHERE r.ruleCode = :ruleCode'
2026-09-19 14:13:53 [http-nio-8082-exec-4] DEBUG o.s.d.j.r.query.PartTreeJpaQuery - QueryPreparer: Derived query for query method [public abstract java.util.Optional com.sentinelflow.repositories.RuleConfigRepository.findByRuleCode(java.lang.String)]: 'SELECT r FROM RuleConfig r WHERE r.ruleCode = :ruleCode'
2026-09-19 14:13:53 [http-nio-8082-exec-4] DEBUG o.s.d.j.r.query.PartTreeJpaQuery - QueryPreparer: Derived query for query method [public abstract java.util.Optional com.sentinelflow.repositories.RuleConfigRepository.findByRuleCode(java.lang.String)]: 'SELECT r FROM RuleConfig r WHERE r.ruleCode = :ruleCode'
2026-09-19 14:13:53 [http-nio-8082-exec-4] DEBUG o.s.w.s.m.m.a.HttpEntityMethodProcessor - Using 'application/json', given [*/*] and supported [application/json, application/*+json, application/yaml]
2026-09-19 14:13:53 [http-nio-8082-exec-4] DEBUG o.s.w.s.m.m.a.HttpEntityMethodProcessor - Writing [com.sentinelflow.dto.TransactionResponse@3b92bfcf]
2026-09-19 14:13:53 [http-nio-8082-exec-4] DEBUG o.s.web.servlet.DispatcherServlet - Completed 200 OK
2026-09-19 14:14:03 [http-nio-8082-exec-5] DEBUG o.s.web.servlet.DispatcherServlet - POST "/sentinel/api/v1/transactions", parameters={}
2026-09-19 14:14:03 [http-nio-8082-exec-5] DEBUG o.s.w.s.m.m.a.RequestMappingHandlerMapping - Mapped to com.sentinelflow.controller.TransactionController#createTransaction(TransactionRequest)
2026-09-19 14:14:03 [http-nio-8082-exec-5] DEBUG o.s.w.s.m.m.a.RequestResponseBodyMethodProcessor - Read "application/json;charset=UTF-8" to [com.sentinelflow.dto.TransactionRequest@33f275cd]
2026-09-19 14:14:03 [http-nio-8082-exec-5] DEBUG o.s.d.j.r.query.PartTreeJpaQuery - QueryPreparer: Derived query for query method [public abstract java.util.Optional com.sentinelflow.repositories.RuleConfigRepository.findByRuleCode(java.lang.String)]: 'SELECT r FROM RuleConfig r WHERE r.ruleCode = :ruleCode'
2026-09-19 14:14:03 [http-nio-8082-exec-5] DEBUG o.s.d.j.r.query.PartTreeJpaQuery - QueryPreparer: Derived query for query method [public abstract java.util.Optional com.sentinelflow.repositories.RuleConfigRepository.findByRuleCode(java.lang.String)]: 'SELECT r FROM RuleConfig r WHERE r.ruleCode = :ruleCode'
2026-09-19 14:14:03 [http-nio-8082-exec-5] DEBUG o.s.d.j.r.query.PartTreeJpaQuery - QueryPreparer: Derived query for query method [public abstract boolean com.sentinelflow.repositories.HighRiskJurisdictionRepository.existsByCountryCodeAndActive(java.lang.String,boolean)]: 'SELECT h.id FROM HighRiskJurisdiction h WHERE h.countryCode = :countryCode AND h.active = :active'
2026-09-19 14:14:03 [http-nio-8082-exec-5] DEBUG o.s.d.j.r.query.PartTreeJpaQuery - QueryPreparer: Derived query for query method [public abstract java.util.Optional com.sentinelflow.repositories.RuleConfigRepository.findByRuleCode(java.lang.String)]: 'SELECT r FROM RuleConfig r WHERE r.ruleCode = :ruleCode'
2026-09-19 14:14:03 [http-nio-8082-exec-5] DEBUG o.s.d.j.r.query.PartTreeJpaQuery - QueryPreparer: Derived query for query method [public abstract java.util.Optional com.sentinelflow.repositories.RuleConfigRepository.findByRuleCode(java.lang.String)]: 'SELECT r FROM RuleConfig r WHERE r.ruleCode = :ruleCode'
2026-09-19 14:14:03 [http-nio-8082-exec-5] DEBUG o.s.d.j.r.query.PartTreeJpaQuery - QueryPreparer: Derived query for query method [public abstract java.util.Optional com.sentinelflow.repositories.RuleConfigRepository.findByRuleCode(java.lang.String)]: 'SELECT r FROM RuleConfig r WHERE r.ruleCode = :ruleCode'
2026-09-19 14:14:03 [http-nio-8082-exec-5] DEBUG o.s.w.s.m.m.a.HttpEntityMethodProcessor - Using 'application/json', given [*/*] and supported [application/json, application/*+json, application/yaml]
2026-09-19 14:14:03 [http-nio-8082-exec-5] DEBUG o.s.w.s.m.m.a.HttpEntityMethodProcessor - Writing [com.sentinelflow.dto.TransactionResponse@2a69b67e]
2026-09-19 14:14:03 [http-nio-8082-exec-5] DEBUG o.s.web.servlet.DispatcherServlet - Completed 200 OK
2026-09-19 14:15:49 [http-nio-8082-exec-7] DEBUG o.s.web.servlet.DispatcherServlet - POST "/sentinel/api/v1/transactions", parameters={}
2026-09-19 14:15:49 [http-nio-8082-exec-7] DEBUG o.s.w.s.m.m.a.RequestMappingHandlerMapping - Mapped to com.sentinelflow.controller.TransactionController#createTransaction(TransactionRequest)
2026-09-19 14:15:49 [http-nio-8082-exec-7] DEBUG o.s.w.s.m.m.a.RequestResponseBodyMethodProcessor - Read "application/json;charset=UTF-8" to [com.sentinelflow.dto.TransactionRequest@2085f1d3]
2026-09-19 14:15:49 [http-nio-8082-exec-7] DEBUG o.s.d.j.r.query.PartTreeJpaQuery - QueryPreparer: Derived query for query method [public abstract java.util.Optional com.sentinelflow.repositories.RuleConfigRepository.findByRuleCode(java.lang.String)]: 'SELECT r FROM RuleConfig r WHERE r.ruleCode = :ruleCode'
2026-09-19 14:15:49 [http-nio-8082-exec-7] DEBUG o.s.d.j.r.query.PartTreeJpaQuery - QueryPreparer: Derived query for query method [public abstract java.util.Optional com.sentinelflow.repositories.RuleConfigRepository.findByRuleCode(java.lang.String)]: 'SELECT r FROM RuleConfig r WHERE r.ruleCode = :ruleCode'
2026-09-19 14:15:49 [http-nio-8082-exec-7] DEBUG o.s.d.j.r.query.PartTreeJpaQuery - QueryPreparer: Derived query for query method [public abstract boolean com.sentinelflow.repositories.HighRiskJurisdictionRepository.existsByCountryCodeAndActive(java.lang.String,boolean)]: 'SELECT h.id FROM HighRiskJurisdiction h WHERE h.countryCode = :countryCode AND h.active = :active'
2026-09-19 14:15:49 [http-nio-8082-exec-7] DEBUG o.s.d.j.r.query.PartTreeJpaQuery - QueryPreparer: Derived query for query method [public abstract java.util.Optional com.sentinelflow.repositories.RuleConfigRepository.findByRuleCode(java.lang.String)]: 'SELECT r FROM RuleConfig r WHERE r.ruleCode = :ruleCode'
2026-09-19 14:15:49 [http-nio-8082-exec-7] DEBUG o.s.d.j.r.query.PartTreeJpaQuery - QueryPreparer: Derived query for query method [public abstract java.util.Optional com.sentinelflow.repositories.RuleConfigRepository.findByRuleCode(java.lang.String)]: 'SELECT r FROM RuleConfig r WHERE r.ruleCode = :ruleCode'
2026-09-19 14:15:49 [http-nio-8082-exec-7] DEBUG o.s.d.j.r.query.PartTreeJpaQuery - QueryPreparer: Derived query for query method [public abstract java.util.Optional com.sentinelflow.repositories.RuleConfigRepository.findByRuleCode(java.lang.String)]: 'SELECT r FROM RuleConfig r WHERE r.ruleCode = :ruleCode'
2026-09-19 14:15:49 [http-nio-8082-exec-7] DEBUG o.s.web.servlet.DispatcherServlet - Failed to complete request: org.springframework.dao.DuplicateKeyException: A different object with the same identifier value was already associated with this persistence context for entity [com.sentinelflow.models.Transaction with id '1']
2026-09-19 14:15:49 [http-nio-8082-exec-7] ERROR o.a.c.c.C.[.[.[.[dispatcherServlet] - Servlet.service() for servlet [dispatcherServlet] in context with path [/sentinel] threw exception [Request processing failed: org.springframework.dao.DuplicateKeyException: A different object with the same identifier value was already associated with this persistence context for entity [com.sentinelflow.models.Transaction with id '1']] with root cause
org.hibernate.NonUniqueObjectException: A different object with the same identifier value was already associated with this persistence context for entity [com.sentinelflow.models.Transaction with id '1']
	at org.hibernate.event.internal.AbstractSaveEventListener.entityKey(AbstractSaveEventListener.java:240)
	at org.hibernate.event.internal.AbstractSaveEventListener.performSave(AbstractSaveEventListener.java:227)
	at org.hibernate.event.internal.AbstractSaveEventListener.saveWithGeneratedId(AbstractSaveEventListener.java:144)
	at org.hibernate.event.internal.DefaultPersistEventListener.entityIsTransient(DefaultPersistEventListener.java:144)
	at org.hibernate.event.internal.DefaultPersistEventListener.persist(DefaultPersistEventListener.java:91)
	at org.hibernate.event.internal.DefaultPersistEventListener.onPersist(DefaultPersistEventListener.java:75)
	at org.hibernate.event.internal.DefaultPersistEventListener.onPersist(DefaultPersistEventListener.java:51)
	at org.hibernate.event.service.internal.EventListenerGroupImpl.fireEventOnEachListener(EventListenerGroupImpl.java:138)
	at org.hibernate.internal.SessionImpl.firePersist(SessionImpl.java:709)
	at org.hibernate.internal.SessionImpl.persist(SessionImpl.java:692)
	at java.base/jdk.internal.reflect.DirectMethodHandleAccessor.invoke(DirectMethodHandleAccessor.java:103)
	at java.base/java.lang.reflect.Method.invoke(Method.java:580)
	at org.springframework.orm.jpa.SharedEntityManagerCreator$SharedEntityHandlerInvocationHandler.invokeMethod(SharedEntityManagerCreator.java:239)
	at org.springframework.orm.jpa.SharedEntityManagerCreator$SharedEntityManagerInvocationHandler.invoke(SharedEntityManagerCreator.java:392)
	at jdk.proxy4/jdk.proxy4.$Proxy136.persist(Unknown Source)
	at org.springframework.data.jpa.repository.support.SimpleJpaRepository.save(SimpleJpaRepository.java:664)
	at java.base/jdk.internal.reflect.DirectMethodHandleAccessor.invoke(DirectMethodHandleAccessor.java:103)
	at java.base/java.lang.reflect.Method.invoke(Method.java:580)
	at org.springframework.aop.support.AopUtils.invokeJoinpointUsingReflection(AopUtils.java:359)
	at org.springframework.data.repository.core.support.RepositoryMethodInvoker$RepositoryFragmentMethodInvoker.lambda$new$0(RepositoryMethodInvoker.java:278)
	at org.springframework.data.repository.core.support.RepositoryMethodInvoker.doInvoke(RepositoryMethodInvoker.java:169)
	at org.springframework.data.repository.core.support.RepositoryMethodInvoker.invoke(RepositoryMethodInvoker.java:158)
	at org.springframework.data.repository.core.support.RepositoryComposition$RepositoryFragments.invoke(RepositoryComposition.java:545)
	at org.springframework.data.repository.core.support.RepositoryComposition.invoke(RepositoryComposition.java:290)
	at org.springframework.data.repository.core.support.RepositoryFactorySupport$ImplementationMethodExecutionInterceptor.invoke(RepositoryFactorySupport.java:690)
	at org.springframework.aop.framework.ReflectiveMethodInvocation.proceed(ReflectiveMethodInvocation.java:179)
	at org.springframework.data.repository.core.support.QueryExecutorMethodInterceptor.doInvoke(QueryExecutorMethodInterceptor.java:171)
	at org.springframework.data.repository.core.support.QueryExecutorMethodInterceptor.invoke(QueryExecutorMethodInterceptor.java:146)
	at org.springframework.aop.framework.ReflectiveMethodInvocation.proceed(ReflectiveMethodInvocation.java:179)
	at org.springframework.data.projection.DefaultMethodInvokingMethodInterceptor.invoke(DefaultMethodInvokingMethodInterceptor.java:69)
	at org.springframework.aop.framework.ReflectiveMethodInvocation.proceed(ReflectiveMethodInvocation.java:179)
	at org.springframework.transaction.interceptor.TransactionInterceptor$1.proceedWithInvocation(TransactionInterceptor.java:133)
	at org.springframework.transaction.interceptor.TransactionAspectSupport.invokeWithinTransaction(TransactionAspectSupport.java:371)
	at org.springframework.transaction.interceptor.TransactionInterceptor.invoke(TransactionInterceptor.java:130)
	at org.springframework.aop.framework.ReflectiveMethodInvocation.proceed(ReflectiveMethodInvocation.java:179)
	at org.springframework.dao.support.PersistenceExceptionTranslationInterceptor.invoke(PersistenceExceptionTranslationInterceptor.java:135)
	at org.springframework.aop.framework.ReflectiveMethodInvocation.proceed(ReflectiveMethodInvocation.java:179)
	at org.springframework.data.jpa.repository.support.CrudMethodMetadataPostProcessor$CrudMethodMetadataPopulatingMethodInterceptor.invoke(CrudMethodMetadataPostProcessor.java:166)
	at org.springframework.aop.framework.ReflectiveMethodInvocation.proceed(ReflectiveMethodInvocation.java:179)
	at org.springframework.aop.framework.JdkDynamicAopProxy.invoke(JdkDynamicAopProxy.java:222)
	at jdk.proxy4/jdk.proxy4.$Proxy143.save(Unknown Source)
	at com.sentinelflow.service.impl.TransactionServiceImpl.processTransaction(TransactionServiceImpl.java:98)
	at java.base/jdk.internal.reflect.DirectMethodHandleAccessor.invoke(DirectMethodHandleAccessor.java:103)
	at java.base/java.lang.reflect.Method.invoke(Method.java:580)
	at org.springframework.aop.support.AopUtils.invokeJoinpointUsingReflection(AopUtils.java:359)
	at org.springframework.aop.framework.ReflectiveMethodInvocation.invokeJoinpoint(ReflectiveMethodInvocation.java:190)
	at org.springframework.aop.framework.ReflectiveMethodInvocation.proceed(ReflectiveMethodInvocation.java:158)
	at org.springframework.transaction.interceptor.TransactionInterceptor$1.proceedWithInvocation(TransactionInterceptor.java:133)
	at org.springframework.transaction.interceptor.TransactionAspectSupport.invokeWithinTransaction(TransactionAspectSupport.java:371)
	at org.springframework.transaction.interceptor.TransactionInterceptor.invoke(TransactionInterceptor.java:130)
	at org.springframework.aop.framework.ReflectiveMethodInvocation.proceed(ReflectiveMethodInvocation.java:179)
	at org.springframework.aop.framework.CglibAopProxy$DynamicAdvisedInterceptor.intercept(CglibAopProxy.java:719)
	at com.sentinelflow.service.impl.TransactionServiceImpl$$SpringCGLIB$$0.processTransaction(<generated>)
	at com.sentinelflow.controller.TransactionController.createTransaction(TransactionController.java:30)
	at java.base/jdk.internal.reflect.DirectMethodHandleAccessor.invoke(DirectMethodHandleAccessor.java:103)
	at java.base/java.lang.reflect.Method.invoke(Method.java:580)
	at org.springframework.web.method.support.InvocableHandlerMethod.doInvoke(InvocableHandlerMethod.java:252)
	at org.springframework.web.method.support.InvocableHandlerMethod.invokeForRequest(InvocableHandlerMethod.java:184)
	at org.springframework.web.servlet.mvc.method.annotation.ServletInvocableHandlerMethod.invokeAndHandle(ServletInvocableHandlerMethod.java:117)
	at org.springframework.web.servlet.mvc.method.annotation.RequestMappingHandlerAdapter.invokeHandlerMethod(RequestMappingHandlerAdapter.java:934)
	at org.springframework.web.servlet.mvc.method.annotation.RequestMappingHandlerAdapter.handleInternal(RequestMappingHandlerAdapter.java:853)
	at org.springframework.web.servlet.mvc.method.AbstractHandlerMethodAdapter.handle(AbstractHandlerMethodAdapter.java:86)
	at org.springframework.web.servlet.DispatcherServlet.doDispatch(DispatcherServlet.java:963)
	at org.springframework.web.servlet.DispatcherServlet.doService(DispatcherServlet.java:866)
	at org.springframework.web.servlet.FrameworkServlet.processRequest(FrameworkServlet.java:1000)
	at org.springframework.web.servlet.FrameworkServlet.doPost(FrameworkServlet.java:903)
	at jakarta.servlet.http.HttpServlet.service(HttpServlet.java:649)
	at org.springframework.web.servlet.FrameworkServlet.service(FrameworkServlet.java:874)
	at jakarta.servlet.http.HttpServlet.service(HttpServlet.java:710)
	at org.apache.catalina.core.ApplicationFilterChain.doFilter(ApplicationFilterChain.java:132)
	at org.apache.tomcat.websocket.server.WsFilter.doFilter(WsFilter.java:59)
	at org.apache.catalina.core.ApplicationFilterChain.doFilter(ApplicationFilterChain.java:111)
	at org.springframework.web.filter.RequestContextFilter.doFilterInternal(RequestContextFilter.java:100)
	at org.springframework.web.filter.OncePerRequestFilter.doFilter(OncePerRequestFilter.java:116)
	at org.apache.catalina.core.ApplicationFilterChain.doFilter(ApplicationFilterChain.java:111)
	at org.springframework.web.filter.FormContentFilter.doFilterInternal(FormContentFilter.java:93)
	at org.springframework.web.filter.OncePerRequestFilter.doFilter(OncePerRequestFilter.java:116)
	at org.apache.catalina.core.ApplicationFilterChain.doFilter(ApplicationFilterChain.java:111)
	at org.springframework.web.filter.CharacterEncodingFilter.doFilterInternal(CharacterEncodingFilter.java:199)
	at org.springframework.web.filter.OncePerRequestFilter.doFilter(OncePerRequestFilter.java:116)
	at org.apache.catalina.core.ApplicationFilterChain.doFilter(ApplicationFilterChain.java:111)
	at org.apache.catalina.core.StandardWrapperValve.invoke(StandardWrapperValve.java:165)
	at org.apache.catalina.core.StandardContextValve.invoke(StandardContextValve.java:77)
	at org.apache.catalina.authenticator.AuthenticatorBase.invoke(AuthenticatorBase.java:535)
	at org.apache.catalina.core.StandardHostValve.invoke(StandardHostValve.java:115)
	at org.apache.catalina.valves.ErrorReportValve.invoke(ErrorReportValve.java:86)
	at org.apache.catalina.core.StandardEngineValve.invoke(StandardEngineValve.java:71)
	at org.apache.catalina.connector.CoyoteAdapter.service(CoyoteAdapter.java:347)
	at org.apache.coyote.http11.Http11Processor.service(Http11Processor.java:406)
	at org.apache.coyote.AbstractProcessorLight.process(AbstractProcessorLight.java:71)
	at org.apache.coyote.AbstractProtocol$ConnectionHandler.process(AbstractProtocol.java:1307)
	at org.apache.tomcat.util.net.NioEndpoint$SocketProcessor.doRun(NioEndpoint.java:2036)
	at org.apache.tomcat.util.net.SocketProcessorBase.run(SocketProcessorBase.java:74)
	at org.apache.tomcat.util.threads.ThreadPoolExecutor.runWorker(ThreadPoolExecutor.java:949)
	at org.apache.tomcat.util.threads.ThreadPoolExecutor$Worker.run(ThreadPoolExecutor.java:483)
	at org.apache.tomcat.util.threads.TaskThread$WrappingRunnable.run(TaskThread.java:74)
	at java.base/java.lang.Thread.run(Thread.java:1570)
2026-09-19 14:15:49 [http-nio-8082-exec-7] DEBUG o.s.web.servlet.DispatcherServlet - "ERROR" dispatch for GET "/sentinel/error", parameters={}
2026-09-19 14:15:49 [http-nio-8082-exec-7] DEBUG o.s.w.s.m.m.a.RequestMappingHandlerMapping - Mapped to org.springframework.boot.webmvc.autoconfigure.error.BasicErrorController#error(HttpServletRequest)
2026-09-19 14:15:49 [http-nio-8082-exec-7] DEBUG o.s.w.s.m.m.a.HttpEntityMethodProcessor - Using 'application/json', given [*/*] and supported [application/json, application/*+json, application/yaml]
2026-09-19 14:15:49 [http-nio-8082-exec-7] DEBUG o.s.w.s.m.m.a.HttpEntityMethodProcessor - Writing [{timestamp=Sat Sep 19 14:15:49 IST 2026, status=500, error=Internal Server Error, trace=org.springfr (truncated)...]
2026-09-19 14:15:49 [http-nio-8082-exec-7] DEBUG o.s.web.servlet.DispatcherServlet - Exiting from "ERROR" dispatch, status 500
2026-09-19 14:16:28 [RMI TCP Connection(14)-127.0.0.1] INFO  o.s.b.a.SpringApplicationAdminMXBeanRegistrar$SpringApplicationAdmin - Application shutdown requested.
2026-09-19 14:16:28 [RMI TCP Connection(14)-127.0.0.1] INFO  o.s.boot.tomcat.GracefulShutdown - Commencing graceful shutdown. Waiting for active requests to complete
2026-09-19 14:16:28 [tomcat-shutdown] INFO  o.s.boot.tomcat.GracefulShutdown - Graceful shutdown complete
2026-09-19 14:16:28 [RMI TCP Connection(14)-127.0.0.1] INFO  o.s.o.j.LocalContainerEntityManagerFactoryBean - Closing JPA EntityManagerFactory for persistence unit 'default'
2026-09-19 14:16:28 [RMI TCP Connection(14)-127.0.0.1] INFO  com.zaxxer.hikari.HikariDataSource - HikariPool-1 - Shutdown initiated...
2026-09-19 14:16:28 [RMI TCP Connection(14)-127.0.0.1] INFO  com.zaxxer.hikari.HikariDataSource - HikariPool-1 - Shutdown completed.
2026-09-19 14:16:45 [restartedMain] INFO  c.s.SentinelFlowApplication - Starting SentinelFlowApplication using Java 22 with PID 18332 (D:\Java\SentinelFlow\target\classes started by hp in D:\Java\SentinelFlow)
2026-09-19 14:16:45 [restartedMain] DEBUG c.s.SentinelFlowApplication - Running with Spring Boot v4.1.1, Spring v7.0.9
2026-09-19 14:16:45 [restartedMain] INFO  c.s.SentinelFlowApplication - No active profile set, falling back to 1 default profile: "default"
2026-09-19 14:16:45 [restartedMain] INFO  o.s.b.d.e.DevToolsPropertyDefaultsPostProcessor - Devtools property defaults active! Set 'spring.devtools.add-properties' to 'false' to disable
2026-09-19 14:16:45 [restartedMain] INFO  o.s.b.d.e.DevToolsPropertyDefaultsPostProcessor - For additional web related logging consider setting the 'logging.level.web' property to 'DEBUG'
2026-09-19 14:16:45 [restartedMain] INFO  o.s.d.r.c.RepositoryConfigurationDelegate - Bootstrapping Spring Data JPA repositories in DEFAULT mode.
2026-09-19 14:16:46 [restartedMain] INFO  o.s.d.r.c.RepositoryConfigurationDelegate - Finished Spring Data repository scanning in 98 ms. Found 7 JPA repository interfaces.
2026-09-19 14:16:46 [restartedMain] INFO  o.s.boot.tomcat.TomcatWebServer - Tomcat initialized with port 8082 (http)
2026-09-19 14:16:46 [restartedMain] INFO  o.a.catalina.core.StandardService - Starting service [Tomcat]
2026-09-19 14:16:46 [restartedMain] INFO  o.a.catalina.core.StandardEngine - Starting Servlet engine: [Apache Tomcat/11.0.24]
2026-09-19 14:16:46 [restartedMain] INFO  o.s.b.w.c.s.WebApplicationContextInitializer - Root WebApplicationContext: initialization completed in 1357 ms
2026-09-19 14:16:46 [restartedMain] INFO  org.hibernate.orm.jpa - HHH008540: Processing PersistenceUnitInfo [name: default]
2026-09-19 14:16:46 [restartedMain] INFO  org.hibernate.orm.core - HHH000001: Hibernate ORM core version 7.4.5.Final
2026-09-19 14:16:47 [restartedMain] INFO  o.s.o.j.p.SpringPersistenceUnitInfo - No LoadTimeWeaver setup: ignoring JPA class transformer
2026-09-19 14:16:47 [restartedMain] INFO  com.zaxxer.hikari.HikariDataSource - HikariPool-1 - Starting...
2026-09-19 14:16:47 [restartedMain] INFO  com.zaxxer.hikari.pool.HikariPool - HikariPool-1 - Added connection org.postgresql.jdbc.PgConnection@423b1e6a
2026-09-19 14:16:47 [restartedMain] INFO  com.zaxxer.hikari.HikariDataSource - HikariPool-1 - Start completed.
2026-09-19 14:16:47 [restartedMain] INFO  o.hibernate.orm.connections.pooling - HHH10001005: Database info:
	Database JDBC URL [jdbc:postgresql://localhost:5433/AzentioHackthon]
	Database driver: PostgreSQL JDBC Driver
	Database dialect: PostgreSQLDialect
	Database version: 18.6
	Default catalog/schema: AzentioHackthon/public
	Autocommit mode: undefined/unknown
	Isolation level: READ_COMMITTED [default READ_COMMITTED]
	JDBC fetch size: none
	Pool: DataSourceConnectionProvider
	Minimum pool size: undefined/unknown
	Maximum pool size: undefined/unknown
2026-09-19 14:16:48 [restartedMain] INFO  org.hibernate.orm.core - HHH000489: No JTA platform available (set 'hibernate.transaction.jta.platform' to enable JTA platform integration)
2026-09-19 14:16:48 [restartedMain] INFO  org.hibernate.orm.jdbc.batch - HHH100501: Automatic JDBC statement batching enabled (maximum batch size 20)
2026-09-19 14:16:48 [restartedMain] INFO  o.s.o.j.LocalContainerEntityManagerFactoryBean - Initialized JPA EntityManagerFactory for persistence unit 'default'
2026-09-19 14:16:49 [restartedMain] DEBUG o.s.d.j.r.c.JpaMetamodelMappingContextFactoryBean - Initializing JpaMetamodelMappingContext…
2026-09-19 14:16:49 [restartedMain] DEBUG o.s.d.j.r.c.JpaMetamodelMappingContextFactoryBean - Finished initializing JpaMetamodelMappingContext
2026-09-19 14:16:49 [restartedMain] INFO  o.s.d.j.r.q.QueryEnhancerFactories - Hibernate is in classpath; If applicable, HQL parser will be used.
2026-09-19 14:16:49 [restartedMain] DEBUG o.s.d.j.repository.query.NamedQuery - Looking up named query 'RuleConfig.findByRuleCode'
2026-09-19 14:16:49 [restartedMain] DEBUG o.s.d.j.repository.query.NamedQuery - Did not find named query RuleConfig.findByRuleCode
2026-09-19 14:16:49 [restartedMain] DEBUG o.s.d.j.repository.query.NamedQuery - Did not find named query Transaction.calculateAccountTransactionTotalFor90Days.count
2026-09-19 14:16:49 [restartedMain] DEBUG o.s.d.j.repository.query.NamedQuery - Did not find named query Transaction.findTransactionsByAccountAndTimeRange.count
2026-09-19 14:16:49 [restartedMain] DEBUG o.s.d.j.repository.query.NamedQuery - Did not find named query Transaction.calculateAccountTransactionTotal.count
2026-09-19 14:16:49 [restartedMain] DEBUG o.s.d.j.repository.query.NamedQuery - Did not find named query Transaction.sumTransactionAmountByCustomerAndTimeRange.count
2026-09-19 14:16:49 [restartedMain] DEBUG o.s.d.j.repository.query.NamedQuery - Did not find named query Transaction.countTransactionsByAccountAndTimeRange.count
2026-09-19 14:16:49 [restartedMain] DEBUG o.s.d.j.repository.query.NamedQuery - Did not find named query Transaction.findTransactionsByAmountAndTimeRange.count
2026-09-19 14:16:49 [restartedMain] DEBUG o.s.d.j.repository.query.NamedQuery - Did not find named query Transaction.sumTransactionAmountByAccountAndTimeRange.count
2026-09-19 14:16:49 [restartedMain] DEBUG o.s.d.j.repository.query.NamedQuery - Did not find named query Transaction.findByAccountId.count
2026-09-19 14:16:49 [restartedMain] DEBUG o.s.d.j.repository.query.NamedQuery - Did not find named query Transaction.findHighRiskTransactionsByChannel.count
2026-09-19 14:16:49 [restartedMain] DEBUG o.s.d.j.repository.query.NamedQuery - Did not find named query Transaction.findTransactionsByTypeAndTimeRange.count
2026-09-19 14:16:49 [restartedMain] DEBUG o.s.d.j.repository.query.NamedQuery - Did not find named query Transaction.findByCountryCodeAndStatusAndTransactionDatetimeBetween.count
2026-09-19 14:16:49 [restartedMain] DEBUG o.s.d.j.repository.query.NamedQuery - Did not find named query Transaction.findHighValueTransactionsByAccountAndTimeRange.count
2026-09-19 14:16:49 [restartedMain] DEBUG o.s.d.j.repository.query.NamedQuery - Did not find named query Transaction.findByCountryCode.count
2026-09-19 14:16:49 [restartedMain] DEBUG o.s.d.j.repository.query.NamedQuery - Did not find named query Transaction.findByAccountIdAndStatus.count
2026-09-19 14:16:49 [restartedMain] DEBUG o.s.d.j.repository.query.NamedQuery - Did not find named query Transaction.findByIsHighRiskTrue.count
2026-09-19 14:16:49 [restartedMain] DEBUG o.s.d.j.repository.query.NamedQuery - Looking up named query 'HighRiskJurisdiction.existsByCountryCodeAndActive'
2026-09-19 14:16:49 [restartedMain] DEBUG o.s.d.j.repository.query.NamedQuery - Did not find named query HighRiskJurisdiction.existsByCountryCodeAndActive
2026-09-19 14:16:50 [restartedMain] DEBUG o.s.d.j.repository.query.NamedQuery - Did not find named query Account.findAccountsOpenedBetween.count
2026-09-19 14:16:50 [restartedMain] DEBUG o.s.d.j.repository.query.NamedQuery - Did not find named query Account.findActiveJointAccounts.count
2026-09-19 14:16:50 [restartedMain] DEBUG o.s.d.j.repository.query.NamedQuery - Did not find named query Account.findByAccountNumber.count
2026-09-19 14:16:50 [restartedMain] DEBUG o.s.d.j.repository.query.NamedQuery - Did not find named query Account.findByCustomerIdAndStatus.count
2026-09-19 14:16:50 [restartedMain] DEBUG o.s.d.j.repository.query.NamedQuery - Did not find named query Account.findByCustomerId.count
2026-09-19 14:16:50 [restartedMain] DEBUG o.s.d.j.repository.query.NamedQuery - Did not find named query Account.findByStatus.count
2026-09-19 14:16:50 [restartedMain] DEBUG o.s.d.j.repository.query.NamedQuery - Did not find named query Account.findActiveAccountsByCustomerId.count
2026-09-19 14:16:50 [restartedMain] DEBUG o.s.d.j.repository.query.NamedQuery - Did not find named query Account.findActiveAccountsWithMinBalance.count
2026-09-19 14:16:50 [restartedMain] DEBUG o.s.d.j.repository.query.NamedQuery - Did not find named query Account.findByIsActiveTrueAndCurrency.count
2026-09-19 14:16:50 [restartedMain] DEBUG o.s.d.j.repository.query.NamedQuery - Did not find named query Account.findActiveAccountsByCustomerAndCurrency.count
2026-09-19 14:16:50 [restartedMain] DEBUG o.s.d.j.repository.query.NamedQuery - Did not find named query Alert.findByCustomerId.count
2026-09-19 14:16:50 [restartedMain] DEBUG o.s.d.j.repository.query.NamedQuery - Did not find named query Alert.findByRuleCode.count
2026-09-19 14:16:50 [restartedMain] DEBUG o.s.d.j.repository.query.NamedQuery - Did not find named query Alert.findOpenAlertsByRuleCodeAndCustomer.count
2026-09-19 14:16:50 [restartedMain] DEBUG o.s.d.j.repository.query.NamedQuery - Did not find named query Alert.findOpenAlertsByCustomerId.count
2026-09-19 14:16:50 [restartedMain] DEBUG o.s.d.j.repository.query.NamedQuery - Did not find named query Alert.findAlertsByDateRange.count
2026-09-19 14:16:50 [restartedMain] DEBUG o.s.d.j.repository.query.NamedQuery - Did not find named query Alert.findByTransactionId.count
2026-09-19 14:16:50 [restartedMain] DEBUG o.s.d.j.repository.query.NamedQuery - Did not find named query Alert.findByAccountId.count
2026-09-19 14:16:50 [restartedMain] DEBUG o.s.d.j.repository.query.NamedQuery - Did not find named query Alert.findAlertsByRiskScoreAndTimeRange.count
2026-09-19 14:16:50 [restartedMain] DEBUG o.s.d.j.repository.query.NamedQuery - Did not find named query Alert.countOpenAlertsByCustomerId.count
2026-09-19 14:16:50 [restartedMain] DEBUG o.s.d.j.repository.query.NamedQuery - Did not find named query Alert.findOpenAlertsSortedByRiskScore.count
2026-09-19 14:16:50 [restartedMain] DEBUG o.s.d.j.repository.query.NamedQuery - Did not find named query Alert.findCriticalAlerts.count
2026-09-19 14:16:50 [restartedMain] DEBUG o.s.d.j.repository.query.NamedQuery - Did not find named query Alert.findByAlertStatus.count
2026-09-19 14:16:50 [restartedMain] DEBUG o.s.d.j.repository.query.NamedQuery - Did not find named query Alert.countOpenAlerts.count
2026-09-19 14:16:50 [restartedMain] DEBUG o.s.d.j.repository.query.NamedQuery - Did not find named query Alert.findByAlertStatusAndCreatedByOrderByTriggeredAtDesc.count
2026-09-19 14:16:50 [restartedMain] DEBUG o.s.w.s.m.m.a.RequestMappingHandlerMapping - 7 mappings in 'requestMappingHandlerMapping'
2026-09-19 14:16:50 [restartedMain] DEBUG o.s.w.s.h.SimpleUrlHandlerMapping - Patterns [/webjars/**, /**, /swagger-ui*/*swagger-initializer.js, /swagger-ui*/**] in 'resourceHandlerMapping'
2026-09-19 14:16:50 [restartedMain] DEBUG o.s.w.s.m.m.a.RequestMappingHandlerAdapter - ControllerAdvice beans: 0 @ModelAttribute, 0 @InitBinder, 2 RequestBodyAdvice, 1 ResponseBodyAdvice
2026-09-19 14:16:50 [restartedMain] DEBUG o.s.w.s.m.m.a.ExceptionHandlerExceptionResolver - ControllerAdvice beans: 1 @ExceptionHandler, 1 ResponseBodyAdvice
2026-09-19 14:16:50 [restartedMain] DEBUG o.s.d.j.repository.query.NamedQuery - Did not find named query Customer.findVerifiedCustomers.count
2026-09-19 14:16:50 [restartedMain] DEBUG o.s.d.j.repository.query.NamedQuery - Did not find named query Customer.findHighRiskCustomers.count
2026-09-19 14:16:50 [restartedMain] DEBUG o.s.d.j.repository.query.NamedQuery - Did not find named query Customer.findActiveCustomersByCountry.count
2026-09-19 14:16:50 [restartedMain] DEBUG o.s.d.j.repository.query.NamedQuery - Did not find named query Customer.findByPoliticallyExposedTrue.count
2026-09-19 14:16:50 [restartedMain] DEBUG o.s.d.j.repository.query.NamedQuery - Did not find named query Customer.findExposedHighRiskCustomers.count
2026-09-19 14:16:50 [restartedMain] DEBUG o.s.d.j.repository.query.NamedQuery - Did not find named query Customer.findByKycStatus.count
2026-09-19 14:16:50 [restartedMain] DEBUG o.s.d.j.repository.query.NamedQuery - Did not find named query Customer.findByRiskRating.count
2026-09-19 14:16:50 [restartedMain] DEBUG o.s.d.j.repository.query.NamedQuery - Did not find named query Customer.findByEmail.count
2026-09-19 14:16:50 [restartedMain] DEBUG o.s.d.j.repository.query.NamedQuery - Did not find named query Customer.findByPhone.count
2026-09-19 14:16:50 [restartedMain] DEBUG o.s.d.j.repository.query.NamedQuery - Did not find named query Customer.findByIsActiveTrueAndNumComplaintsGreaterThan.count
2026-09-19 14:16:50 [restartedMain] DEBUG o.s.d.j.repository.query.NamedQuery - Did not find named query AmlCase.findByCustomerId.count
2026-09-19 14:16:50 [restartedMain] DEBUG o.s.d.j.repository.query.NamedQuery - Did not find named query AmlCase.findByOpenedAtBetweenOrderByOpenedAtDesc.count
2026-09-19 14:16:50 [restartedMain] DEBUG o.s.d.j.repository.query.NamedQuery - Did not find named query AmlCase.findOpenCasesByCustomerId.count
2026-09-19 14:16:50 [restartedMain] DEBUG o.s.d.j.repository.query.NamedQuery - Did not find named query AmlCase.findUnassignedOpenCases.count
2026-09-19 14:16:50 [restartedMain] DEBUG o.s.d.j.repository.query.NamedQuery - Did not find named query AmlCase.countOpenCasesByCustomerId.count
2026-09-19 14:16:50 [restartedMain] DEBUG o.s.d.j.repository.query.NamedQuery - Did not find named query AmlCase.findClosedCasesByDateRange.count
2026-09-19 14:16:50 [restartedMain] DEBUG o.s.d.j.repository.query.NamedQuery - Did not find named query AmlCase.findHighSeverityCases.count
2026-09-19 14:16:50 [restartedMain] DEBUG o.s.d.j.repository.query.NamedQuery - Did not find named query AmlCase.findOpenCasesAssignedToAnalyst.count
2026-09-19 14:16:50 [restartedMain] DEBUG o.s.d.j.repository.query.NamedQuery - Did not find named query AmlCase.findOpenCasesSortedBySeverity.count
2026-09-19 14:16:50 [restartedMain] DEBUG o.s.d.j.repository.query.NamedQuery - Did not find named query AmlCase.countOpenCasesAssignedToAnalyst.count
2026-09-19 14:16:50 [restartedMain] DEBUG o.s.d.j.repository.query.NamedQuery - Did not find named query AmlCase.findByCaseStatus.count
2026-09-19 14:16:50 [restartedMain] DEBUG o.s.d.j.repository.query.NamedQuery - Did not find named query AmlCase.findBySeverity.count
2026-09-19 14:16:50 [restartedMain] DEBUG o.s.d.j.repository.query.NamedQuery - Did not find named query AmlCase.findByAssignedTo.count
2026-09-19 14:16:50 [restartedMain] DEBUG o.s.d.j.repository.query.NamedQuery - Did not find named query AmlCase.countOpenCases.count
2026-09-19 14:16:50 [restartedMain] INFO  o.s.boot.tomcat.TomcatWebServer - Tomcat started on port 8082 (http) with context path '/sentinel'
2026-09-19 14:16:50 [restartedMain] INFO  c.s.SentinelFlowApplication - Started SentinelFlowApplication in 5.888 seconds (process running for 6.546)
2026-09-19 14:17:33 [http-nio-8082-exec-1] INFO  o.a.c.c.C.[.[localhost].[/sentinel] - Initializing Spring DispatcherServlet 'dispatcherServlet'
2026-09-19 14:17:33 [http-nio-8082-exec-1] INFO  o.s.web.servlet.DispatcherServlet - Initializing Servlet 'dispatcherServlet'
2026-09-19 14:17:33 [http-nio-8082-exec-1] DEBUG o.s.web.servlet.DispatcherServlet - Detected StandardServletMultipartResolver
2026-09-19 14:17:33 [http-nio-8082-exec-1] DEBUG o.s.web.servlet.DispatcherServlet - Detected AcceptHeaderLocaleResolver
2026-09-19 14:17:33 [http-nio-8082-exec-1] DEBUG o.s.web.servlet.DispatcherServlet - Detected org.springframework.web.servlet.view.DefaultRequestToViewNameTranslator@59e2c422
2026-09-19 14:17:33 [http-nio-8082-exec-1] DEBUG o.s.web.servlet.DispatcherServlet - Detected org.springframework.web.servlet.support.SessionFlashMapManager@630f3e42
2026-09-19 14:17:33 [http-nio-8082-exec-1] DEBUG o.s.web.servlet.DispatcherServlet - enableLoggingRequestDetails='false': request parameters and headers will be masked to prevent unsafe logging of potentially sensitive data
2026-09-19 14:17:33 [http-nio-8082-exec-1] INFO  o.s.web.servlet.DispatcherServlet - Completed initialization in 2 ms
2026-09-19 14:17:33 [http-nio-8082-exec-1] DEBUG o.s.web.servlet.DispatcherServlet - POST "/sentinel/api/v1/transactions", parameters={}
2026-09-19 14:17:33 [http-nio-8082-exec-1] DEBUG o.s.w.s.m.m.a.RequestMappingHandlerMapping - Mapped to com.sentinelflow.controller.TransactionController#createTransaction(TransactionRequest)
2026-09-19 14:17:33 [http-nio-8082-exec-1] DEBUG o.s.w.s.m.m.a.RequestResponseBodyMethodProcessor - Read "application/json;charset=UTF-8" to [com.sentinelflow.dto.TransactionRequest@7791f544]
2026-09-19 14:17:33 [http-nio-8082-exec-1] DEBUG o.s.d.j.r.query.PartTreeJpaQuery - QueryPreparer: Derived query for query method [public abstract java.util.Optional com.sentinelflow.repositories.RuleConfigRepository.findByRuleCode(java.lang.String)]: 'SELECT r FROM RuleConfig r WHERE r.ruleCode = :ruleCode'
2026-09-19 14:17:33 [http-nio-8082-exec-1] DEBUG o.s.d.j.r.query.PartTreeJpaQuery - QueryPreparer: Derived query for query method [public abstract java.util.Optional com.sentinelflow.repositories.RuleConfigRepository.findByRuleCode(java.lang.String)]: 'SELECT r FROM RuleConfig r WHERE r.ruleCode = :ruleCode'
2026-09-19 14:17:33 [http-nio-8082-exec-1] DEBUG o.s.d.j.r.query.PartTreeJpaQuery - QueryPreparer: Derived query for query method [public abstract boolean com.sentinelflow.repositories.HighRiskJurisdictionRepository.existsByCountryCodeAndActive(java.lang.String,boolean)]: 'SELECT h.id FROM HighRiskJurisdiction h WHERE h.countryCode = :countryCode AND h.active = :active'
2026-09-19 14:17:33 [http-nio-8082-exec-1] DEBUG o.s.d.j.r.query.PartTreeJpaQuery - QueryPreparer: Derived query for query method [public abstract java.util.Optional com.sentinelflow.repositories.RuleConfigRepository.findByRuleCode(java.lang.String)]: 'SELECT r FROM RuleConfig r WHERE r.ruleCode = :ruleCode'
2026-09-19 14:17:33 [http-nio-8082-exec-1] DEBUG o.s.d.j.r.query.PartTreeJpaQuery - QueryPreparer: Derived query for query method [public abstract java.util.Optional com.sentinelflow.repositories.RuleConfigRepository.findByRuleCode(java.lang.String)]: 'SELECT r FROM RuleConfig r WHERE r.ruleCode = :ruleCode'
2026-09-19 14:17:33 [http-nio-8082-exec-1] DEBUG o.s.d.j.r.query.PartTreeJpaQuery - QueryPreparer: Derived query for query method [public abstract java.util.Optional com.sentinelflow.repositories.RuleConfigRepository.findByRuleCode(java.lang.String)]: 'SELECT r FROM RuleConfig r WHERE r.ruleCode = :ruleCode'
2026-09-19 14:17:33 [http-nio-8082-exec-1] DEBUG o.s.w.s.m.m.a.HttpEntityMethodProcessor - Using 'application/json', given [*/*] and supported [application/json, application/*+json, application/yaml]
2026-09-19 14:17:33 [http-nio-8082-exec-1] DEBUG o.s.w.s.m.m.a.HttpEntityMethodProcessor - Writing [com.sentinelflow.dto.TransactionResponse@3655db2c]
2026-09-19 14:17:33 [http-nio-8082-exec-1] DEBUG o.s.web.servlet.DispatcherServlet - Completed 200 OK
2026-09-19 14:19:01 [RMI TCP Connection(10)-127.0.0.1] INFO  o.s.b.a.SpringApplicationAdminMXBeanRegistrar$SpringApplicationAdmin - Application shutdown requested.
2026-09-19 14:19:01 [RMI TCP Connection(10)-127.0.0.1] INFO  o.s.boot.tomcat.GracefulShutdown - Commencing graceful shutdown. Waiting for active requests to complete
2026-09-19 14:19:01 [tomcat-shutdown] INFO  o.s.boot.tomcat.GracefulShutdown - Graceful shutdown complete
2026-09-19 14:19:01 [RMI TCP Connection(10)-127.0.0.1] INFO  o.s.o.j.LocalContainerEntityManagerFactoryBean - Closing JPA EntityManagerFactory for persistence unit 'default'
2026-09-19 14:19:01 [RMI TCP Connection(10)-127.0.0.1] INFO  com.zaxxer.hikari.HikariDataSource - HikariPool-1 - Shutdown initiated...
2026-09-19 14:19:01 [RMI TCP Connection(10)-127.0.0.1] INFO  com.zaxxer.hikari.HikariDataSource - HikariPool-1 - Shutdown completed.
2026-09-19 14:20:03 [restartedMain] INFO  c.s.SentinelFlowApplication - Starting SentinelFlowApplication using Java 22 with PID 9760 (D:\Java\SentinelFlow\target\classes started by hp in D:\Java\SentinelFlow)
2026-09-19 14:20:03 [restartedMain] DEBUG c.s.SentinelFlowApplication - Running with Spring Boot v4.1.1, Spring v7.0.9
2026-09-19 14:20:03 [restartedMain] INFO  c.s.SentinelFlowApplication - No active profile set, falling back to 1 default profile: "default"
2026-09-19 14:20:03 [restartedMain] INFO  o.s.b.d.e.DevToolsPropertyDefaultsPostProcessor - Devtools property defaults active! Set 'spring.devtools.add-properties' to 'false' to disable
2026-09-19 14:20:03 [restartedMain] INFO  o.s.b.d.e.DevToolsPropertyDefaultsPostProcessor - For additional web related logging consider setting the 'logging.level.web' property to 'DEBUG'
2026-09-19 14:20:04 [restartedMain] INFO  o.s.d.r.c.RepositoryConfigurationDelegate - Bootstrapping Spring Data JPA repositories in DEFAULT mode.
2026-09-19 14:20:04 [restartedMain] INFO  o.s.d.r.c.RepositoryConfigurationDelegate - Finished Spring Data repository scanning in 54 ms. Found 7 JPA repository interfaces.
2026-09-19 14:20:05 [restartedMain] INFO  o.s.boot.tomcat.TomcatWebServer - Tomcat initialized with port 8082 (http)
2026-09-19 14:20:05 [restartedMain] INFO  o.a.catalina.core.StandardService - Starting service [Tomcat]
2026-09-19 14:20:05 [restartedMain] INFO  o.a.catalina.core.StandardEngine - Starting Servlet engine: [Apache Tomcat/11.0.24]
2026-09-19 14:20:05 [restartedMain] INFO  o.s.b.w.c.s.WebApplicationContextInitializer - Root WebApplicationContext: initialization completed in 1529 ms
2026-09-19 14:20:05 [restartedMain] INFO  org.hibernate.orm.jpa - HHH008540: Processing PersistenceUnitInfo [name: default]
2026-09-19 14:20:05 [restartedMain] INFO  org.hibernate.orm.core - HHH000001: Hibernate ORM core version 7.4.5.Final
2026-09-19 14:20:05 [restartedMain] INFO  o.s.o.j.p.SpringPersistenceUnitInfo - No LoadTimeWeaver setup: ignoring JPA class transformer
2026-09-19 14:20:05 [restartedMain] INFO  com.zaxxer.hikari.HikariDataSource - HikariPool-1 - Starting...
2026-09-19 14:20:06 [restartedMain] INFO  com.zaxxer.hikari.pool.HikariPool - HikariPool-1 - Added connection org.postgresql.jdbc.PgConnection@21309f05
2026-09-19 14:20:06 [restartedMain] INFO  com.zaxxer.hikari.HikariDataSource - HikariPool-1 - Start completed.
2026-09-19 14:20:06 [restartedMain] INFO  o.hibernate.orm.connections.pooling - HHH10001005: Database info:
	Database JDBC URL [jdbc:postgresql://localhost:5433/AzentioHackthon]
	Database driver: PostgreSQL JDBC Driver
	Database dialect: PostgreSQLDialect
	Database version: 18.6
	Default catalog/schema: AzentioHackthon/public
	Autocommit mode: undefined/unknown
	Isolation level: READ_COMMITTED [default READ_COMMITTED]
	JDBC fetch size: none
	Pool: DataSourceConnectionProvider
	Minimum pool size: undefined/unknown
	Maximum pool size: undefined/unknown
2026-09-19 14:20:07 [restartedMain] INFO  org.hibernate.orm.core - HHH000489: No JTA platform available (set 'hibernate.transaction.jta.platform' to enable JTA platform integration)
2026-09-19 14:20:07 [restartedMain] INFO  org.hibernate.orm.jdbc.batch - HHH100501: Automatic JDBC statement batching enabled (maximum batch size 20)
2026-09-19 14:20:08 [restartedMain] INFO  o.s.o.j.LocalContainerEntityManagerFactoryBean - Initialized JPA EntityManagerFactory for persistence unit 'default'
2026-09-19 14:20:08 [restartedMain] DEBUG o.s.d.j.r.c.JpaMetamodelMappingContextFactoryBean - Initializing JpaMetamodelMappingContext…
2026-09-19 14:20:08 [restartedMain] DEBUG o.s.d.j.r.c.JpaMetamodelMappingContextFactoryBean - Finished initializing JpaMetamodelMappingContext
2026-09-19 14:20:08 [restartedMain] INFO  o.s.d.j.r.q.QueryEnhancerFactories - Hibernate is in classpath; If applicable, HQL parser will be used.
2026-09-19 14:20:08 [restartedMain] DEBUG o.s.d.j.repository.query.NamedQuery - Looking up named query 'RuleConfig.findByRuleCode'
2026-09-19 14:20:08 [restartedMain] DEBUG o.s.d.j.repository.query.NamedQuery - Did not find named query RuleConfig.findByRuleCode
2026-09-19 14:20:08 [restartedMain] DEBUG o.s.d.j.repository.query.NamedQuery - Did not find named query Transaction.findTransactionsByAccountAndTimeRange.count
2026-09-19 14:20:09 [restartedMain] DEBUG o.s.d.j.repository.query.NamedQuery - Did not find named query Transaction.calculateAccountTransactionTotalFor90Days.count
2026-09-19 14:20:09 [restartedMain] DEBUG o.s.d.j.repository.query.NamedQuery - Did not find named query Transaction.findHighValueTransactionsByAccountAndTimeRange.count
2026-09-19 14:20:09 [restartedMain] DEBUG o.s.d.j.repository.query.NamedQuery - Did not find named query Transaction.calculateAccountTransactionTotal.count
2026-09-19 14:20:09 [restartedMain] DEBUG o.s.d.j.repository.query.NamedQuery - Did not find named query Transaction.sumTransactionAmountByCustomerAndTimeRange.count
2026-09-19 14:20:09 [restartedMain] DEBUG o.s.d.j.repository.query.NamedQuery - Did not find named query Transaction.findTransactionsByAmountAndTimeRange.count
2026-09-19 14:20:09 [restartedMain] DEBUG o.s.d.j.repository.query.NamedQuery - Did not find named query Transaction.countTransactionsByAccountAndTimeRange.count
2026-09-19 14:20:09 [restartedMain] DEBUG o.s.d.j.repository.query.NamedQuery - Did not find named query Transaction.sumTransactionAmountByAccountAndTimeRange.count
2026-09-19 14:20:09 [restartedMain] DEBUG o.s.d.j.repository.query.NamedQuery - Did not find named query Transaction.findHighRiskTransactionsByChannel.count
2026-09-19 14:20:09 [restartedMain] DEBUG o.s.d.j.repository.query.NamedQuery - Did not find named query Transaction.findTransactionsByTypeAndTimeRange.count
2026-09-19 14:20:09 [restartedMain] DEBUG o.s.d.j.repository.query.NamedQuery - Did not find named query Transaction.findByCountryCodeAndStatusAndTransactionDatetimeBetween.count
2026-09-19 14:20:09 [restartedMain] DEBUG o.s.d.j.repository.query.NamedQuery - Did not find named query Transaction.findByAccountId.count
2026-09-19 14:20:09 [restartedMain] DEBUG o.s.d.j.repository.query.NamedQuery - Did not find named query Transaction.findByAccountIdAndStatus.count
2026-09-19 14:20:09 [restartedMain] DEBUG o.s.d.j.repository.query.NamedQuery - Did not find named query Transaction.findByIsHighRiskTrue.count
2026-09-19 14:20:09 [restartedMain] DEBUG o.s.d.j.repository.query.NamedQuery - Did not find named query Transaction.findByCountryCode.count
2026-09-19 14:20:09 [restartedMain] DEBUG o.s.d.j.repository.query.NamedQuery - Looking up named query 'HighRiskJurisdiction.existsByCountryCodeAndActive'
2026-09-19 14:20:09 [restartedMain] DEBUG o.s.d.j.repository.query.NamedQuery - Did not find named query HighRiskJurisdiction.existsByCountryCodeAndActive
2026-09-19 14:20:09 [restartedMain] DEBUG o.s.d.j.repository.query.NamedQuery - Did not find named query Account.findActiveAccountsByCustomerAndCurrency.count
2026-09-19 14:20:09 [restartedMain] DEBUG o.s.d.j.repository.query.NamedQuery - Did not find named query Account.findActiveAccountsByCustomerId.count
2026-09-19 14:20:09 [restartedMain] DEBUG o.s.d.j.repository.query.NamedQuery - Did not find named query Account.findByIsActiveTrueAndCurrency.count
2026-09-19 14:20:09 [restartedMain] DEBUG o.s.d.j.repository.query.NamedQuery - Did not find named query Account.findActiveAccountsWithMinBalance.count
2026-09-19 14:20:09 [restartedMain] DEBUG o.s.d.j.repository.query.NamedQuery - Did not find named query Account.findByAccountNumber.count
2026-09-19 14:20:09 [restartedMain] DEBUG o.s.d.j.repository.query.NamedQuery - Did not find named query Account.findAccountsOpenedBetween.count
2026-09-19 14:20:09 [restartedMain] DEBUG o.s.d.j.repository.query.NamedQuery - Did not find named query Account.findActiveJointAccounts.count
2026-09-19 14:20:09 [restartedMain] DEBUG o.s.d.j.repository.query.NamedQuery - Did not find named query Account.findByCustomerIdAndStatus.count
2026-09-19 14:20:09 [restartedMain] DEBUG o.s.d.j.repository.query.NamedQuery - Did not find named query Account.findByStatus.count
2026-09-19 14:20:09 [restartedMain] DEBUG o.s.d.j.repository.query.NamedQuery - Did not find named query Account.findByCustomerId.count
2026-09-19 14:20:09 [restartedMain] DEBUG o.s.d.j.repository.query.NamedQuery - Did not find named query Alert.findByRuleCode.count
2026-09-19 14:20:09 [restartedMain] DEBUG o.s.d.j.repository.query.NamedQuery - Did not find named query Alert.findOpenAlertsByRuleCodeAndCustomer.count
2026-09-19 14:20:09 [restartedMain] DEBUG o.s.d.j.repository.query.NamedQuery - Did not find named query Alert.findOpenAlertsSortedByRiskScore.count
2026-09-19 14:20:09 [restartedMain] DEBUG o.s.d.j.repository.query.NamedQuery - Did not find named query Alert.findAlertsByRiskScoreAndTimeRange.count
2026-09-19 14:20:09 [restartedMain] DEBUG o.s.d.j.repository.query.NamedQuery - Did not find named query Alert.countOpenAlertsByCustomerId.count
2026-09-19 14:20:09 [restartedMain] DEBUG o.s.d.j.repository.query.NamedQuery - Did not find named query Alert.findByAlertStatusAndCreatedByOrderByTriggeredAtDesc.count
2026-09-19 14:20:09 [restartedMain] DEBUG o.s.d.j.repository.query.NamedQuery - Did not find named query Alert.findByCustomerId.count
2026-09-19 14:20:09 [restartedMain] DEBUG o.s.d.j.repository.query.NamedQuery - Did not find named query Alert.findByAlertStatus.count
2026-09-19 14:20:09 [restartedMain] DEBUG o.s.d.j.repository.query.NamedQuery - Did not find named query Alert.findByAccountId.count
2026-09-19 14:20:09 [restartedMain] DEBUG o.s.d.j.repository.query.NamedQuery - Did not find named query Alert.countOpenAlerts.count
2026-09-19 14:20:09 [restartedMain] DEBUG o.s.d.j.repository.query.NamedQuery - Did not find named query Alert.findCriticalAlerts.count
2026-09-19 14:20:09 [restartedMain] DEBUG o.s.d.j.repository.query.NamedQuery - Did not find named query Alert.findByTransactionId.count
2026-09-19 14:20:09 [restartedMain] DEBUG o.s.d.j.repository.query.NamedQuery - Did not find named query Alert.findOpenAlertsByCustomerId.count
2026-09-19 14:20:09 [restartedMain] DEBUG o.s.d.j.repository.query.NamedQuery - Did not find named query Alert.findAlertsByDateRange.count
2026-09-19 14:20:10 [restartedMain] DEBUG o.s.w.s.m.m.a.RequestMappingHandlerMapping - 7 mappings in 'requestMappingHandlerMapping'
2026-09-19 14:20:10 [restartedMain] DEBUG o.s.w.s.h.SimpleUrlHandlerMapping - Patterns [/webjars/**, /**, /swagger-ui*/*swagger-initializer.js, /swagger-ui*/**] in 'resourceHandlerMapping'
2026-09-19 14:20:10 [restartedMain] DEBUG o.s.w.s.m.m.a.RequestMappingHandlerAdapter - ControllerAdvice beans: 0 @ModelAttribute, 0 @InitBinder, 2 RequestBodyAdvice, 1 ResponseBodyAdvice
2026-09-19 14:20:10 [restartedMain] DEBUG o.s.w.s.m.m.a.ExceptionHandlerExceptionResolver - ControllerAdvice beans: 1 @ExceptionHandler, 1 ResponseBodyAdvice
2026-09-19 14:20:10 [restartedMain] DEBUG o.s.d.j.repository.query.NamedQuery - Did not find named query AmlCase.findByOpenedAtBetweenOrderByOpenedAtDesc.count
2026-09-19 14:20:10 [restartedMain] DEBUG o.s.d.j.repository.query.NamedQuery - Did not find named query AmlCase.countOpenCasesAssignedToAnalyst.count
2026-09-19 14:20:10 [restartedMain] DEBUG o.s.d.j.repository.query.NamedQuery - Did not find named query AmlCase.findOpenCasesSortedBySeverity.count
2026-09-19 14:20:10 [restartedMain] DEBUG o.s.d.j.repository.query.NamedQuery - Did not find named query AmlCase.findOpenCasesAssignedToAnalyst.count
2026-09-19 14:20:10 [restartedMain] DEBUG o.s.d.j.repository.query.NamedQuery - Did not find named query AmlCase.findByCustomerId.count
2026-09-19 14:20:10 [restartedMain] DEBUG o.s.d.j.repository.query.NamedQuery - Did not find named query AmlCase.findByCaseStatus.count
2026-09-19 14:20:10 [restartedMain] DEBUG o.s.d.j.repository.query.NamedQuery - Did not find named query AmlCase.findBySeverity.count
2026-09-19 14:20:10 [restartedMain] DEBUG o.s.d.j.repository.query.NamedQuery - Did not find named query AmlCase.findByAssignedTo.count
2026-09-19 14:20:10 [restartedMain] DEBUG o.s.d.j.repository.query.NamedQuery - Did not find named query AmlCase.countOpenCases.count
2026-09-19 14:20:10 [restartedMain] DEBUG o.s.d.j.repository.query.NamedQuery - Did not find named query AmlCase.findOpenCasesByCustomerId.count
2026-09-19 14:20:10 [restartedMain] DEBUG o.s.d.j.repository.query.NamedQuery - Did not find named query AmlCase.findHighSeverityCases.count
2026-09-19 14:20:10 [restartedMain] DEBUG o.s.d.j.repository.query.NamedQuery - Did not find named query AmlCase.countOpenCasesByCustomerId.count
2026-09-19 14:20:10 [restartedMain] DEBUG o.s.d.j.repository.query.NamedQuery - Did not find named query AmlCase.findUnassignedOpenCases.count
2026-09-19 14:20:10 [restartedMain] DEBUG o.s.d.j.repository.query.NamedQuery - Did not find named query AmlCase.findClosedCasesByDateRange.count
2026-09-19 14:20:10 [restartedMain] DEBUG o.s.d.j.repository.query.NamedQuery - Did not find named query Customer.findByIsActiveTrueAndNumComplaintsGreaterThan.count
2026-09-19 14:20:10 [restartedMain] DEBUG o.s.d.j.repository.query.NamedQuery - Did not find named query Customer.findActiveCustomersByCountry.count
2026-09-19 14:20:10 [restartedMain] DEBUG o.s.d.j.repository.query.NamedQuery - Did not find named query Customer.findExposedHighRiskCustomers.count
2026-09-19 14:20:10 [restartedMain] DEBUG o.s.d.j.repository.query.NamedQuery - Did not find named query Customer.findByPoliticallyExposedTrue.count
2026-09-19 14:20:10 [restartedMain] DEBUG o.s.d.j.repository.query.NamedQuery - Did not find named query Customer.findByEmail.count
2026-09-19 14:20:10 [restartedMain] DEBUG o.s.d.j.repository.query.NamedQuery - Did not find named query Customer.findByPhone.count
2026-09-19 14:20:10 [restartedMain] DEBUG o.s.d.j.repository.query.NamedQuery - Did not find named query Customer.findByRiskRating.count
2026-09-19 14:20:10 [restartedMain] DEBUG o.s.d.j.repository.query.NamedQuery - Did not find named query Customer.findByKycStatus.count
2026-09-19 14:20:10 [restartedMain] DEBUG o.s.d.j.repository.query.NamedQuery - Did not find named query Customer.findHighRiskCustomers.count
2026-09-19 14:20:10 [restartedMain] DEBUG o.s.d.j.repository.query.NamedQuery - Did not find named query Customer.findVerifiedCustomers.count
2026-09-19 14:20:10 [restartedMain] INFO  o.s.boot.tomcat.TomcatWebServer - Tomcat started on port 8082 (http) with context path '/sentinel'
2026-09-19 14:20:10 [restartedMain] INFO  c.s.SentinelFlowApplication - Started SentinelFlowApplication in 7.91 seconds (process running for 9.014)
2026-09-19 14:20:15 [http-nio-8082-exec-1] INFO  o.a.c.c.C.[.[localhost].[/sentinel] - Initializing Spring DispatcherServlet 'dispatcherServlet'
2026-09-19 14:20:15 [http-nio-8082-exec-1] INFO  o.s.web.servlet.DispatcherServlet - Initializing Servlet 'dispatcherServlet'
2026-09-19 14:20:15 [http-nio-8082-exec-1] DEBUG o.s.web.servlet.DispatcherServlet - Detected StandardServletMultipartResolver
2026-09-19 14:20:15 [http-nio-8082-exec-1] DEBUG o.s.web.servlet.DispatcherServlet - Detected AcceptHeaderLocaleResolver
2026-09-19 14:20:15 [http-nio-8082-exec-1] DEBUG o.s.web.servlet.DispatcherServlet - Detected org.springframework.web.servlet.view.DefaultRequestToViewNameTranslator@2d42cf94
2026-09-19 14:20:15 [http-nio-8082-exec-1] DEBUG o.s.web.servlet.DispatcherServlet - Detected org.springframework.web.servlet.support.SessionFlashMapManager@5753bfb3
2026-09-19 14:20:15 [http-nio-8082-exec-1] DEBUG o.s.web.servlet.DispatcherServlet - enableLoggingRequestDetails='false': request parameters and headers will be masked to prevent unsafe logging of potentially sensitive data
2026-09-19 14:20:15 [http-nio-8082-exec-1] INFO  o.s.web.servlet.DispatcherServlet - Completed initialization in 0 ms
2026-09-19 14:20:15 [http-nio-8082-exec-1] DEBUG o.s.web.servlet.DispatcherServlet - POST "/sentinel/api/v1/transactions", parameters={}
2026-09-19 14:20:15 [http-nio-8082-exec-1] DEBUG o.s.w.s.m.m.a.RequestMappingHandlerMapping - Mapped to com.sentinelflow.controller.TransactionController#createTransaction(TransactionRequest)
2026-09-19 14:20:15 [http-nio-8082-exec-1] DEBUG o.s.w.s.m.m.a.RequestResponseBodyMethodProcessor - Read "application/json;charset=UTF-8" to [com.sentinelflow.dto.TransactionRequest@3cf7d878]
2026-09-19 14:20:15 [http-nio-8082-exec-1] DEBUG o.s.d.j.r.query.PartTreeJpaQuery - QueryPreparer: Derived query for query method [public abstract java.util.Optional com.sentinelflow.repositories.RuleConfigRepository.findByRuleCode(java.lang.String)]: 'SELECT r FROM RuleConfig r WHERE r.ruleCode = :ruleCode'
2026-09-19 14:20:15 [http-nio-8082-exec-1] DEBUG o.s.d.j.r.query.PartTreeJpaQuery - QueryPreparer: Derived query for query method [public abstract java.util.Optional com.sentinelflow.repositories.RuleConfigRepository.findByRuleCode(java.lang.String)]: 'SELECT r FROM RuleConfig r WHERE r.ruleCode = :ruleCode'
2026-09-19 14:20:15 [http-nio-8082-exec-1] DEBUG o.s.d.j.r.query.PartTreeJpaQuery - QueryPreparer: Derived query for query method [public abstract boolean com.sentinelflow.repositories.HighRiskJurisdictionRepository.existsByCountryCodeAndActive(java.lang.String,boolean)]: 'SELECT h.id FROM HighRiskJurisdiction h WHERE h.countryCode = :countryCode AND h.active = :active'
2026-09-19 14:20:15 [http-nio-8082-exec-1] DEBUG o.s.d.j.r.query.PartTreeJpaQuery - QueryPreparer: Derived query for query method [public abstract java.util.Optional com.sentinelflow.repositories.RuleConfigRepository.findByRuleCode(java.lang.String)]: 'SELECT r FROM RuleConfig r WHERE r.ruleCode = :ruleCode'
2026-09-19 14:20:15 [http-nio-8082-exec-1] DEBUG o.s.d.j.r.query.PartTreeJpaQuery - QueryPreparer: Derived query for query method [public abstract java.util.Optional com.sentinelflow.repositories.RuleConfigRepository.findByRuleCode(java.lang.String)]: 'SELECT r FROM RuleConfig r WHERE r.ruleCode = :ruleCode'
2026-09-19 14:20:15 [http-nio-8082-exec-1] DEBUG o.s.d.j.r.query.PartTreeJpaQuery - QueryPreparer: Derived query for query method [public abstract java.util.Optional com.sentinelflow.repositories.RuleConfigRepository.findByRuleCode(java.lang.String)]: 'SELECT r FROM RuleConfig r WHERE r.ruleCode = :ruleCode'
2026-09-19 14:20:15 [http-nio-8082-exec-1] DEBUG o.s.w.s.m.m.a.HttpEntityMethodProcessor - Using 'application/json', given [*/*] and supported [application/json, application/*+json, application/yaml]
2026-09-19 14:20:15 [http-nio-8082-exec-1] DEBUG o.s.w.s.m.m.a.HttpEntityMethodProcessor - Writing [com.sentinelflow.dto.TransactionResponse@4c9e132]
2026-09-19 14:20:15 [http-nio-8082-exec-1] DEBUG o.s.web.servlet.DispatcherServlet - Completed 200 OK
2026-09-19 14:24:32 [http-nio-8082-exec-3] DEBUG o.s.web.servlet.DispatcherServlet - POST "/sentinel/api/v1/transactions", parameters={}
2026-09-19 14:24:32 [http-nio-8082-exec-3] DEBUG o.s.w.s.m.m.a.RequestMappingHandlerMapping - Mapped to com.sentinelflow.controller.TransactionController#createTransaction(TransactionRequest)
2026-09-19 14:24:32 [http-nio-8082-exec-3] DEBUG o.s.w.s.m.m.a.RequestResponseBodyMethodProcessor - Read "application/json;charset=UTF-8" to [com.sentinelflow.dto.TransactionRequest@7e6404d8]
2026-09-19 14:24:32 [http-nio-8082-exec-3] DEBUG o.s.d.j.r.query.PartTreeJpaQuery - QueryPreparer: Derived query for query method [public abstract java.util.Optional com.sentinelflow.repositories.RuleConfigRepository.findByRuleCode(java.lang.String)]: 'SELECT r FROM RuleConfig r WHERE r.ruleCode = :ruleCode'
2026-09-19 14:24:32 [http-nio-8082-exec-3] DEBUG o.s.d.j.r.query.PartTreeJpaQuery - QueryPreparer: Derived query for query method [public abstract java.util.Optional com.sentinelflow.repositories.RuleConfigRepository.findByRuleCode(java.lang.String)]: 'SELECT r FROM RuleConfig r WHERE r.ruleCode = :ruleCode'
2026-09-19 14:24:32 [http-nio-8082-exec-3] DEBUG o.s.d.j.r.query.PartTreeJpaQuery - QueryPreparer: Derived query for query method [public abstract boolean com.sentinelflow.repositories.HighRiskJurisdictionRepository.existsByCountryCodeAndActive(java.lang.String,boolean)]: 'SELECT h.id FROM HighRiskJurisdiction h WHERE h.countryCode = :countryCode AND h.active = :active'
2026-09-19 14:24:32 [http-nio-8082-exec-3] DEBUG o.s.d.j.r.query.PartTreeJpaQuery - QueryPreparer: Derived query for query method [public abstract java.util.Optional com.sentinelflow.repositories.RuleConfigRepository.findByRuleCode(java.lang.String)]: 'SELECT r FROM RuleConfig r WHERE r.ruleCode = :ruleCode'
2026-09-19 14:24:32 [http-nio-8082-exec-3] DEBUG o.s.d.j.r.query.PartTreeJpaQuery - QueryPreparer: Derived query for query method [public abstract java.util.Optional com.sentinelflow.repositories.RuleConfigRepository.findByRuleCode(java.lang.String)]: 'SELECT r FROM RuleConfig r WHERE r.ruleCode = :ruleCode'
2026-09-19 14:24:32 [http-nio-8082-exec-3] DEBUG o.s.d.j.r.query.PartTreeJpaQuery - QueryPreparer: Derived query for query method [public abstract java.util.Optional com.sentinelflow.repositories.RuleConfigRepository.findByRuleCode(java.lang.String)]: 'SELECT r FROM RuleConfig r WHERE r.ruleCode = :ruleCode'
2026-09-19 14:24:32 [http-nio-8082-exec-3] DEBUG o.s.w.s.m.m.a.HttpEntityMethodProcessor - Using 'application/json', given [*/*] and supported [application/json, application/*+json, application/yaml]
2026-09-19 14:24:32 [http-nio-8082-exec-3] DEBUG o.s.w.s.m.m.a.HttpEntityMethodProcessor - Writing [com.sentinelflow.dto.TransactionResponse@5660ce3a]
2026-09-19 14:24:32 [http-nio-8082-exec-3] DEBUG o.s.web.servlet.DispatcherServlet - Completed 200 OK
2026-09-19 14:24:41 [http-nio-8082-exec-4] DEBUG o.s.web.servlet.DispatcherServlet - POST "/sentinel/api/v1/transactions", parameters={}
2026-09-19 14:24:41 [http-nio-8082-exec-4] DEBUG o.s.w.s.m.m.a.RequestMappingHandlerMapping - Mapped to com.sentinelflow.controller.TransactionController#createTransaction(TransactionRequest)
2026-09-19 14:24:41 [http-nio-8082-exec-4] DEBUG o.s.w.s.m.m.a.RequestResponseBodyMethodProcessor - Read "application/json;charset=UTF-8" to [com.sentinelflow.dto.TransactionRequest@5e502cb7]
2026-09-19 14:24:41 [http-nio-8082-exec-4] DEBUG o.s.d.j.r.query.PartTreeJpaQuery - QueryPreparer: Derived query for query method [public abstract java.util.Optional com.sentinelflow.repositories.RuleConfigRepository.findByRuleCode(java.lang.String)]: 'SELECT r FROM RuleConfig r WHERE r.ruleCode = :ruleCode'
2026-09-19 14:24:41 [http-nio-8082-exec-4] DEBUG o.s.d.j.r.query.PartTreeJpaQuery - QueryPreparer: Derived query for query method [public abstract java.util.Optional com.sentinelflow.repositories.RuleConfigRepository.findByRuleCode(java.lang.String)]: 'SELECT r FROM RuleConfig r WHERE r.ruleCode = :ruleCode'
2026-09-19 14:24:41 [http-nio-8082-exec-4] DEBUG o.s.d.j.r.query.PartTreeJpaQuery - QueryPreparer: Derived query for query method [public abstract boolean com.sentinelflow.repositories.HighRiskJurisdictionRepository.existsByCountryCodeAndActive(java.lang.String,boolean)]: 'SELECT h.id FROM HighRiskJurisdiction h WHERE h.countryCode = :countryCode AND h.active = :active'
2026-09-19 14:24:41 [http-nio-8082-exec-4] DEBUG o.s.d.j.r.query.PartTreeJpaQuery - QueryPreparer: Derived query for query method [public abstract java.util.Optional com.sentinelflow.repositories.RuleConfigRepository.findByRuleCode(java.lang.String)]: 'SELECT r FROM RuleConfig r WHERE r.ruleCode = :ruleCode'
2026-09-19 14:24:41 [http-nio-8082-exec-4] DEBUG o.s.d.j.r.query.PartTreeJpaQuery - QueryPreparer: Derived query for query method [public abstract java.util.Optional com.sentinelflow.repositories.RuleConfigRepository.findByRuleCode(java.lang.String)]: 'SELECT r FROM RuleConfig r WHERE r.ruleCode = :ruleCode'
2026-09-19 14:24:41 [http-nio-8082-exec-4] DEBUG o.s.d.j.r.query.PartTreeJpaQuery - QueryPreparer: Derived query for query method [public abstract java.util.Optional com.sentinelflow.repositories.RuleConfigRepository.findByRuleCode(java.lang.String)]: 'SELECT r FROM RuleConfig r WHERE r.ruleCode = :ruleCode'
2026-09-19 14:24:41 [http-nio-8082-exec-4] DEBUG o.s.w.s.m.m.a.HttpEntityMethodProcessor - Using 'application/json', given [*/*] and supported [application/json, application/*+json, application/yaml]
2026-09-19 14:24:41 [http-nio-8082-exec-4] DEBUG o.s.w.s.m.m.a.HttpEntityMethodProcessor - Writing [com.sentinelflow.dto.TransactionResponse@1695b817]
2026-09-19 14:24:41 [http-nio-8082-exec-4] DEBUG o.s.web.servlet.DispatcherServlet - Completed 200 OK
2026-09-19 14:25:00 [http-nio-8082-exec-5] DEBUG o.s.web.servlet.DispatcherServlet - POST "/sentinel/api/v1/transactions", parameters={}
2026-09-19 14:25:00 [http-nio-8082-exec-5] DEBUG o.s.w.s.m.m.a.RequestMappingHandlerMapping - Mapped to com.sentinelflow.controller.TransactionController#createTransaction(TransactionRequest)
2026-09-19 14:25:00 [http-nio-8082-exec-5] DEBUG o.s.w.s.m.m.a.RequestResponseBodyMethodProcessor - Read "application/json;charset=UTF-8" to [com.sentinelflow.dto.TransactionRequest@5ad12f6c]
2026-09-19 14:25:00 [http-nio-8082-exec-5] DEBUG o.s.d.j.r.query.PartTreeJpaQuery - QueryPreparer: Derived query for query method [public abstract java.util.Optional com.sentinelflow.repositories.RuleConfigRepository.findByRuleCode(java.lang.String)]: 'SELECT r FROM RuleConfig r WHERE r.ruleCode = :ruleCode'
2026-09-19 14:25:00 [http-nio-8082-exec-5] DEBUG o.s.d.j.r.query.PartTreeJpaQuery - QueryPreparer: Derived query for query method [public abstract java.util.Optional com.sentinelflow.repositories.RuleConfigRepository.findByRuleCode(java.lang.String)]: 'SELECT r FROM RuleConfig r WHERE r.ruleCode = :ruleCode'
2026-09-19 14:25:00 [http-nio-8082-exec-5] DEBUG o.s.d.j.r.query.PartTreeJpaQuery - QueryPreparer: Derived query for query method [public abstract boolean com.sentinelflow.repositories.HighRiskJurisdictionRepository.existsByCountryCodeAndActive(java.lang.String,boolean)]: 'SELECT h.id FROM HighRiskJurisdiction h WHERE h.countryCode = :countryCode AND h.active = :active'
2026-09-19 14:25:00 [http-nio-8082-exec-5] DEBUG o.s.d.j.r.query.PartTreeJpaQuery - QueryPreparer: Derived query for query method [public abstract java.util.Optional com.sentinelflow.repositories.RuleConfigRepository.findByRuleCode(java.lang.String)]: 'SELECT r FROM RuleConfig r WHERE r.ruleCode = :ruleCode'
2026-09-19 14:25:00 [http-nio-8082-exec-5] DEBUG o.s.d.j.r.query.PartTreeJpaQuery - QueryPreparer: Derived query for query method [public abstract java.util.Optional com.sentinelflow.repositories.RuleConfigRepository.findByRuleCode(java.lang.String)]: 'SELECT r FROM RuleConfig r WHERE r.ruleCode = :ruleCode'
2026-09-19 14:25:00 [http-nio-8082-exec-5] DEBUG o.s.d.j.r.query.PartTreeJpaQuery - QueryPreparer: Derived query for query method [public abstract java.util.Optional com.sentinelflow.repositories.RuleConfigRepository.findByRuleCode(java.lang.String)]: 'SELECT r FROM RuleConfig r WHERE r.ruleCode = :ruleCode'
2026-09-19 14:25:00 [http-nio-8082-exec-5] DEBUG o.s.w.s.m.m.a.HttpEntityMethodProcessor - Using 'application/json', given [*/*] and supported [application/json, application/*+json, application/yaml]
2026-09-19 14:25:00 [http-nio-8082-exec-5] DEBUG o.s.w.s.m.m.a.HttpEntityMethodProcessor - Writing [com.sentinelflow.dto.TransactionResponse@7f7dbbb8]
2026-09-19 14:25:00 [http-nio-8082-exec-5] DEBUG o.s.web.servlet.DispatcherServlet - Completed 200 OK
2026-09-19 14:27:46 [http-nio-8082-exec-7] DEBUG o.s.web.servlet.DispatcherServlet - POST "/sentinel/api/v1/transactions", parameters={}
2026-09-19 14:27:46 [http-nio-8082-exec-7] DEBUG o.s.w.s.m.m.a.RequestMappingHandlerMapping - Mapped to com.sentinelflow.controller.TransactionController#createTransaction(TransactionRequest)
2026-09-19 14:27:46 [http-nio-8082-exec-7] DEBUG o.s.w.s.m.m.a.RequestResponseBodyMethodProcessor - Read "application/json;charset=UTF-8" to [com.sentinelflow.dto.TransactionRequest@73bc41b3]
2026-09-19 14:27:46 [http-nio-8082-exec-7] DEBUG o.s.d.j.r.query.PartTreeJpaQuery - QueryPreparer: Derived query for query method [public abstract java.util.Optional com.sentinelflow.repositories.RuleConfigRepository.findByRuleCode(java.lang.String)]: 'SELECT r FROM RuleConfig r WHERE r.ruleCode = :ruleCode'
2026-09-19 14:27:46 [http-nio-8082-exec-7] DEBUG o.s.d.j.r.query.PartTreeJpaQuery - QueryPreparer: Derived query for query method [public abstract java.util.Optional com.sentinelflow.repositories.RuleConfigRepository.findByRuleCode(java.lang.String)]: 'SELECT r FROM RuleConfig r WHERE r.ruleCode = :ruleCode'
2026-09-19 14:27:46 [http-nio-8082-exec-7] DEBUG o.s.d.j.r.query.PartTreeJpaQuery - QueryPreparer: Derived query for query method [public abstract boolean com.sentinelflow.repositories.HighRiskJurisdictionRepository.existsByCountryCodeAndActive(java.lang.String,boolean)]: 'SELECT h.id FROM HighRiskJurisdiction h WHERE h.countryCode = :countryCode AND h.active = :active'
2026-09-19 14:27:46 [http-nio-8082-exec-7] DEBUG o.s.d.j.r.query.PartTreeJpaQuery - QueryPreparer: Derived query for query method [public abstract java.util.Optional com.sentinelflow.repositories.RuleConfigRepository.findByRuleCode(java.lang.String)]: 'SELECT r FROM RuleConfig r WHERE r.ruleCode = :ruleCode'
2026-09-19 14:27:46 [http-nio-8082-exec-7] DEBUG o.s.d.j.r.query.PartTreeJpaQuery - QueryPreparer: Derived query for query method [public abstract java.util.Optional com.sentinelflow.repositories.RuleConfigRepository.findByRuleCode(java.lang.String)]: 'SELECT r FROM RuleConfig r WHERE r.ruleCode = :ruleCode'
2026-09-19 14:27:46 [http-nio-8082-exec-7] DEBUG o.s.d.j.r.query.PartTreeJpaQuery - QueryPreparer: Derived query for query method [public abstract java.util.Optional com.sentinelflow.repositories.RuleConfigRepository.findByRuleCode(java.lang.String)]: 'SELECT r FROM RuleConfig r WHERE r.ruleCode = :ruleCode'
2026-09-19 14:27:46 [http-nio-8082-exec-7] DEBUG o.s.w.s.m.m.a.HttpEntityMethodProcessor - Using 'application/json', given [*/*] and supported [application/json, application/*+json, application/yaml]
2026-09-19 14:27:46 [http-nio-8082-exec-7] DEBUG o.s.w.s.m.m.a.HttpEntityMethodProcessor - Writing [com.sentinelflow.dto.TransactionResponse@36e327e8]
2026-09-19 14:27:46 [http-nio-8082-exec-7] DEBUG o.s.web.servlet.DispatcherServlet - Completed 200 OK
2026-09-19 14:27:53 [http-nio-8082-exec-8] DEBUG o.s.web.servlet.DispatcherServlet - POST "/sentinel/api/v1/transactions", parameters={}
2026-09-19 14:27:53 [http-nio-8082-exec-8] DEBUG o.s.w.s.m.m.a.RequestMappingHandlerMapping - Mapped to com.sentinelflow.controller.TransactionController#createTransaction(TransactionRequest)
2026-09-19 14:27:53 [http-nio-8082-exec-8] DEBUG o.s.w.s.m.m.a.RequestResponseBodyMethodProcessor - Read "application/json;charset=UTF-8" to [com.sentinelflow.dto.TransactionRequest@304a246f]
2026-09-19 14:27:53 [http-nio-8082-exec-8] DEBUG o.s.d.j.r.query.PartTreeJpaQuery - QueryPreparer: Derived query for query method [public abstract java.util.Optional com.sentinelflow.repositories.RuleConfigRepository.findByRuleCode(java.lang.String)]: 'SELECT r FROM RuleConfig r WHERE r.ruleCode = :ruleCode'
2026-09-19 14:27:53 [http-nio-8082-exec-8] DEBUG o.s.d.j.r.query.PartTreeJpaQuery - QueryPreparer: Derived query for query method [public abstract java.util.Optional com.sentinelflow.repositories.RuleConfigRepository.findByRuleCode(java.lang.String)]: 'SELECT r FROM RuleConfig r WHERE r.ruleCode = :ruleCode'
2026-09-19 14:27:53 [http-nio-8082-exec-8] DEBUG o.s.d.j.r.query.PartTreeJpaQuery - QueryPreparer: Derived query for query method [public abstract boolean com.sentinelflow.repositories.HighRiskJurisdictionRepository.existsByCountryCodeAndActive(java.lang.String,boolean)]: 'SELECT h.id FROM HighRiskJurisdiction h WHERE h.countryCode = :countryCode AND h.active = :active'
2026-09-19 14:27:53 [http-nio-8082-exec-8] DEBUG o.s.d.j.r.query.PartTreeJpaQuery - QueryPreparer: Derived query for query method [public abstract java.util.Optional com.sentinelflow.repositories.RuleConfigRepository.findByRuleCode(java.lang.String)]: 'SELECT r FROM RuleConfig r WHERE r.ruleCode = :ruleCode'
2026-09-19 14:27:53 [http-nio-8082-exec-8] DEBUG o.s.d.j.r.query.PartTreeJpaQuery - QueryPreparer: Derived query for query method [public abstract java.util.Optional com.sentinelflow.repositories.RuleConfigRepository.findByRuleCode(java.lang.String)]: 'SELECT r FROM RuleConfig r WHERE r.ruleCode = :ruleCode'
2026-09-19 14:27:53 [http-nio-8082-exec-8] DEBUG o.s.d.j.r.query.PartTreeJpaQuery - QueryPreparer: Derived query for query method [public abstract java.util.Optional com.sentinelflow.repositories.RuleConfigRepository.findByRuleCode(java.lang.String)]: 'SELECT r FROM RuleConfig r WHERE r.ruleCode = :ruleCode'
2026-09-19 14:27:53 [http-nio-8082-exec-8] DEBUG o.s.w.s.m.m.a.HttpEntityMethodProcessor - Using 'application/json', given [*/*] and supported [application/json, application/*+json, application/yaml]
2026-09-19 14:27:53 [http-nio-8082-exec-8] DEBUG o.s.w.s.m.m.a.HttpEntityMethodProcessor - Writing [com.sentinelflow.dto.TransactionResponse@73940ac9]
2026-09-19 14:27:53 [http-nio-8082-exec-8] DEBUG o.s.web.servlet.DispatcherServlet - Completed 200 OK
2026-09-19 14:27:56 [http-nio-8082-exec-9] DEBUG o.s.web.servlet.DispatcherServlet - POST "/sentinel/api/v1/transactions", parameters={}
2026-09-19 14:27:56 [http-nio-8082-exec-9] DEBUG o.s.w.s.m.m.a.RequestMappingHandlerMapping - Mapped to com.sentinelflow.controller.TransactionController#createTransaction(TransactionRequest)
2026-09-19 14:27:56 [http-nio-8082-exec-9] DEBUG o.s.w.s.m.m.a.RequestResponseBodyMethodProcessor - Read "application/json;charset=UTF-8" to [com.sentinelflow.dto.TransactionRequest@471ddeb6]
2026-09-19 14:27:56 [http-nio-8082-exec-9] DEBUG o.s.d.j.r.query.PartTreeJpaQuery - QueryPreparer: Derived query for query method [public abstract java.util.Optional com.sentinelflow.repositories.RuleConfigRepository.findByRuleCode(java.lang.String)]: 'SELECT r FROM RuleConfig r WHERE r.ruleCode = :ruleCode'
2026-09-19 14:27:56 [http-nio-8082-exec-9] DEBUG o.s.d.j.r.query.PartTreeJpaQuery - QueryPreparer: Derived query for query method [public abstract java.util.Optional com.sentinelflow.repositories.RuleConfigRepository.findByRuleCode(java.lang.String)]: 'SELECT r FROM RuleConfig r WHERE r.ruleCode = :ruleCode'
2026-09-19 14:27:56 [http-nio-8082-exec-9] DEBUG o.s.d.j.r.query.PartTreeJpaQuery - QueryPreparer: Derived query for query method [public abstract boolean com.sentinelflow.repositories.HighRiskJurisdictionRepository.existsByCountryCodeAndActive(java.lang.String,boolean)]: 'SELECT h.id FROM HighRiskJurisdiction h WHERE h.countryCode = :countryCode AND h.active = :active'
2026-09-19 14:27:56 [http-nio-8082-exec-9] DEBUG o.s.d.j.r.query.PartTreeJpaQuery - QueryPreparer: Derived query for query method [public abstract java.util.Optional com.sentinelflow.repositories.RuleConfigRepository.findByRuleCode(java.lang.String)]: 'SELECT r FROM RuleConfig r WHERE r.ruleCode = :ruleCode'
2026-09-19 14:27:56 [http-nio-8082-exec-9] DEBUG o.s.d.j.r.query.PartTreeJpaQuery - QueryPreparer: Derived query for query method [public abstract java.util.Optional com.sentinelflow.repositories.RuleConfigRepository.findByRuleCode(java.lang.String)]: 'SELECT r FROM RuleConfig r WHERE r.ruleCode = :ruleCode'
2026-09-19 14:27:56 [http-nio-8082-exec-9] DEBUG o.s.d.j.r.query.PartTreeJpaQuery - QueryPreparer: Derived query for query method [public abstract java.util.Optional com.sentinelflow.repositories.RuleConfigRepository.findByRuleCode(java.lang.String)]: 'SELECT r FROM RuleConfig r WHERE r.ruleCode = :ruleCode'
2026-09-19 14:27:56 [http-nio-8082-exec-9] DEBUG o.s.w.s.m.m.a.HttpEntityMethodProcessor - Using 'application/json', given [*/*] and supported [application/json, application/*+json, application/yaml]
2026-09-19 14:27:56 [http-nio-8082-exec-9] DEBUG o.s.w.s.m.m.a.HttpEntityMethodProcessor - Writing [com.sentinelflow.dto.TransactionResponse@5c11a607]
2026-09-19 14:27:56 [http-nio-8082-exec-9] DEBUG o.s.web.servlet.DispatcherServlet - Completed 200 OK
2026-09-19 14:28:00 [http-nio-8082-exec-10] DEBUG o.s.web.servlet.DispatcherServlet - POST "/sentinel/api/v1/transactions", parameters={}
2026-09-19 14:28:00 [http-nio-8082-exec-10] DEBUG o.s.w.s.m.m.a.RequestMappingHandlerMapping - Mapped to com.sentinelflow.controller.TransactionController#createTransaction(TransactionRequest)
2026-09-19 14:28:00 [http-nio-8082-exec-10] DEBUG o.s.w.s.m.m.a.RequestResponseBodyMethodProcessor - Read "application/json;charset=UTF-8" to [com.sentinelflow.dto.TransactionRequest@4ff581d6]
2026-09-19 14:28:00 [http-nio-8082-exec-10] DEBUG o.s.d.j.r.query.PartTreeJpaQuery - QueryPreparer: Derived query for query method [public abstract java.util.Optional com.sentinelflow.repositories.RuleConfigRepository.findByRuleCode(java.lang.String)]: 'SELECT r FROM RuleConfig r WHERE r.ruleCode = :ruleCode'
2026-09-19 14:28:00 [http-nio-8082-exec-10] DEBUG o.s.d.j.r.query.PartTreeJpaQuery - QueryPreparer: Derived query for query method [public abstract java.util.Optional com.sentinelflow.repositories.RuleConfigRepository.findByRuleCode(java.lang.String)]: 'SELECT r FROM RuleConfig r WHERE r.ruleCode = :ruleCode'
2026-09-19 14:28:00 [http-nio-8082-exec-10] DEBUG o.s.d.j.r.query.PartTreeJpaQuery - QueryPreparer: Derived query for query method [public abstract boolean com.sentinelflow.repositories.HighRiskJurisdictionRepository.existsByCountryCodeAndActive(java.lang.String,boolean)]: 'SELECT h.id FROM HighRiskJurisdiction h WHERE h.countryCode = :countryCode AND h.active = :active'
2026-09-19 14:28:00 [http-nio-8082-exec-10] DEBUG o.s.d.j.r.query.PartTreeJpaQuery - QueryPreparer: Derived query for query method [public abstract java.util.Optional com.sentinelflow.repositories.RuleConfigRepository.findByRuleCode(java.lang.String)]: 'SELECT r FROM RuleConfig r WHERE r.ruleCode = :ruleCode'
2026-09-19 14:28:00 [http-nio-8082-exec-10] DEBUG o.s.d.j.r.query.PartTreeJpaQuery - QueryPreparer: Derived query for query method [public abstract java.util.Optional com.sentinelflow.repositories.RuleConfigRepository.findByRuleCode(java.lang.String)]: 'SELECT r FROM RuleConfig r WHERE r.ruleCode = :ruleCode'
2026-09-19 14:28:00 [http-nio-8082-exec-10] DEBUG o.s.d.j.r.query.PartTreeJpaQuery - QueryPreparer: Derived query for query method [public abstract java.util.Optional com.sentinelflow.repositories.RuleConfigRepository.findByRuleCode(java.lang.String)]: 'SELECT r FROM RuleConfig r WHERE r.ruleCode = :ruleCode'
2026-09-19 14:28:00 [http-nio-8082-exec-10] DEBUG o.s.w.s.m.m.a.HttpEntityMethodProcessor - Using 'application/json', given [*/*] and supported [application/json, application/*+json, application/yaml]
2026-09-19 14:28:00 [http-nio-8082-exec-10] DEBUG o.s.w.s.m.m.a.HttpEntityMethodProcessor - Writing [com.sentinelflow.dto.TransactionResponse@488ae5bb]
2026-09-19 14:28:00 [http-nio-8082-exec-10] DEBUG o.s.web.servlet.DispatcherServlet - Completed 200 OK
2026-09-19 14:28:04 [http-nio-8082-exec-1] DEBUG o.s.web.servlet.DispatcherServlet - POST "/sentinel/api/v1/transactions", parameters={}
2026-09-19 14:28:04 [http-nio-8082-exec-1] DEBUG o.s.w.s.m.m.a.RequestMappingHandlerMapping - Mapped to com.sentinelflow.controller.TransactionController#createTransaction(TransactionRequest)
2026-09-19 14:28:04 [http-nio-8082-exec-1] DEBUG o.s.w.s.m.m.a.RequestResponseBodyMethodProcessor - Read "application/json;charset=UTF-8" to [com.sentinelflow.dto.TransactionRequest@5d26e066]
2026-09-19 14:28:04 [http-nio-8082-exec-1] DEBUG o.s.d.j.r.query.PartTreeJpaQuery - QueryPreparer: Derived query for query method [public abstract java.util.Optional com.sentinelflow.repositories.RuleConfigRepository.findByRuleCode(java.lang.String)]: 'SELECT r FROM RuleConfig r WHERE r.ruleCode = :ruleCode'
2026-09-19 14:28:04 [http-nio-8082-exec-1] DEBUG o.s.d.j.r.query.PartTreeJpaQuery - QueryPreparer: Derived query for query method [public abstract java.util.Optional com.sentinelflow.repositories.RuleConfigRepository.findByRuleCode(java.lang.String)]: 'SELECT r FROM RuleConfig r WHERE r.ruleCode = :ruleCode'
2026-09-19 14:28:04 [http-nio-8082-exec-1] DEBUG o.s.d.j.r.query.PartTreeJpaQuery - QueryPreparer: Derived query for query method [public abstract boolean com.sentinelflow.repositories.HighRiskJurisdictionRepository.existsByCountryCodeAndActive(java.lang.String,boolean)]: 'SELECT h.id FROM HighRiskJurisdiction h WHERE h.countryCode = :countryCode AND h.active = :active'
2026-09-19 14:28:04 [http-nio-8082-exec-1] DEBUG o.s.d.j.r.query.PartTreeJpaQuery - QueryPreparer: Derived query for query method [public abstract java.util.Optional com.sentinelflow.repositories.RuleConfigRepository.findByRuleCode(java.lang.String)]: 'SELECT r FROM RuleConfig r WHERE r.ruleCode = :ruleCode'
2026-09-19 14:28:04 [http-nio-8082-exec-1] DEBUG o.s.d.j.r.query.PartTreeJpaQuery - QueryPreparer: Derived query for query method [public abstract java.util.Optional com.sentinelflow.repositories.RuleConfigRepository.findByRuleCode(java.lang.String)]: 'SELECT r FROM RuleConfig r WHERE r.ruleCode = :ruleCode'
2026-09-19 14:28:04 [http-nio-8082-exec-1] DEBUG o.s.d.j.r.query.PartTreeJpaQuery - QueryPreparer: Derived query for query method [public abstract java.util.Optional com.sentinelflow.repositories.RuleConfigRepository.findByRuleCode(java.lang.String)]: 'SELECT r FROM RuleConfig r WHERE r.ruleCode = :ruleCode'
2026-09-19 14:28:04 [http-nio-8082-exec-1] DEBUG o.s.w.s.m.m.a.HttpEntityMethodProcessor - Using 'application/json', given [*/*] and supported [application/json, application/*+json, application/yaml]
2026-09-19 14:28:04 [http-nio-8082-exec-1] DEBUG o.s.w.s.m.m.a.HttpEntityMethodProcessor - Writing [com.sentinelflow.dto.TransactionResponse@6a40d421]
2026-09-19 14:28:04 [http-nio-8082-exec-1] DEBUG o.s.web.servlet.DispatcherServlet - Completed 200 OK
2026-09-19 14:33:27 [http-nio-8082-exec-3] DEBUG o.s.web.servlet.DispatcherServlet - POST "/sentinel/api/v1/transactions", parameters={}
2026-09-19 14:33:27 [http-nio-8082-exec-3] DEBUG o.s.w.s.m.m.a.RequestMappingHandlerMapping - Mapped to com.sentinelflow.controller.TransactionController#createTransaction(TransactionRequest)
2026-09-19 14:33:27 [http-nio-8082-exec-3] DEBUG o.s.w.s.m.m.a.RequestResponseBodyMethodProcessor - Read "application/json;charset=UTF-8" to [com.sentinelflow.dto.TransactionRequest@5ca2a197]
2026-09-19 14:33:28 [http-nio-8082-exec-3] DEBUG o.s.d.j.r.query.PartTreeJpaQuery - QueryPreparer: Derived query for query method [public abstract java.util.Optional com.sentinelflow.repositories.RuleConfigRepository.findByRuleCode(java.lang.String)]: 'SELECT r FROM RuleConfig r WHERE r.ruleCode = :ruleCode'
2026-09-19 14:33:28 [http-nio-8082-exec-3] DEBUG o.s.d.j.r.query.PartTreeJpaQuery - QueryPreparer: Derived query for query method [public abstract java.util.Optional com.sentinelflow.repositories.RuleConfigRepository.findByRuleCode(java.lang.String)]: 'SELECT r FROM RuleConfig r WHERE r.ruleCode = :ruleCode'
2026-09-19 14:33:28 [http-nio-8082-exec-3] DEBUG o.s.d.j.r.query.PartTreeJpaQuery - QueryPreparer: Derived query for query method [public abstract boolean com.sentinelflow.repositories.HighRiskJurisdictionRepository.existsByCountryCodeAndActive(java.lang.String,boolean)]: 'SELECT h.id FROM HighRiskJurisdiction h WHERE h.countryCode = :countryCode AND h.active = :active'
2026-09-19 14:33:28 [http-nio-8082-exec-3] DEBUG o.s.d.j.r.query.PartTreeJpaQuery - QueryPreparer: Derived query for query method [public abstract java.util.Optional com.sentinelflow.repositories.RuleConfigRepository.findByRuleCode(java.lang.String)]: 'SELECT r FROM RuleConfig r WHERE r.ruleCode = :ruleCode'
2026-09-19 14:33:28 [http-nio-8082-exec-3] DEBUG o.s.d.j.r.query.PartTreeJpaQuery - QueryPreparer: Derived query for query method [public abstract java.util.Optional com.sentinelflow.repositories.RuleConfigRepository.findByRuleCode(java.lang.String)]: 'SELECT r FROM RuleConfig r WHERE r.ruleCode = :ruleCode'
2026-09-19 14:33:28 [http-nio-8082-exec-3] DEBUG o.s.d.j.r.query.PartTreeJpaQuery - QueryPreparer: Derived query for query method [public abstract java.util.Optional com.sentinelflow.repositories.RuleConfigRepository.findByRuleCode(java.lang.String)]: 'SELECT r FROM RuleConfig r WHERE r.ruleCode = :ruleCode'
2026-09-19 14:33:28 [http-nio-8082-exec-3] DEBUG o.s.w.s.m.m.a.HttpEntityMethodProcessor - Using 'application/json', given [*/*] and supported [application/json, application/*+json, application/yaml]
2026-09-19 14:33:28 [http-nio-8082-exec-3] DEBUG o.s.w.s.m.m.a.HttpEntityMethodProcessor - Writing [com.sentinelflow.dto.TransactionResponse@7df5552b]
2026-09-19 14:33:28 [http-nio-8082-exec-3] DEBUG o.s.web.servlet.DispatcherServlet - Completed 200 OK
2026-09-19 14:33:37 [http-nio-8082-exec-4] DEBUG o.s.web.servlet.DispatcherServlet - POST "/sentinel/api/v1/transactions", parameters={}
2026-09-19 14:33:37 [http-nio-8082-exec-4] DEBUG o.s.w.s.m.m.a.RequestMappingHandlerMapping - Mapped to com.sentinelflow.controller.TransactionController#createTransaction(TransactionRequest)
2026-09-19 14:33:37 [http-nio-8082-exec-4] DEBUG o.s.w.s.m.m.a.RequestResponseBodyMethodProcessor - Read "application/json;charset=UTF-8" to [com.sentinelflow.dto.TransactionRequest@5c8539db]
2026-09-19 14:33:37 [http-nio-8082-exec-4] DEBUG o.s.d.j.r.query.PartTreeJpaQuery - QueryPreparer: Derived query for query method [public abstract java.util.Optional com.sentinelflow.repositories.RuleConfigRepository.findByRuleCode(java.lang.String)]: 'SELECT r FROM RuleConfig r WHERE r.ruleCode = :ruleCode'
2026-09-19 14:33:37 [http-nio-8082-exec-4] DEBUG o.s.d.j.r.query.PartTreeJpaQuery - QueryPreparer: Derived query for query method [public abstract java.util.Optional com.sentinelflow.repositories.RuleConfigRepository.findByRuleCode(java.lang.String)]: 'SELECT r FROM RuleConfig r WHERE r.ruleCode = :ruleCode'
2026-09-19 14:33:37 [http-nio-8082-exec-4] DEBUG o.s.d.j.r.query.PartTreeJpaQuery - QueryPreparer: Derived query for query method [public abstract boolean com.sentinelflow.repositories.HighRiskJurisdictionRepository.existsByCountryCodeAndActive(java.lang.String,boolean)]: 'SELECT h.id FROM HighRiskJurisdiction h WHERE h.countryCode = :countryCode AND h.active = :active'
2026-09-19 14:33:37 [http-nio-8082-exec-4] DEBUG o.s.d.j.r.query.PartTreeJpaQuery - QueryPreparer: Derived query for query method [public abstract java.util.Optional com.sentinelflow.repositories.RuleConfigRepository.findByRuleCode(java.lang.String)]: 'SELECT r FROM RuleConfig r WHERE r.ruleCode = :ruleCode'
2026-09-19 14:33:37 [http-nio-8082-exec-4] DEBUG o.s.d.j.r.query.PartTreeJpaQuery - QueryPreparer: Derived query for query method [public abstract java.util.Optional com.sentinelflow.repositories.RuleConfigRepository.findByRuleCode(java.lang.String)]: 'SELECT r FROM RuleConfig r WHERE r.ruleCode = :ruleCode'
2026-09-19 14:33:37 [http-nio-8082-exec-4] DEBUG o.s.d.j.r.query.PartTreeJpaQuery - QueryPreparer: Derived query for query method [public abstract java.util.Optional com.sentinelflow.repositories.RuleConfigRepository.findByRuleCode(java.lang.String)]: 'SELECT r FROM RuleConfig r WHERE r.ruleCode = :ruleCode'
2026-09-19 14:33:37 [http-nio-8082-exec-4] DEBUG o.s.w.s.m.m.a.HttpEntityMethodProcessor - Using 'application/json', given [*/*] and supported [application/json, application/*+json, application/yaml]
2026-09-19 14:33:37 [http-nio-8082-exec-4] DEBUG o.s.w.s.m.m.a.HttpEntityMethodProcessor - Writing [com.sentinelflow.dto.TransactionResponse@4e2dba18]
2026-09-19 14:33:37 [http-nio-8082-exec-4] DEBUG o.s.web.servlet.DispatcherServlet - Completed 200 OK
2026-09-19 14:33:48 [http-nio-8082-exec-5] DEBUG o.s.web.servlet.DispatcherServlet - POST "/sentinel/api/v1/transactions", parameters={}
2026-09-19 14:33:48 [http-nio-8082-exec-5] DEBUG o.s.w.s.m.m.a.RequestMappingHandlerMapping - Mapped to com.sentinelflow.controller.TransactionController#createTransaction(TransactionRequest)
2026-09-19 14:33:48 [http-nio-8082-exec-5] DEBUG o.s.w.s.m.m.a.RequestResponseBodyMethodProcessor - Read "application/json;charset=UTF-8" to [com.sentinelflow.dto.TransactionRequest@57b0336d]
2026-09-19 14:33:48 [http-nio-8082-exec-5] DEBUG o.s.d.j.r.query.PartTreeJpaQuery - QueryPreparer: Derived query for query method [public abstract java.util.Optional com.sentinelflow.repositories.RuleConfigRepository.findByRuleCode(java.lang.String)]: 'SELECT r FROM RuleConfig r WHERE r.ruleCode = :ruleCode'
2026-09-19 14:33:48 [http-nio-8082-exec-5] DEBUG o.s.d.j.r.query.PartTreeJpaQuery - QueryPreparer: Derived query for query method [public abstract java.util.Optional com.sentinelflow.repositories.RuleConfigRepository.findByRuleCode(java.lang.String)]: 'SELECT r FROM RuleConfig r WHERE r.ruleCode = :ruleCode'
2026-09-19 14:33:48 [http-nio-8082-exec-5] DEBUG o.s.d.j.r.query.PartTreeJpaQuery - QueryPreparer: Derived query for query method [public abstract boolean com.sentinelflow.repositories.HighRiskJurisdictionRepository.existsByCountryCodeAndActive(java.lang.String,boolean)]: 'SELECT h.id FROM HighRiskJurisdiction h WHERE h.countryCode = :countryCode AND h.active = :active'
2026-09-19 14:33:48 [http-nio-8082-exec-5] DEBUG o.s.d.j.r.query.PartTreeJpaQuery - QueryPreparer: Derived query for query method [public abstract java.util.Optional com.sentinelflow.repositories.RuleConfigRepository.findByRuleCode(java.lang.String)]: 'SELECT r FROM RuleConfig r WHERE r.ruleCode = :ruleCode'
2026-09-19 14:33:48 [http-nio-8082-exec-5] DEBUG o.s.d.j.r.query.PartTreeJpaQuery - QueryPreparer: Derived query for query method [public abstract java.util.Optional com.sentinelflow.repositories.RuleConfigRepository.findByRuleCode(java.lang.String)]: 'SELECT r FROM RuleConfig r WHERE r.ruleCode = :ruleCode'
2026-09-19 14:33:48 [http-nio-8082-exec-5] DEBUG o.s.d.j.r.query.PartTreeJpaQuery - QueryPreparer: Derived query for query method [public abstract java.util.Optional com.sentinelflow.repositories.RuleConfigRepository.findByRuleCode(java.lang.String)]: 'SELECT r FROM RuleConfig r WHERE r.ruleCode = :ruleCode'
2026-09-19 14:33:48 [http-nio-8082-exec-5] DEBUG o.s.w.s.m.m.a.HttpEntityMethodProcessor - Using 'application/json', given [*/*] and supported [application/json, application/*+json, application/yaml]
2026-09-19 14:33:48 [http-nio-8082-exec-5] DEBUG o.s.w.s.m.m.a.HttpEntityMethodProcessor - Writing [com.sentinelflow.dto.TransactionResponse@50202200]
2026-09-19 14:33:48 [http-nio-8082-exec-5] DEBUG o.s.web.servlet.DispatcherServlet - Completed 200 OK
2026-09-19 14:36:33 [RMI TCP Connection(26)-127.0.0.1] INFO  o.s.b.a.SpringApplicationAdminMXBeanRegistrar$SpringApplicationAdmin - Application shutdown requested.
2026-09-19 14:36:33 [RMI TCP Connection(26)-127.0.0.1] INFO  o.s.boot.tomcat.GracefulShutdown - Commencing graceful shutdown. Waiting for active requests to complete
2026-09-19 14:36:33 [tomcat-shutdown] INFO  o.s.boot.tomcat.GracefulShutdown - Graceful shutdown complete
2026-09-19 14:36:33 [RMI TCP Connection(26)-127.0.0.1] INFO  o.s.o.j.LocalContainerEntityManagerFactoryBean - Closing JPA EntityManagerFactory for persistence unit 'default'
2026-09-19 14:36:33 [RMI TCP Connection(26)-127.0.0.1] INFO  com.zaxxer.hikari.HikariDataSource - HikariPool-1 - Shutdown initiated...
2026-09-19 14:36:33 [RMI TCP Connection(26)-127.0.0.1] INFO  com.zaxxer.hikari.HikariDataSource - HikariPool-1 - Shutdown completed.
2026-09-19 14:36:37 [restartedMain] INFO  c.s.SentinelFlowApplication - Starting SentinelFlowApplication using Java 22 with PID 18264 (D:\Java\SentinelFlow\target\classes started by hp in D:\Java\SentinelFlow)
2026-09-19 14:36:37 [restartedMain] DEBUG c.s.SentinelFlowApplication - Running with Spring Boot v4.1.1, Spring v7.0.9
2026-09-19 14:36:37 [restartedMain] INFO  c.s.SentinelFlowApplication - No active profile set, falling back to 1 default profile: "default"
2026-09-19 14:36:37 [restartedMain] INFO  o.s.b.d.e.DevToolsPropertyDefaultsPostProcessor - Devtools property defaults active! Set 'spring.devtools.add-properties' to 'false' to disable
2026-09-19 14:36:37 [restartedMain] INFO  o.s.b.d.e.DevToolsPropertyDefaultsPostProcessor - For additional web related logging consider setting the 'logging.level.web' property to 'DEBUG'
2026-09-19 14:36:38 [restartedMain] INFO  o.s.d.r.c.RepositoryConfigurationDelegate - Bootstrapping Spring Data JPA repositories in DEFAULT mode.
2026-09-19 14:36:38 [restartedMain] INFO  o.s.d.r.c.RepositoryConfigurationDelegate - Finished Spring Data repository scanning in 73 ms. Found 7 JPA repository interfaces.
2026-09-19 14:36:38 [restartedMain] INFO  o.s.boot.tomcat.TomcatWebServer - Tomcat initialized with port 8082 (http)
2026-09-19 14:36:38 [restartedMain] INFO  o.a.catalina.core.StandardService - Starting service [Tomcat]
2026-09-19 14:36:38 [restartedMain] INFO  o.a.catalina.core.StandardEngine - Starting Servlet engine: [Apache Tomcat/11.0.24]
2026-09-19 14:36:38 [restartedMain] INFO  o.s.b.w.c.s.WebApplicationContextInitializer - Root WebApplicationContext: initialization completed in 1696 ms
2026-09-19 14:36:39 [restartedMain] INFO  org.hibernate.orm.jpa - HHH008540: Processing PersistenceUnitInfo [name: default]
2026-09-19 14:36:39 [restartedMain] INFO  org.hibernate.orm.core - HHH000001: Hibernate ORM core version 7.4.5.Final
2026-09-19 14:36:39 [restartedMain] INFO  o.s.o.j.p.SpringPersistenceUnitInfo - No LoadTimeWeaver setup: ignoring JPA class transformer
2026-09-19 14:36:39 [restartedMain] INFO  com.zaxxer.hikari.HikariDataSource - HikariPool-1 - Starting...
2026-09-19 14:36:39 [restartedMain] INFO  com.zaxxer.hikari.pool.HikariPool - HikariPool-1 - Added connection org.postgresql.jdbc.PgConnection@546dac6f
2026-09-19 14:36:39 [restartedMain] INFO  com.zaxxer.hikari.HikariDataSource - HikariPool-1 - Start completed.
2026-09-19 14:36:39 [restartedMain] INFO  o.hibernate.orm.connections.pooling - HHH10001005: Database info:
	Database JDBC URL [jdbc:postgresql://localhost:5433/AzentioHackthon]
	Database driver: PostgreSQL JDBC Driver
	Database dialect: PostgreSQLDialect
	Database version: 18.6
	Default catalog/schema: AzentioHackthon/public
	Autocommit mode: undefined/unknown
	Isolation level: READ_COMMITTED [default READ_COMMITTED]
	JDBC fetch size: none
	Pool: DataSourceConnectionProvider
	Minimum pool size: undefined/unknown
	Maximum pool size: undefined/unknown
2026-09-19 14:36:41 [restartedMain] INFO  org.hibernate.orm.core - HHH000489: No JTA platform available (set 'hibernate.transaction.jta.platform' to enable JTA platform integration)
2026-09-19 14:36:41 [restartedMain] INFO  org.hibernate.orm.jdbc.batch - HHH100501: Automatic JDBC statement batching enabled (maximum batch size 20)
2026-09-19 14:36:41 [restartedMain] INFO  o.s.o.j.LocalContainerEntityManagerFactoryBean - Initialized JPA EntityManagerFactory for persistence unit 'default'
2026-09-19 14:36:41 [restartedMain] DEBUG o.s.d.j.r.c.JpaMetamodelMappingContextFactoryBean - Initializing JpaMetamodelMappingContext…
2026-09-19 14:36:41 [restartedMain] DEBUG o.s.d.j.r.c.JpaMetamodelMappingContextFactoryBean - Finished initializing JpaMetamodelMappingContext
2026-09-19 14:36:41 [restartedMain] INFO  o.s.d.j.r.q.QueryEnhancerFactories - Hibernate is in classpath; If applicable, HQL parser will be used.
2026-09-19 14:36:41 [restartedMain] DEBUG o.s.d.j.repository.query.NamedQuery - Looking up named query 'RuleConfig.findByRuleCode'
2026-09-19 14:36:41 [restartedMain] DEBUG o.s.d.j.repository.query.NamedQuery - Did not find named query RuleConfig.findByRuleCode
2026-09-19 14:36:41 [restartedMain] DEBUG o.s.d.j.repository.query.NamedQuery - Did not find named query Transaction.calculateAccountTransactionTotal.count
2026-09-19 14:36:43 [restartedMain] DEBUG o.s.d.j.repository.query.NamedQuery - Did not find named query Transaction.findTransactionsByAccountAndTimeRange.count
2026-09-19 14:36:43 [restartedMain] DEBUG o.s.d.j.repository.query.NamedQuery - Did not find named query Transaction.calculateAccountTransactionTotalFor90Days.count
2026-09-19 14:36:43 [restartedMain] DEBUG o.s.d.j.repository.query.NamedQuery - Did not find named query Transaction.findHighValueTransactionsByAccountAndTimeRange.count
2026-09-19 14:36:43 [restartedMain] DEBUG o.s.d.j.repository.query.NamedQuery - Did not find named query Transaction.findByAccountId.count
2026-09-19 14:36:43 [restartedMain] DEBUG o.s.d.j.repository.query.NamedQuery - Did not find named query Transaction.findHighRiskTransactionsByChannel.count
2026-09-19 14:36:43 [restartedMain] DEBUG o.s.d.j.repository.query.NamedQuery - Did not find named query Transaction.findTransactionsByTypeAndTimeRange.count
2026-09-19 14:36:43 [restartedMain] DEBUG o.s.d.j.repository.query.NamedQuery - Did not find named query Transaction.findByAccountIdAndStatus.count
2026-09-19 14:36:43 [restartedMain] DEBUG o.s.d.j.repository.query.NamedQuery - Did not find named query Transaction.findByIsHighRiskTrue.count
2026-09-19 14:36:43 [restartedMain] DEBUG o.s.d.j.repository.query.NamedQuery - Did not find named query Transaction.sumTransactionAmountByAccountAndTimeRange.count
2026-09-19 14:36:43 [restartedMain] DEBUG o.s.d.j.repository.query.NamedQuery - Did not find named query Transaction.sumTransactionAmountByCustomerAndTimeRange.count
2026-09-19 14:36:43 [restartedMain] DEBUG o.s.d.j.repository.query.NamedQuery - Did not find named query Transaction.findTransactionsByAmountAndTimeRange.count
2026-09-19 14:36:43 [restartedMain] DEBUG o.s.d.j.repository.query.NamedQuery - Did not find named query Transaction.countTransactionsByAccountAndTimeRange.count
2026-09-19 14:36:43 [restartedMain] DEBUG o.s.d.j.repository.query.NamedQuery - Did not find named query Transaction.findByCountryCodeAndStatusAndTransactionDatetimeBetween.count
2026-09-19 14:36:43 [restartedMain] DEBUG o.s.d.j.repository.query.NamedQuery - Did not find named query Transaction.findByCountryCode.count
2026-09-19 14:36:43 [restartedMain] DEBUG o.s.d.j.repository.query.NamedQuery - Looking up named query 'HighRiskJurisdiction.existsByCountryCodeAndActive'
2026-09-19 14:36:43 [restartedMain] DEBUG o.s.d.j.repository.query.NamedQuery - Did not find named query HighRiskJurisdiction.existsByCountryCodeAndActive
2026-09-19 14:36:43 [restartedMain] DEBUG o.s.d.j.repository.query.NamedQuery - Did not find named query Account.findByCustomerId.count
2026-09-19 14:36:43 [restartedMain] DEBUG o.s.d.j.repository.query.NamedQuery - Did not find named query Account.findByStatus.count
2026-09-19 14:36:43 [restartedMain] DEBUG o.s.d.j.repository.query.NamedQuery - Did not find named query Account.findActiveAccountsWithMinBalance.count
2026-09-19 14:36:43 [restartedMain] DEBUG o.s.d.j.repository.query.NamedQuery - Did not find named query Account.findByIsActiveTrueAndCurrency.count
2026-09-19 14:36:43 [restartedMain] DEBUG o.s.d.j.repository.query.NamedQuery - Did not find named query Account.findActiveAccountsByCustomerId.count
2026-09-19 14:36:43 [restartedMain] DEBUG o.s.d.j.repository.query.NamedQuery - Did not find named query Account.findByCustomerIdAndStatus.count
2026-09-19 14:36:43 [restartedMain] DEBUG o.s.d.j.repository.query.NamedQuery - Did not find named query Account.findByAccountNumber.count
2026-09-19 14:36:43 [restartedMain] DEBUG o.s.d.j.repository.query.NamedQuery - Did not find named query Account.findActiveJointAccounts.count
2026-09-19 14:36:43 [restartedMain] DEBUG o.s.d.j.repository.query.NamedQuery - Did not find named query Account.findAccountsOpenedBetween.count
2026-09-19 14:36:43 [restartedMain] DEBUG o.s.d.j.repository.query.NamedQuery - Did not find named query Account.findActiveAccountsByCustomerAndCurrency.count
2026-09-19 14:36:43 [restartedMain] DEBUG o.s.d.j.repository.query.NamedQuery - Did not find named query Alert.findByRuleCode.count
2026-09-19 14:36:43 [restartedMain] DEBUG o.s.d.j.repository.query.NamedQuery - Did not find named query Alert.findByAlertStatus.count
2026-09-19 14:36:43 [restartedMain] DEBUG o.s.d.j.repository.query.NamedQuery - Did not find named query Alert.findCriticalAlerts.count
2026-09-19 14:36:43 [restartedMain] DEBUG o.s.d.j.repository.query.NamedQuery - Did not find named query Alert.findByAccountId.count
2026-09-19 14:36:43 [restartedMain] DEBUG o.s.d.j.repository.query.NamedQuery - Did not find named query Alert.countOpenAlerts.count
2026-09-19 14:36:43 [restartedMain] DEBUG o.s.d.j.repository.query.NamedQuery - Did not find named query Alert.findByCustomerId.count
2026-09-19 14:36:43 [restartedMain] DEBUG o.s.d.j.repository.query.NamedQuery - Did not find named query Alert.findOpenAlertsSortedByRiskScore.count
2026-09-19 14:36:43 [restartedMain] DEBUG o.s.d.j.repository.query.NamedQuery - Did not find named query Alert.findAlertsByRiskScoreAndTimeRange.count
2026-09-19 14:36:43 [restartedMain] DEBUG o.s.d.j.repository.query.NamedQuery - Did not find named query Alert.countOpenAlertsByCustomerId.count
2026-09-19 14:36:43 [restartedMain] DEBUG o.s.d.j.repository.query.NamedQuery - Did not find named query Alert.findByTransactionId.count
2026-09-19 14:36:43 [restartedMain] DEBUG o.s.d.j.repository.query.NamedQuery - Did not find named query Alert.findAlertsByDateRange.count
2026-09-19 14:36:43 [restartedMain] DEBUG o.s.d.j.repository.query.NamedQuery - Did not find named query Alert.findOpenAlertsByCustomerId.count
2026-09-19 14:36:43 [restartedMain] DEBUG o.s.d.j.repository.query.NamedQuery - Did not find named query Alert.findOpenAlertsByRuleCodeAndCustomer.count
2026-09-19 14:36:43 [restartedMain] DEBUG o.s.d.j.repository.query.NamedQuery - Did not find named query Alert.findByAlertStatusAndCreatedByOrderByTriggeredAtDesc.count
2026-09-19 14:36:44 [restartedMain] DEBUG o.s.w.s.m.m.a.RequestMappingHandlerMapping - 7 mappings in 'requestMappingHandlerMapping'
2026-09-19 14:36:44 [restartedMain] DEBUG o.s.w.s.h.SimpleUrlHandlerMapping - Patterns [/webjars/**, /**, /swagger-ui*/*swagger-initializer.js, /swagger-ui*/**] in 'resourceHandlerMapping'
2026-09-19 14:36:44 [restartedMain] DEBUG o.s.w.s.m.m.a.RequestMappingHandlerAdapter - ControllerAdvice beans: 0 @ModelAttribute, 0 @InitBinder, 2 RequestBodyAdvice, 1 ResponseBodyAdvice
2026-09-19 14:36:44 [restartedMain] DEBUG o.s.w.s.m.m.a.ExceptionHandlerExceptionResolver - ControllerAdvice beans: 1 @ExceptionHandler, 1 ResponseBodyAdvice
2026-09-19 14:36:44 [restartedMain] DEBUG o.s.d.j.repository.query.NamedQuery - Did not find named query Customer.findByIsActiveTrueAndNumComplaintsGreaterThan.count
2026-09-19 14:36:44 [restartedMain] DEBUG o.s.d.j.repository.query.NamedQuery - Did not find named query Customer.findExposedHighRiskCustomers.count
2026-09-19 14:36:44 [restartedMain] DEBUG o.s.d.j.repository.query.NamedQuery - Did not find named query Customer.findByPoliticallyExposedTrue.count
2026-09-19 14:36:44 [restartedMain] DEBUG o.s.d.j.repository.query.NamedQuery - Did not find named query Customer.findActiveCustomersByCountry.count
2026-09-19 14:36:44 [restartedMain] DEBUG o.s.d.j.repository.query.NamedQuery - Did not find named query Customer.findVerifiedCustomers.count
2026-09-19 14:36:44 [restartedMain] DEBUG o.s.d.j.repository.query.NamedQuery - Did not find named query Customer.findHighRiskCustomers.count
2026-09-19 14:36:44 [restartedMain] DEBUG o.s.d.j.repository.query.NamedQuery - Did not find named query Customer.findByEmail.count
2026-09-19 14:36:44 [restartedMain] DEBUG o.s.d.j.repository.query.NamedQuery - Did not find named query Customer.findByPhone.count
2026-09-19 14:36:44 [restartedMain] DEBUG o.s.d.j.repository.query.NamedQuery - Did not find named query Customer.findByRiskRating.count
2026-09-19 14:36:44 [restartedMain] DEBUG o.s.d.j.repository.query.NamedQuery - Did not find named query Customer.findByKycStatus.count
2026-09-19 14:36:44 [restartedMain] DEBUG o.s.d.j.repository.query.NamedQuery - Did not find named query AmlCase.findByCustomerId.count
2026-09-19 14:36:44 [restartedMain] DEBUG o.s.d.j.repository.query.NamedQuery - Did not find named query AmlCase.findOpenCasesSortedBySeverity.count
2026-09-19 14:36:44 [restartedMain] DEBUG o.s.d.j.repository.query.NamedQuery - Did not find named query AmlCase.findOpenCasesAssignedToAnalyst.count
2026-09-19 14:36:44 [restartedMain] DEBUG o.s.d.j.repository.query.NamedQuery - Did not find named query AmlCase.countOpenCasesAssignedToAnalyst.count
2026-09-19 14:36:44 [restartedMain] DEBUG o.s.d.j.repository.query.NamedQuery - Did not find named query AmlCase.countOpenCasesByCustomerId.count
2026-09-19 14:36:44 [restartedMain] DEBUG o.s.d.j.repository.query.NamedQuery - Did not find named query AmlCase.findOpenCasesByCustomerId.count
2026-09-19 14:36:44 [restartedMain] DEBUG o.s.d.j.repository.query.NamedQuery - Did not find named query AmlCase.findClosedCasesByDateRange.count
2026-09-19 14:36:44 [restartedMain] DEBUG o.s.d.j.repository.query.NamedQuery - Did not find named query AmlCase.findUnassignedOpenCases.count
2026-09-19 14:36:44 [restartedMain] DEBUG o.s.d.j.repository.query.NamedQuery - Did not find named query AmlCase.findHighSeverityCases.count
2026-09-19 14:36:44 [restartedMain] DEBUG o.s.d.j.repository.query.NamedQuery - Did not find named query AmlCase.findByOpenedAtBetweenOrderByOpenedAtDesc.count
2026-09-19 14:36:44 [restartedMain] DEBUG o.s.d.j.repository.query.NamedQuery - Did not find named query AmlCase.findByCaseStatus.count
2026-09-19 14:36:44 [restartedMain] DEBUG o.s.d.j.repository.query.NamedQuery - Did not find named query AmlCase.findByAssignedTo.count
2026-09-19 14:36:44 [restartedMain] DEBUG o.s.d.j.repository.query.NamedQuery - Did not find named query AmlCase.countOpenCases.count
2026-09-19 14:36:44 [restartedMain] DEBUG o.s.d.j.repository.query.NamedQuery - Did not find named query AmlCase.findBySeverity.count
2026-09-19 14:36:44 [restartedMain] INFO  o.s.boot.tomcat.TomcatWebServer - Tomcat started on port 8082 (http) with context path '/sentinel'
2026-09-19 14:36:44 [restartedMain] INFO  c.s.SentinelFlowApplication - Started SentinelFlowApplication in 8.84 seconds (process running for 9.828)
2026-09-19 14:36:54 [http-nio-8082-exec-1] INFO  o.a.c.c.C.[.[localhost].[/sentinel] - Initializing Spring DispatcherServlet 'dispatcherServlet'
2026-09-19 14:36:54 [http-nio-8082-exec-1] INFO  o.s.web.servlet.DispatcherServlet - Initializing Servlet 'dispatcherServlet'
2026-09-19 14:36:54 [http-nio-8082-exec-1] DEBUG o.s.web.servlet.DispatcherServlet - Detected StandardServletMultipartResolver
2026-09-19 14:36:54 [http-nio-8082-exec-1] DEBUG o.s.web.servlet.DispatcherServlet - Detected AcceptHeaderLocaleResolver
2026-09-19 14:36:54 [http-nio-8082-exec-1] DEBUG o.s.web.servlet.DispatcherServlet - Detected org.springframework.web.servlet.view.DefaultRequestToViewNameTranslator@1fbe4d68
2026-09-19 14:36:54 [http-nio-8082-exec-1] DEBUG o.s.web.servlet.DispatcherServlet - Detected org.springframework.web.servlet.support.SessionFlashMapManager@7abd41d9
2026-09-19 14:36:54 [http-nio-8082-exec-1] DEBUG o.s.web.servlet.DispatcherServlet - enableLoggingRequestDetails='false': request parameters and headers will be masked to prevent unsafe logging of potentially sensitive data
2026-09-19 14:36:54 [http-nio-8082-exec-1] INFO  o.s.web.servlet.DispatcherServlet - Completed initialization in 2 ms
2026-09-19 14:36:54 [http-nio-8082-exec-1] DEBUG o.s.web.servlet.DispatcherServlet - POST "/sentinel/api/v1/transactions", parameters={}
2026-09-19 14:36:54 [http-nio-8082-exec-1] DEBUG o.s.w.s.m.m.a.RequestMappingHandlerMapping - Mapped to com.sentinelflow.controller.TransactionController#createTransaction(TransactionRequest)
2026-09-19 14:36:54 [http-nio-8082-exec-1] DEBUG o.s.w.s.m.m.a.RequestResponseBodyMethodProcessor - Read "application/json;charset=UTF-8" to [com.sentinelflow.dto.TransactionRequest@2f695f1d]
2026-09-19 14:36:54 [http-nio-8082-exec-1] DEBUG o.s.d.j.r.query.PartTreeJpaQuery - QueryPreparer: Derived query for query method [public abstract java.util.Optional com.sentinelflow.repositories.RuleConfigRepository.findByRuleCode(java.lang.String)]: 'SELECT r FROM RuleConfig r WHERE r.ruleCode = :ruleCode'
2026-09-19 14:36:54 [http-nio-8082-exec-1] DEBUG o.s.d.j.r.query.PartTreeJpaQuery - QueryPreparer: Derived query for query method [public abstract java.util.Optional com.sentinelflow.repositories.RuleConfigRepository.findByRuleCode(java.lang.String)]: 'SELECT r FROM RuleConfig r WHERE r.ruleCode = :ruleCode'
2026-09-19 14:36:54 [http-nio-8082-exec-1] DEBUG o.s.d.j.r.query.PartTreeJpaQuery - QueryPreparer: Derived query for query method [public abstract boolean com.sentinelflow.repositories.HighRiskJurisdictionRepository.existsByCountryCodeAndActive(java.lang.String,boolean)]: 'SELECT h.id FROM HighRiskJurisdiction h WHERE h.countryCode = :countryCode AND h.active = :active'
2026-09-19 14:36:54 [http-nio-8082-exec-1] DEBUG o.s.d.j.r.query.PartTreeJpaQuery - QueryPreparer: Derived query for query method [public abstract java.util.Optional com.sentinelflow.repositories.RuleConfigRepository.findByRuleCode(java.lang.String)]: 'SELECT r FROM RuleConfig r WHERE r.ruleCode = :ruleCode'
2026-09-19 14:36:54 [http-nio-8082-exec-1] DEBUG o.s.d.j.r.query.PartTreeJpaQuery - QueryPreparer: Derived query for query method [public abstract java.util.Optional com.sentinelflow.repositories.RuleConfigRepository.findByRuleCode(java.lang.String)]: 'SELECT r FROM RuleConfig r WHERE r.ruleCode = :ruleCode'
2026-09-19 14:36:54 [http-nio-8082-exec-1] DEBUG o.s.d.j.r.query.PartTreeJpaQuery - QueryPreparer: Derived query for query method [public abstract java.util.Optional com.sentinelflow.repositories.RuleConfigRepository.findByRuleCode(java.lang.String)]: 'SELECT r FROM RuleConfig r WHERE r.ruleCode = :ruleCode'
2026-09-19 14:36:54 [http-nio-8082-exec-1] DEBUG o.s.w.s.m.m.a.HttpEntityMethodProcessor - Using 'application/json', given [*/*] and supported [application/json, application/*+json, application/yaml]
2026-09-19 14:36:54 [http-nio-8082-exec-1] DEBUG o.s.w.s.m.m.a.HttpEntityMethodProcessor - Writing [com.sentinelflow.dto.TransactionResponse@1a3eda5c]
2026-09-19 14:36:54 [http-nio-8082-exec-1] DEBUG o.s.web.servlet.DispatcherServlet - Completed 200 OK
2026-09-19 14:51:20 [http-nio-8082-exec-3] DEBUG o.s.web.servlet.DispatcherServlet - GET "/sentinel/api/v1/accounts", parameters={}
2026-09-19 14:51:20 [http-nio-8082-exec-3] DEBUG o.s.w.s.h.SimpleUrlHandlerMapping - Mapped to ResourceHttpRequestHandler [classpath [META-INF/resources/], classpath [resources/], classpath [static/], classpath [public/], ServletContext [/]]
2026-09-19 14:51:20 [http-nio-8082-exec-3] DEBUG o.s.web.cors.DefaultCorsProcessor - Skip: no CORS configuration has been provided
2026-09-19 14:51:20 [http-nio-8082-exec-3] DEBUG o.s.w.s.r.ResourceHttpRequestHandler - Resource not found for path [api/v1/accounts]
2026-09-19 14:51:20 [http-nio-8082-exec-3] DEBUG o.s.w.s.m.s.DefaultHandlerExceptionResolver - Resolved [org.springframework.web.servlet.resource.NoResourceFoundException: No static resource api/v1/accounts for request '/sentinel/api/v1/accounts'.]
2026-09-19 14:51:20 [http-nio-8082-exec-3] DEBUG o.s.web.servlet.DispatcherServlet - Completed 404 NOT_FOUND
2026-09-19 14:51:21 [http-nio-8082-exec-3] DEBUG o.s.web.servlet.DispatcherServlet - "ERROR" dispatch for GET "/sentinel/error", parameters={}
2026-09-19 14:51:21 [http-nio-8082-exec-3] DEBUG o.s.w.s.m.m.a.RequestMappingHandlerMapping - Mapped to org.springframework.boot.webmvc.autoconfigure.error.BasicErrorController#error(HttpServletRequest)
2026-09-19 14:51:21 [http-nio-8082-exec-3] DEBUG o.s.w.s.m.m.a.HttpEntityMethodProcessor - Using 'application/json', given [application/json, text/plain, */*] and supported [application/json, application/*+json, application/yaml]
2026-09-19 14:51:21 [http-nio-8082-exec-3] DEBUG o.s.w.s.m.m.a.HttpEntityMethodProcessor - Writing [{timestamp=Sat Sep 19 14:51:21 IST 2026, status=404, error=Not Found, trace=org.springframework.web. (truncated)...]
2026-09-19 14:51:21 [http-nio-8082-exec-3] DEBUG o.s.web.servlet.DispatcherServlet - Exiting from "ERROR" dispatch, status 404
2026-09-19 14:51:37 [http-nio-8082-exec-4] DEBUG o.s.web.servlet.DispatcherServlet - GET "/sentinel/api/v1/accounts", parameters={}
2026-09-19 14:51:37 [http-nio-8082-exec-4] DEBUG o.s.w.s.h.SimpleUrlHandlerMapping - Mapped to ResourceHttpRequestHandler [classpath [META-INF/resources/], classpath [resources/], classpath [static/], classpath [public/], ServletContext [/]]
2026-09-19 14:51:37 [http-nio-8082-exec-4] DEBUG o.s.web.cors.DefaultCorsProcessor - Skip: no CORS configuration has been provided
2026-09-19 14:51:37 [http-nio-8082-exec-4] DEBUG o.s.w.s.r.ResourceHttpRequestHandler - Resource not found for path [api/v1/accounts]
2026-09-19 14:51:37 [http-nio-8082-exec-4] DEBUG o.s.w.s.m.s.DefaultHandlerExceptionResolver - Resolved [org.springframework.web.servlet.resource.NoResourceFoundException: No static resource api/v1/accounts for request '/sentinel/api/v1/accounts'.]
2026-09-19 14:51:37 [http-nio-8082-exec-4] DEBUG o.s.web.servlet.DispatcherServlet - Completed 404 NOT_FOUND
2026-09-19 14:51:37 [http-nio-8082-exec-4] DEBUG o.s.web.servlet.DispatcherServlet - "ERROR" dispatch for GET "/sentinel/error", parameters={}
2026-09-19 14:51:37 [http-nio-8082-exec-4] DEBUG o.s.w.s.m.m.a.RequestMappingHandlerMapping - Mapped to org.springframework.boot.webmvc.autoconfigure.error.BasicErrorController#error(HttpServletRequest)
2026-09-19 14:51:37 [http-nio-8082-exec-4] DEBUG o.s.w.s.m.m.a.HttpEntityMethodProcessor - Using 'application/json', given [application/json, text/plain, */*] and supported [application/json, application/*+json, application/yaml]
2026-09-19 14:51:37 [http-nio-8082-exec-4] DEBUG o.s.w.s.m.m.a.HttpEntityMethodProcessor - Writing [{timestamp=Sat Sep 19 14:51:37 IST 2026, status=404, error=Not Found, trace=org.springframework.web. (truncated)...]
2026-09-19 14:51:37 [http-nio-8082-exec-4] DEBUG o.s.web.servlet.DispatcherServlet - Exiting from "ERROR" dispatch, status 404
2026-09-19 14:52:03 [RMI TCP Connection(23)-127.0.0.1] INFO  o.s.b.a.SpringApplicationAdminMXBeanRegistrar$SpringApplicationAdmin - Application shutdown requested.
2026-09-19 14:52:03 [RMI TCP Connection(23)-127.0.0.1] INFO  o.s.boot.tomcat.GracefulShutdown - Commencing graceful shutdown. Waiting for active requests to complete
2026-09-19 14:52:03 [tomcat-shutdown] INFO  o.s.boot.tomcat.GracefulShutdown - Graceful shutdown complete
2026-09-19 14:52:03 [RMI TCP Connection(23)-127.0.0.1] INFO  o.s.o.j.LocalContainerEntityManagerFactoryBean - Closing JPA EntityManagerFactory for persistence unit 'default'
2026-09-19 14:52:03 [RMI TCP Connection(23)-127.0.0.1] INFO  com.zaxxer.hikari.HikariDataSource - HikariPool-1 - Shutdown initiated...
2026-09-19 14:52:03 [RMI TCP Connection(23)-127.0.0.1] INFO  com.zaxxer.hikari.HikariDataSource - HikariPool-1 - Shutdown completed.
2026-09-19 14:53:07 [restartedMain] INFO  c.s.SentinelFlowApplication - Starting SentinelFlowApplication using Java 22 with PID 20536 (D:\Java\SentinelFlow\target\classes started by hp in D:\Java\SentinelFlow)
2026-09-19 14:53:07 [restartedMain] DEBUG c.s.SentinelFlowApplication - Running with Spring Boot v4.1.1, Spring v7.0.9
2026-09-19 14:53:07 [restartedMain] INFO  c.s.SentinelFlowApplication - No active profile set, falling back to 1 default profile: "default"
2026-09-19 14:53:08 [restartedMain] INFO  o.s.b.d.e.DevToolsPropertyDefaultsPostProcessor - Devtools property defaults active! Set 'spring.devtools.add-properties' to 'false' to disable
2026-09-19 14:53:08 [restartedMain] INFO  o.s.b.d.e.DevToolsPropertyDefaultsPostProcessor - For additional web related logging consider setting the 'logging.level.web' property to 'DEBUG'
2026-09-19 14:53:09 [restartedMain] INFO  o.s.d.r.c.RepositoryConfigurationDelegate - Bootstrapping Spring Data JPA repositories in DEFAULT mode.
2026-09-19 14:53:09 [restartedMain] INFO  o.s.d.r.c.RepositoryConfigurationDelegate - Finished Spring Data repository scanning in 133 ms. Found 7 JPA repository interfaces.
2026-09-19 14:53:10 [restartedMain] INFO  o.s.boot.tomcat.TomcatWebServer - Tomcat initialized with port 8082 (http)
2026-09-19 14:53:10 [restartedMain] INFO  o.a.catalina.core.StandardService - Starting service [Tomcat]
2026-09-19 14:53:10 [restartedMain] INFO  o.a.catalina.core.StandardEngine - Starting Servlet engine: [Apache Tomcat/11.0.24]
2026-09-19 14:53:10 [restartedMain] INFO  o.s.b.w.c.s.WebApplicationContextInitializer - Root WebApplicationContext: initialization completed in 2392 ms
2026-09-19 14:53:10 [restartedMain] INFO  org.hibernate.orm.jpa - HHH008540: Processing PersistenceUnitInfo [name: default]
2026-09-19 14:53:10 [restartedMain] INFO  org.hibernate.orm.core - HHH000001: Hibernate ORM core version 7.4.5.Final
2026-09-19 14:53:11 [restartedMain] INFO  o.s.o.j.p.SpringPersistenceUnitInfo - No LoadTimeWeaver setup: ignoring JPA class transformer
2026-09-19 14:53:11 [restartedMain] INFO  com.zaxxer.hikari.HikariDataSource - HikariPool-1 - Starting...
2026-09-19 14:53:12 [restartedMain] INFO  com.zaxxer.hikari.pool.HikariPool - HikariPool-1 - Added connection org.postgresql.jdbc.PgConnection@673bcd9b
2026-09-19 14:53:12 [restartedMain] INFO  com.zaxxer.hikari.HikariDataSource - HikariPool-1 - Start completed.
2026-09-19 14:53:12 [restartedMain] INFO  o.hibernate.orm.connections.pooling - HHH10001005: Database info:
	Database JDBC URL [jdbc:postgresql://localhost:5433/AzentioHackthon]
	Database driver: PostgreSQL JDBC Driver
	Database dialect: PostgreSQLDialect
	Database version: 18.6
	Default catalog/schema: AzentioHackthon/public
	Autocommit mode: undefined/unknown
	Isolation level: READ_COMMITTED [default READ_COMMITTED]
	JDBC fetch size: none
	Pool: DataSourceConnectionProvider
	Minimum pool size: undefined/unknown
	Maximum pool size: undefined/unknown
2026-09-19 14:53:13 [restartedMain] INFO  org.hibernate.orm.core - HHH000489: No JTA platform available (set 'hibernate.transaction.jta.platform' to enable JTA platform integration)
2026-09-19 14:53:13 [restartedMain] INFO  org.hibernate.orm.jdbc.batch - HHH100501: Automatic JDBC statement batching enabled (maximum batch size 20)
2026-09-19 14:53:14 [restartedMain] INFO  o.s.o.j.LocalContainerEntityManagerFactoryBean - Initialized JPA EntityManagerFactory for persistence unit 'default'
2026-09-19 14:53:14 [restartedMain] DEBUG o.s.d.j.r.c.JpaMetamodelMappingContextFactoryBean - Initializing JpaMetamodelMappingContext…
2026-09-19 14:53:14 [restartedMain] DEBUG o.s.d.j.r.c.JpaMetamodelMappingContextFactoryBean - Finished initializing JpaMetamodelMappingContext
2026-09-19 14:53:14 [restartedMain] INFO  o.s.d.j.r.q.QueryEnhancerFactories - Hibernate is in classpath; If applicable, HQL parser will be used.
2026-09-19 14:53:14 [restartedMain] DEBUG o.s.d.j.repository.query.NamedQuery - Looking up named query 'RuleConfig.findByRuleCode'
2026-09-19 14:53:14 [restartedMain] DEBUG o.s.d.j.repository.query.NamedQuery - Did not find named query RuleConfig.findByRuleCode
2026-09-19 14:53:14 [restartedMain] DEBUG o.s.d.j.repository.query.NamedQuery - Did not find named query Transaction.findByAccountId.count
2026-09-19 14:53:15 [restartedMain] DEBUG o.s.d.j.repository.query.NamedQuery - Did not find named query Transaction.findByIsHighRiskTrue.count
2026-09-19 14:53:15 [restartedMain] DEBUG o.s.d.j.repository.query.NamedQuery - Did not find named query Transaction.findByAccountIdAndStatus.count
2026-09-19 14:53:15 [restartedMain] DEBUG o.s.d.j.repository.query.NamedQuery - Did not find named query Transaction.calculateAccountTransactionTotalFor90Days.count
2026-09-19 14:53:15 [restartedMain] DEBUG o.s.d.j.repository.query.NamedQuery - Did not find named query Transaction.findTransactionsByAccountAndTimeRange.count
2026-09-19 14:53:15 [restartedMain] DEBUG o.s.d.j.repository.query.NamedQuery - Did not find named query Transaction.calculateAccountTransactionTotal.count
2026-09-19 14:53:15 [restartedMain] DEBUG o.s.d.j.repository.query.NamedQuery - Did not find named query Transaction.findTransactionsByAmountAndTimeRange.count
2026-09-19 14:53:15 [restartedMain] DEBUG o.s.d.j.repository.query.NamedQuery - Did not find named query Transaction.sumTransactionAmountByAccountAndTimeRange.count
2026-09-19 14:53:15 [restartedMain] DEBUG o.s.d.j.repository.query.NamedQuery - Did not find named query Transaction.sumTransactionAmountByCustomerAndTimeRange.count
2026-09-19 14:53:15 [restartedMain] DEBUG o.s.d.j.repository.query.NamedQuery - Did not find named query Transaction.countTransactionsByAccountAndTimeRange.count
2026-09-19 14:53:15 [restartedMain] DEBUG o.s.d.j.repository.query.NamedQuery - Did not find named query Transaction.findTransactionsByTypeAndTimeRange.count
2026-09-19 14:53:15 [restartedMain] DEBUG o.s.d.j.repository.query.NamedQuery - Did not find named query Transaction.findHighRiskTransactionsByChannel.count
2026-09-19 14:53:15 [restartedMain] DEBUG o.s.d.j.repository.query.NamedQuery - Did not find named query Transaction.findByCountryCodeAndStatusAndTransactionDatetimeBetween.count
2026-09-19 14:53:15 [restartedMain] DEBUG o.s.d.j.repository.query.NamedQuery - Did not find named query Transaction.findHighValueTransactionsByAccountAndTimeRange.count
2026-09-19 14:53:15 [restartedMain] DEBUG o.s.d.j.repository.query.NamedQuery - Did not find named query Transaction.findByCountryCode.count
2026-09-19 14:53:15 [restartedMain] DEBUG o.s.d.j.repository.query.NamedQuery - Looking up named query 'HighRiskJurisdiction.existsByCountryCodeAndActive'
2026-09-19 14:53:15 [restartedMain] DEBUG o.s.d.j.repository.query.NamedQuery - Did not find named query HighRiskJurisdiction.existsByCountryCodeAndActive
2026-09-19 14:53:15 [restartedMain] DEBUG o.s.d.j.repository.query.NamedQuery - Did not find named query Account.findByIsActiveTrueAndCurrency.count
2026-09-19 14:53:15 [restartedMain] DEBUG o.s.d.j.repository.query.NamedQuery - Did not find named query Account.findActiveAccountsByCustomerId.count
2026-09-19 14:53:15 [restartedMain] DEBUG o.s.d.j.repository.query.NamedQuery - Did not find named query Account.findActiveAccountsWithMinBalance.count
2026-09-19 14:53:15 [restartedMain] DEBUG o.s.d.j.repository.query.NamedQuery - Did not find named query Account.findByCustomerId.count
2026-09-19 14:53:15 [restartedMain] DEBUG o.s.d.j.repository.query.NamedQuery - Did not find named query Account.findByStatus.count
2026-09-19 14:53:15 [restartedMain] DEBUG o.s.d.j.repository.query.NamedQuery - Did not find named query Account.findByCustomerIdAndStatus.count
2026-09-19 14:53:15 [restartedMain] DEBUG o.s.d.j.repository.query.NamedQuery - Did not find named query Account.findAccountsOpenedBetween.count
2026-09-19 14:53:15 [restartedMain] DEBUG o.s.d.j.repository.query.NamedQuery - Did not find named query Account.findActiveJointAccounts.count
2026-09-19 14:53:15 [restartedMain] DEBUG o.s.d.j.repository.query.NamedQuery - Did not find named query Account.findByAccountNumber.count
2026-09-19 14:53:15 [restartedMain] DEBUG o.s.d.j.repository.query.NamedQuery - Did not find named query Account.findActiveAccountsByCustomerAndCurrency.count
2026-09-19 14:53:15 [restartedMain] DEBUG o.s.d.j.repository.query.NamedQuery - Did not find named query Alert.findByAlertStatus.count
2026-09-19 14:53:15 [restartedMain] DEBUG o.s.d.j.repository.query.NamedQuery - Did not find named query Alert.countOpenAlerts.count
2026-09-19 14:53:15 [restartedMain] DEBUG o.s.d.j.repository.query.NamedQuery - Did not find named query Alert.findByAccountId.count
2026-09-19 14:53:15 [restartedMain] DEBUG o.s.d.j.repository.query.NamedQuery - Did not find named query Alert.findCriticalAlerts.count
2026-09-19 14:53:15 [restartedMain] DEBUG o.s.d.j.repository.query.NamedQuery - Did not find named query Alert.findByCustomerId.count
2026-09-19 14:53:15 [restartedMain] DEBUG o.s.d.j.repository.query.NamedQuery - Did not find named query Alert.findAlertsByDateRange.count
2026-09-19 14:53:15 [restartedMain] DEBUG o.s.d.j.repository.query.NamedQuery - Did not find named query Alert.findOpenAlertsByCustomerId.count
2026-09-19 14:53:15 [restartedMain] DEBUG o.s.d.j.repository.query.NamedQuery - Did not find named query Alert.findByTransactionId.count
2026-09-19 14:53:15 [restartedMain] DEBUG o.s.d.j.repository.query.NamedQuery - Did not find named query Alert.findByRuleCode.count
2026-09-19 14:53:15 [restartedMain] DEBUG o.s.d.j.repository.query.NamedQuery - Did not find named query Alert.findOpenAlertsByRuleCodeAndCustomer.count
2026-09-19 14:53:15 [restartedMain] DEBUG o.s.d.j.repository.query.NamedQuery - Did not find named query Alert.countOpenAlertsByCustomerId.count
2026-09-19 14:53:15 [restartedMain] DEBUG o.s.d.j.repository.query.NamedQuery - Did not find named query Alert.findAlertsByRiskScoreAndTimeRange.count
2026-09-19 14:53:15 [restartedMain] DEBUG o.s.d.j.repository.query.NamedQuery - Did not find named query Alert.findOpenAlertsSortedByRiskScore.count
2026-09-19 14:53:15 [restartedMain] DEBUG o.s.d.j.repository.query.NamedQuery - Did not find named query Alert.findByAlertStatusAndCreatedByOrderByTriggeredAtDesc.count
2026-09-19 14:53:15 [restartedMain] DEBUG o.s.w.s.m.m.a.RequestMappingHandlerMapping - 8 mappings in 'requestMappingHandlerMapping'
2026-09-19 14:53:15 [restartedMain] DEBUG o.s.w.s.h.SimpleUrlHandlerMapping - Patterns [/webjars/**, /**, /swagger-ui*/*swagger-initializer.js, /swagger-ui*/**] in 'resourceHandlerMapping'
2026-09-19 14:53:15 [restartedMain] DEBUG o.s.w.s.m.m.a.RequestMappingHandlerAdapter - ControllerAdvice beans: 0 @ModelAttribute, 0 @InitBinder, 2 RequestBodyAdvice, 1 ResponseBodyAdvice
2026-09-19 14:53:15 [restartedMain] DEBUG o.s.w.s.m.m.a.ExceptionHandlerExceptionResolver - ControllerAdvice beans: 1 @ExceptionHandler, 1 ResponseBodyAdvice
2026-09-19 14:53:15 [restartedMain] DEBUG o.s.d.j.repository.query.NamedQuery - Did not find named query Customer.findByKycStatus.count
2026-09-19 14:53:15 [restartedMain] DEBUG o.s.d.j.repository.query.NamedQuery - Did not find named query Customer.findByEmail.count
2026-09-19 14:53:15 [restartedMain] DEBUG o.s.d.j.repository.query.NamedQuery - Did not find named query Customer.findByPhone.count
2026-09-19 14:53:15 [restartedMain] DEBUG o.s.d.j.repository.query.NamedQuery - Did not find named query Customer.findByRiskRating.count
2026-09-19 14:53:15 [restartedMain] DEBUG o.s.d.j.repository.query.NamedQuery - Did not find named query Customer.findVerifiedCustomers.count
2026-09-19 14:53:15 [restartedMain] DEBUG o.s.d.j.repository.query.NamedQuery - Did not find named query Customer.findHighRiskCustomers.count
2026-09-19 14:53:16 [restartedMain] DEBUG o.s.d.j.repository.query.NamedQuery - Did not find named query Customer.findExposedHighRiskCustomers.count
2026-09-19 14:53:16 [restartedMain] DEBUG o.s.d.j.repository.query.NamedQuery - Did not find named query Customer.findActiveCustomersByCountry.count
2026-09-19 14:53:16 [restartedMain] DEBUG o.s.d.j.repository.query.NamedQuery - Did not find named query Customer.findByPoliticallyExposedTrue.count
2026-09-19 14:53:16 [restartedMain] DEBUG o.s.d.j.repository.query.NamedQuery - Did not find named query Customer.findByIsActiveTrueAndNumComplaintsGreaterThan.count
2026-09-19 14:53:16 [restartedMain] DEBUG o.s.d.j.repository.query.NamedQuery - Did not find named query AmlCase.countOpenCases.count
2026-09-19 14:53:16 [restartedMain] DEBUG o.s.d.j.repository.query.NamedQuery - Did not find named query AmlCase.findByAssignedTo.count
2026-09-19 14:53:16 [restartedMain] DEBUG o.s.d.j.repository.query.NamedQuery - Did not find named query AmlCase.findByCaseStatus.count
2026-09-19 14:53:16 [restartedMain] DEBUG o.s.d.j.repository.query.NamedQuery - Did not find named query AmlCase.findBySeverity.count
2026-09-19 14:53:16 [restartedMain] DEBUG o.s.d.j.repository.query.NamedQuery - Did not find named query AmlCase.findByCustomerId.count
2026-09-19 14:53:16 [restartedMain] DEBUG o.s.d.j.repository.query.NamedQuery - Did not find named query AmlCase.findHighSeverityCases.count
2026-09-19 14:53:16 [restartedMain] DEBUG o.s.d.j.repository.query.NamedQuery - Did not find named query AmlCase.findClosedCasesByDateRange.count
2026-09-19 14:53:16 [restartedMain] DEBUG o.s.d.j.repository.query.NamedQuery - Did not find named query AmlCase.countOpenCasesByCustomerId.count
2026-09-19 14:53:16 [restartedMain] DEBUG o.s.d.j.repository.query.NamedQuery - Did not find named query AmlCase.findOpenCasesByCustomerId.count
2026-09-19 14:53:16 [restartedMain] DEBUG o.s.d.j.repository.query.NamedQuery - Did not find named query AmlCase.findUnassignedOpenCases.count
2026-09-19 14:53:16 [restartedMain] DEBUG o.s.d.j.repository.query.NamedQuery - Did not find named query AmlCase.findByOpenedAtBetweenOrderByOpenedAtDesc.count
2026-09-19 14:53:16 [restartedMain] DEBUG o.s.d.j.repository.query.NamedQuery - Did not find named query AmlCase.findOpenCasesAssignedToAnalyst.count
2026-09-19 14:53:16 [restartedMain] DEBUG o.s.d.j.repository.query.NamedQuery - Did not find named query AmlCase.countOpenCasesAssignedToAnalyst.count
2026-09-19 14:53:16 [restartedMain] DEBUG o.s.d.j.repository.query.NamedQuery - Did not find named query AmlCase.findOpenCasesSortedBySeverity.count
2026-09-19 14:53:16 [restartedMain] INFO  o.s.boot.tomcat.TomcatWebServer - Tomcat started on port 8082 (http) with context path '/sentinel'
2026-09-19 14:53:16 [restartedMain] INFO  c.s.SentinelFlowApplication - Started SentinelFlowApplication in 9.065 seconds (process running for 10.652)
2026-09-19 14:53:33 [http-nio-8082-exec-1] INFO  o.a.c.c.C.[.[localhost].[/sentinel] - Initializing Spring DispatcherServlet 'dispatcherServlet'
2026-09-19 14:53:33 [http-nio-8082-exec-1] INFO  o.s.web.servlet.DispatcherServlet - Initializing Servlet 'dispatcherServlet'
2026-09-19 14:53:33 [http-nio-8082-exec-1] DEBUG o.s.web.servlet.DispatcherServlet - Detected StandardServletMultipartResolver
2026-09-19 14:53:33 [http-nio-8082-exec-1] DEBUG o.s.web.servlet.DispatcherServlet - Detected AcceptHeaderLocaleResolver
2026-09-19 14:53:33 [http-nio-8082-exec-1] DEBUG o.s.web.servlet.DispatcherServlet - Detected org.springframework.web.servlet.view.DefaultRequestToViewNameTranslator@26b0ae4a
2026-09-19 14:53:33 [http-nio-8082-exec-1] DEBUG o.s.web.servlet.DispatcherServlet - Detected org.springframework.web.servlet.support.SessionFlashMapManager@6b3120c0
2026-09-19 14:53:33 [http-nio-8082-exec-1] DEBUG o.s.web.servlet.DispatcherServlet - enableLoggingRequestDetails='false': request parameters and headers will be masked to prevent unsafe logging of potentially sensitive data
2026-09-19 14:53:33 [http-nio-8082-exec-1] INFO  o.s.web.servlet.DispatcherServlet - Completed initialization in 30 ms
2026-09-19 14:53:33 [http-nio-8082-exec-1] DEBUG o.s.web.servlet.DispatcherServlet - GET "/sentinel/api/v1/accounts", parameters={}
2026-09-19 14:53:33 [http-nio-8082-exec-1] DEBUG o.s.w.s.m.m.a.RequestMappingHandlerMapping - Mapped to com.sentinelflow.controller.AccountController#getAllAccounts()
2026-09-19 14:53:33 [http-nio-8082-exec-1] DEBUG o.s.w.s.m.m.a.RequestResponseBodyMethodProcessor - Using 'application/json', given [application/json, text/plain, */*] and supported [application/json, application/*+json, application/yaml]
2026-09-19 14:53:33 [http-nio-8082-exec-1] DEBUG o.s.w.s.m.m.a.RequestResponseBodyMethodProcessor - Writing [java.lang.StackOverflowError]
2026-09-19 14:53:33 [http-nio-8082-exec-1] WARN  o.s.w.s.m.s.DefaultHandlerExceptionResolver - Ignoring exception, response committed already: org.springframework.http.converter.HttpMessageNotWritableException: Could not write JSON: Document nesting depth (501) exceeds the maximum allowed (500, from `StreamWriteConstraints.getMaxNestingDepth()`)
2026-09-19 14:53:33 [http-nio-8082-exec-1] WARN  o.s.w.s.m.s.DefaultHandlerExceptionResolver - Resolved [org.springframework.http.converter.HttpMessageNotWritableException: Could not write JSON: Document nesting depth (501) exceeds the maximum allowed (500, from `StreamWriteConstraints.getMaxNestingDepth()`)]
2026-09-19 14:53:33 [http-nio-8082-exec-1] DEBUG o.s.web.servlet.DispatcherServlet - Completed 200 OK
2026-09-19 14:54:30 [RMI TCP Connection(11)-127.0.0.1] INFO  o.s.b.a.SpringApplicationAdminMXBeanRegistrar$SpringApplicationAdmin - Application shutdown requested.
2026-09-19 14:54:30 [RMI TCP Connection(11)-127.0.0.1] INFO  o.s.boot.tomcat.GracefulShutdown - Commencing graceful shutdown. Waiting for active requests to complete
2026-09-19 14:54:30 [tomcat-shutdown] INFO  o.s.boot.tomcat.GracefulShutdown - Graceful shutdown complete
2026-09-19 14:54:30 [RMI TCP Connection(11)-127.0.0.1] INFO  o.s.o.j.LocalContainerEntityManagerFactoryBean - Closing JPA EntityManagerFactory for persistence unit 'default'
2026-09-19 14:54:30 [RMI TCP Connection(11)-127.0.0.1] INFO  com.zaxxer.hikari.HikariDataSource - HikariPool-1 - Shutdown initiated...
2026-09-19 14:54:30 [RMI TCP Connection(11)-127.0.0.1] INFO  com.zaxxer.hikari.HikariDataSource - HikariPool-1 - Shutdown completed.
2026-09-19 14:56:01 [restartedMain] INFO  c.s.SentinelFlowApplication - Starting SentinelFlowApplication using Java 22 with PID 20496 (D:\Java\SentinelFlow\target\classes started by hp in D:\Java\SentinelFlow)
2026-09-19 14:56:01 [restartedMain] DEBUG c.s.SentinelFlowApplication - Running with Spring Boot v4.1.1, Spring v7.0.9
2026-09-19 14:56:01 [restartedMain] INFO  c.s.SentinelFlowApplication - No active profile set, falling back to 1 default profile: "default"
2026-09-19 14:56:01 [restartedMain] INFO  o.s.b.d.e.DevToolsPropertyDefaultsPostProcessor - Devtools property defaults active! Set 'spring.devtools.add-properties' to 'false' to disable
2026-09-19 14:56:01 [restartedMain] INFO  o.s.b.d.e.DevToolsPropertyDefaultsPostProcessor - For additional web related logging consider setting the 'logging.level.web' property to 'DEBUG'
2026-09-19 14:56:02 [restartedMain] INFO  o.s.d.r.c.RepositoryConfigurationDelegate - Bootstrapping Spring Data JPA repositories in DEFAULT mode.
2026-09-19 14:56:02 [restartedMain] INFO  o.s.d.r.c.RepositoryConfigurationDelegate - Finished Spring Data repository scanning in 74 ms. Found 7 JPA repository interfaces.
2026-09-19 14:56:02 [restartedMain] INFO  o.s.boot.tomcat.TomcatWebServer - Tomcat initialized with port 8082 (http)
2026-09-19 14:56:02 [restartedMain] INFO  o.a.catalina.core.StandardService - Starting service [Tomcat]
2026-09-19 14:56:02 [restartedMain] INFO  o.a.catalina.core.StandardEngine - Starting Servlet engine: [Apache Tomcat/11.0.24]
2026-09-19 14:56:02 [restartedMain] INFO  o.s.b.w.c.s.WebApplicationContextInitializer - Root WebApplicationContext: initialization completed in 1849 ms
2026-09-19 14:56:03 [restartedMain] INFO  org.hibernate.orm.jpa - HHH008540: Processing PersistenceUnitInfo [name: default]
2026-09-19 14:56:03 [restartedMain] INFO  org.hibernate.orm.core - HHH000001: Hibernate ORM core version 7.4.5.Final
2026-09-19 14:56:03 [restartedMain] INFO  o.s.o.j.p.SpringPersistenceUnitInfo - No LoadTimeWeaver setup: ignoring JPA class transformer
2026-09-19 14:56:03 [restartedMain] INFO  com.zaxxer.hikari.HikariDataSource - HikariPool-1 - Starting...
2026-09-19 14:56:04 [restartedMain] INFO  com.zaxxer.hikari.pool.HikariPool - HikariPool-1 - Added connection org.postgresql.jdbc.PgConnection@63bd107d
2026-09-19 14:56:04 [restartedMain] INFO  com.zaxxer.hikari.HikariDataSource - HikariPool-1 - Start completed.
2026-09-19 14:56:04 [restartedMain] INFO  o.hibernate.orm.connections.pooling - HHH10001005: Database info:
	Database JDBC URL [jdbc:postgresql://localhost:5433/AzentioHackthon]
	Database driver: PostgreSQL JDBC Driver
	Database dialect: PostgreSQLDialect
	Database version: 18.6
	Default catalog/schema: AzentioHackthon/public
	Autocommit mode: undefined/unknown
	Isolation level: READ_COMMITTED [default READ_COMMITTED]
	JDBC fetch size: none
	Pool: DataSourceConnectionProvider
	Minimum pool size: undefined/unknown
	Maximum pool size: undefined/unknown
2026-09-19 14:56:06 [restartedMain] INFO  org.hibernate.orm.core - HHH000489: No JTA platform available (set 'hibernate.transaction.jta.platform' to enable JTA platform integration)
2026-09-19 14:56:06 [restartedMain] INFO  org.hibernate.orm.jdbc.batch - HHH100501: Automatic JDBC statement batching enabled (maximum batch size 20)
2026-09-19 14:56:06 [restartedMain] INFO  o.s.o.j.LocalContainerEntityManagerFactoryBean - Initialized JPA EntityManagerFactory for persistence unit 'default'
2026-09-19 14:56:06 [restartedMain] DEBUG o.s.d.j.r.c.JpaMetamodelMappingContextFactoryBean - Initializing JpaMetamodelMappingContext…
2026-09-19 14:56:06 [restartedMain] DEBUG o.s.d.j.r.c.JpaMetamodelMappingContextFactoryBean - Finished initializing JpaMetamodelMappingContext
2026-09-19 14:56:06 [restartedMain] INFO  o.s.d.j.r.q.QueryEnhancerFactories - Hibernate is in classpath; If applicable, HQL parser will be used.
2026-09-19 14:56:06 [restartedMain] DEBUG o.s.d.j.repository.query.NamedQuery - Looking up named query 'RuleConfig.findByRuleCode'
2026-09-19 14:56:07 [restartedMain] DEBUG o.s.d.j.repository.query.NamedQuery - Did not find named query RuleConfig.findByRuleCode
2026-09-19 14:56:07 [restartedMain] DEBUG o.s.d.j.repository.query.NamedQuery - Did not find named query Transaction.findHighValueTransactionsByAccountAndTimeRange.count
2026-09-19 14:56:08 [restartedMain] DEBUG o.s.d.j.repository.query.NamedQuery - Did not find named query Transaction.calculateAccountTransactionTotalFor90Days.count
2026-09-19 14:56:08 [restartedMain] DEBUG o.s.d.j.repository.query.NamedQuery - Did not find named query Transaction.findTransactionsByAccountAndTimeRange.count
2026-09-19 14:56:08 [restartedMain] DEBUG o.s.d.j.repository.query.NamedQuery - Did not find named query Transaction.calculateAccountTransactionTotal.count
2026-09-19 14:56:08 [restartedMain] DEBUG o.s.d.j.repository.query.NamedQuery - Did not find named query Transaction.findTransactionsByAmountAndTimeRange.count
2026-09-19 14:56:08 [restartedMain] DEBUG o.s.d.j.repository.query.NamedQuery - Did not find named query Transaction.sumTransactionAmountByCustomerAndTimeRange.count
2026-09-19 14:56:08 [restartedMain] DEBUG o.s.d.j.repository.query.NamedQuery - Did not find named query Transaction.countTransactionsByAccountAndTimeRange.count
2026-09-19 14:56:08 [restartedMain] DEBUG o.s.d.j.repository.query.NamedQuery - Did not find named query Transaction.sumTransactionAmountByAccountAndTimeRange.count
2026-09-19 14:56:08 [restartedMain] DEBUG o.s.d.j.repository.query.NamedQuery - Did not find named query Transaction.findByCountryCode.count
2026-09-19 14:56:08 [restartedMain] DEBUG o.s.d.j.repository.query.NamedQuery - Did not find named query Transaction.findByAccountId.count
2026-09-19 14:56:08 [restartedMain] DEBUG o.s.d.j.repository.query.NamedQuery - Did not find named query Transaction.findByIsHighRiskTrue.count
2026-09-19 14:56:08 [restartedMain] DEBUG o.s.d.j.repository.query.NamedQuery - Did not find named query Transaction.findByAccountIdAndStatus.count
2026-09-19 14:56:08 [restartedMain] DEBUG o.s.d.j.repository.query.NamedQuery - Did not find named query Transaction.findTransactionsByTypeAndTimeRange.count
2026-09-19 14:56:08 [restartedMain] DEBUG o.s.d.j.repository.query.NamedQuery - Did not find named query Transaction.findHighRiskTransactionsByChannel.count
2026-09-19 14:56:08 [restartedMain] DEBUG o.s.d.j.repository.query.NamedQuery - Did not find named query Transaction.findByCountryCodeAndStatusAndTransactionDatetimeBetween.count
2026-09-19 14:56:08 [restartedMain] DEBUG o.s.d.j.repository.query.NamedQuery - Looking up named query 'HighRiskJurisdiction.existsByCountryCodeAndActive'
2026-09-19 14:56:08 [restartedMain] DEBUG o.s.d.j.repository.query.NamedQuery - Did not find named query HighRiskJurisdiction.existsByCountryCodeAndActive
2026-09-19 14:56:08 [restartedMain] DEBUG o.s.d.j.repository.query.NamedQuery - Did not find named query Account.findActiveAccountsWithMinBalance.count
2026-09-19 14:56:08 [restartedMain] DEBUG o.s.d.j.repository.query.NamedQuery - Did not find named query Account.findByIsActiveTrueAndCurrency.count
2026-09-19 14:56:08 [restartedMain] DEBUG o.s.d.j.repository.query.NamedQuery - Did not find named query Account.findActiveAccountsByCustomerId.count
2026-09-19 14:56:08 [restartedMain] DEBUG o.s.d.j.repository.query.NamedQuery - Did not find named query Account.findActiveAccountsByCustomerAndCurrency.count
2026-09-19 14:56:08 [restartedMain] DEBUG o.s.d.j.repository.query.NamedQuery - Did not find named query Account.findByCustomerId.count
2026-09-19 14:56:08 [restartedMain] DEBUG o.s.d.j.repository.query.NamedQuery - Did not find named query Account.findByStatus.count
2026-09-19 14:56:08 [restartedMain] DEBUG o.s.d.j.repository.query.NamedQuery - Did not find named query Account.findAccountsOpenedBetween.count
2026-09-19 14:56:08 [restartedMain] DEBUG o.s.d.j.repository.query.NamedQuery - Did not find named query Account.findByAccountNumber.count
2026-09-19 14:56:08 [restartedMain] DEBUG o.s.d.j.repository.query.NamedQuery - Did not find named query Account.findActiveJointAccounts.count
2026-09-19 14:56:08 [restartedMain] DEBUG o.s.d.j.repository.query.NamedQuery - Did not find named query Account.findByCustomerIdAndStatus.count
2026-09-19 14:56:08 [restartedMain] DEBUG o.s.d.j.repository.query.NamedQuery - Did not find named query Alert.findByRuleCode.count
2026-09-19 14:56:08 [restartedMain] DEBUG o.s.d.j.repository.query.NamedQuery - Did not find named query Alert.findByAlertStatusAndCreatedByOrderByTriggeredAtDesc.count
2026-09-19 14:56:08 [restartedMain] DEBUG o.s.d.j.repository.query.NamedQuery - Did not find named query Alert.findOpenAlertsByRuleCodeAndCustomer.count
2026-09-19 14:56:08 [restartedMain] DEBUG o.s.d.j.repository.query.NamedQuery - Did not find named query Alert.findByCustomerId.count
2026-09-19 14:56:08 [restartedMain] DEBUG o.s.d.j.repository.query.NamedQuery - Did not find named query Alert.findByAlertStatus.count
2026-09-19 14:56:08 [restartedMain] DEBUG o.s.d.j.repository.query.NamedQuery - Did not find named query Alert.countOpenAlerts.count
2026-09-19 14:56:08 [restartedMain] DEBUG o.s.d.j.repository.query.NamedQuery - Did not find named query Alert.findByAccountId.count
2026-09-19 14:56:08 [restartedMain] DEBUG o.s.d.j.repository.query.NamedQuery - Did not find named query Alert.findCriticalAlerts.count
2026-09-19 14:56:08 [restartedMain] DEBUG o.s.d.j.repository.query.NamedQuery - Did not find named query Alert.findOpenAlertsByCustomerId.count
2026-09-19 14:56:08 [restartedMain] DEBUG o.s.d.j.repository.query.NamedQuery - Did not find named query Alert.findAlertsByDateRange.count
2026-09-19 14:56:08 [restartedMain] DEBUG o.s.d.j.repository.query.NamedQuery - Did not find named query Alert.findByTransactionId.count
2026-09-19 14:56:08 [restartedMain] DEBUG o.s.d.j.repository.query.NamedQuery - Did not find named query Alert.findOpenAlertsSortedByRiskScore.count
2026-09-19 14:56:08 [restartedMain] DEBUG o.s.d.j.repository.query.NamedQuery - Did not find named query Alert.countOpenAlertsByCustomerId.count
2026-09-19 14:56:08 [restartedMain] DEBUG o.s.d.j.repository.query.NamedQuery - Did not find named query Alert.findAlertsByRiskScoreAndTimeRange.count
2026-09-19 14:56:08 [restartedMain] DEBUG o.s.w.s.m.m.a.RequestMappingHandlerMapping - 8 mappings in 'requestMappingHandlerMapping'
2026-09-19 14:56:08 [restartedMain] DEBUG o.s.w.s.h.SimpleUrlHandlerMapping - Patterns [/webjars/**, /**, /swagger-ui*/*swagger-initializer.js, /swagger-ui*/**] in 'resourceHandlerMapping'
2026-09-19 14:56:08 [restartedMain] DEBUG o.s.w.s.m.m.a.RequestMappingHandlerAdapter - ControllerAdvice beans: 0 @ModelAttribute, 0 @InitBinder, 2 RequestBodyAdvice, 1 ResponseBodyAdvice
2026-09-19 14:56:08 [restartedMain] DEBUG o.s.w.s.m.m.a.ExceptionHandlerExceptionResolver - ControllerAdvice beans: 1 @ExceptionHandler, 1 ResponseBodyAdvice
2026-09-19 14:56:09 [restartedMain] DEBUG o.s.d.j.repository.query.NamedQuery - Did not find named query AmlCase.findByOpenedAtBetweenOrderByOpenedAtDesc.count
2026-09-19 14:56:09 [restartedMain] DEBUG o.s.d.j.repository.query.NamedQuery - Did not find named query AmlCase.findByCustomerId.count
2026-09-19 14:56:09 [restartedMain] DEBUG o.s.d.j.repository.query.NamedQuery - Did not find named query AmlCase.findByCaseStatus.count
2026-09-19 14:56:09 [restartedMain] DEBUG o.s.d.j.repository.query.NamedQuery - Did not find named query AmlCase.findBySeverity.count
2026-09-19 14:56:09 [restartedMain] DEBUG o.s.d.j.repository.query.NamedQuery - Did not find named query AmlCase.findByAssignedTo.count
2026-09-19 14:56:09 [restartedMain] DEBUG o.s.d.j.repository.query.NamedQuery - Did not find named query AmlCase.countOpenCases.count
2026-09-19 14:56:09 [restartedMain] DEBUG o.s.d.j.repository.query.NamedQuery - Did not find named query AmlCase.findOpenCasesByCustomerId.count
2026-09-19 14:56:09 [restartedMain] DEBUG o.s.d.j.repository.query.NamedQuery - Did not find named query AmlCase.findHighSeverityCases.count
2026-09-19 14:56:09 [restartedMain] DEBUG o.s.d.j.repository.query.NamedQuery - Did not find named query AmlCase.findClosedCasesByDateRange.count
2026-09-19 14:56:09 [restartedMain] DEBUG o.s.d.j.repository.query.NamedQuery - Did not find named query AmlCase.findUnassignedOpenCases.count
2026-09-19 14:56:09 [restartedMain] DEBUG o.s.d.j.repository.query.NamedQuery - Did not find named query AmlCase.countOpenCasesByCustomerId.count
2026-09-19 14:56:09 [restartedMain] DEBUG o.s.d.j.repository.query.NamedQuery - Did not find named query AmlCase.countOpenCasesAssignedToAnalyst.count
2026-09-19 14:56:09 [restartedMain] DEBUG o.s.d.j.repository.query.NamedQuery - Did not find named query AmlCase.findOpenCasesSortedBySeverity.count
2026-09-19 14:56:09 [restartedMain] DEBUG o.s.d.j.repository.query.NamedQuery - Did not find named query AmlCase.findOpenCasesAssignedToAnalyst.count
2026-09-19 14:56:09 [restartedMain] DEBUG o.s.d.j.repository.query.NamedQuery - Did not find named query Customer.findByIsActiveTrueAndNumComplaintsGreaterThan.count
2026-09-19 14:56:09 [restartedMain] DEBUG o.s.d.j.repository.query.NamedQuery - Did not find named query Customer.findByEmail.count
2026-09-19 14:56:09 [restartedMain] DEBUG o.s.d.j.repository.query.NamedQuery - Did not find named query Customer.findByRiskRating.count
2026-09-19 14:56:09 [restartedMain] DEBUG o.s.d.j.repository.query.NamedQuery - Did not find named query Customer.findByPhone.count
2026-09-19 14:56:09 [restartedMain] DEBUG o.s.d.j.repository.query.NamedQuery - Did not find named query Customer.findByKycStatus.count
2026-09-19 14:56:09 [restartedMain] DEBUG o.s.d.j.repository.query.NamedQuery - Did not find named query Customer.findVerifiedCustomers.count
2026-09-19 14:56:09 [restartedMain] DEBUG o.s.d.j.repository.query.NamedQuery - Did not find named query Customer.findHighRiskCustomers.count
2026-09-19 14:56:09 [restartedMain] DEBUG o.s.d.j.repository.query.NamedQuery - Did not find named query Customer.findByPoliticallyExposedTrue.count
2026-09-19 14:56:09 [restartedMain] DEBUG o.s.d.j.repository.query.NamedQuery - Did not find named query Customer.findExposedHighRiskCustomers.count
2026-09-19 14:56:09 [restartedMain] DEBUG o.s.d.j.repository.query.NamedQuery - Did not find named query Customer.findActiveCustomersByCountry.count
2026-09-19 14:56:09 [restartedMain] INFO  o.s.boot.tomcat.TomcatWebServer - Tomcat started on port 8082 (http) with context path '/sentinel'
2026-09-19 14:56:09 [restartedMain] INFO  c.s.SentinelFlowApplication - Started SentinelFlowApplication in 8.865 seconds (process running for 10.284)
2026-09-19 14:56:18 [http-nio-8082-exec-1] INFO  o.a.c.c.C.[.[localhost].[/sentinel] - Initializing Spring DispatcherServlet 'dispatcherServlet'
2026-09-19 14:56:18 [http-nio-8082-exec-1] INFO  o.s.web.servlet.DispatcherServlet - Initializing Servlet 'dispatcherServlet'
2026-09-19 14:56:18 [http-nio-8082-exec-1] DEBUG o.s.web.servlet.DispatcherServlet - Detected StandardServletMultipartResolver
2026-09-19 14:56:18 [http-nio-8082-exec-1] DEBUG o.s.web.servlet.DispatcherServlet - Detected AcceptHeaderLocaleResolver
2026-09-19 14:56:18 [http-nio-8082-exec-1] DEBUG o.s.web.servlet.DispatcherServlet - Detected org.springframework.web.servlet.view.DefaultRequestToViewNameTranslator@27463c0a
2026-09-19 14:56:18 [http-nio-8082-exec-1] DEBUG o.s.web.servlet.DispatcherServlet - Detected org.springframework.web.servlet.support.SessionFlashMapManager@2d9e5918
2026-09-19 14:56:18 [http-nio-8082-exec-1] DEBUG o.s.web.servlet.DispatcherServlet - enableLoggingRequestDetails='false': request parameters and headers will be masked to prevent unsafe logging of potentially sensitive data
2026-09-19 14:56:18 [http-nio-8082-exec-1] INFO  o.s.web.servlet.DispatcherServlet - Completed initialization in 5 ms
2026-09-19 14:56:18 [http-nio-8082-exec-1] DEBUG o.s.web.servlet.DispatcherServlet - GET "/sentinel/api/v1/accounts", parameters={}
2026-09-19 14:56:18 [http-nio-8082-exec-1] DEBUG o.s.w.s.m.m.a.RequestMappingHandlerMapping - Mapped to com.sentinelflow.controller.AccountController#getAllAccounts()
2026-09-19 14:56:18 [http-nio-8082-exec-1] DEBUG o.s.w.s.m.m.a.RequestResponseBodyMethodProcessor - Using 'application/json', given [application/json, text/plain, */*] and supported [application/json, application/*+json, application/yaml]
2026-09-19 14:56:18 [http-nio-8082-exec-1] DEBUG o.s.w.s.m.m.a.RequestResponseBodyMethodProcessor - Writing [[com.sentinelflow.dto.AccountResponse@7647fa7b, com.sentinelflow.dto.AccountResponse@395728a7]]
2026-09-19 14:56:18 [http-nio-8082-exec-1] DEBUG o.s.web.servlet.DispatcherServlet - Completed 200 OK
2026-09-19 14:56:53 [http-nio-8082-exec-2] DEBUG o.s.web.servlet.DispatcherServlet - OPTIONS "/sentinel/api/v1/transactions", parameters={}
2026-09-19 14:56:53 [http-nio-8082-exec-2] DEBUG o.s.w.s.m.m.a.RequestMappingHandlerMapping - Mapped to com.sentinelflow.controller.TransactionController#createTransaction(TransactionRequest)
2026-09-19 14:56:53 [http-nio-8082-exec-2] DEBUG o.s.web.servlet.DispatcherServlet - Completed 200 OK
2026-09-19 14:56:53 [http-nio-8082-exec-3] DEBUG o.s.web.servlet.DispatcherServlet - POST "/sentinel/api/v1/transactions", parameters={}
2026-09-19 14:56:53 [http-nio-8082-exec-3] DEBUG o.s.w.s.m.m.a.RequestMappingHandlerMapping - Mapped to com.sentinelflow.controller.TransactionController#createTransaction(TransactionRequest)
2026-09-19 14:56:53 [http-nio-8082-exec-3] DEBUG o.s.w.s.m.m.a.RequestResponseBodyMethodProcessor - Read "application/json;charset=UTF-8" to [com.sentinelflow.dto.TransactionRequest@31c2a65a]
2026-09-19 14:56:53 [http-nio-8082-exec-3] DEBUG o.s.web.servlet.DispatcherServlet - Failed to complete request: java.lang.RuntimeException: Account not found
2026-09-19 14:56:53 [http-nio-8082-exec-3] ERROR o.a.c.c.C.[.[.[.[dispatcherServlet] - Servlet.service() for servlet [dispatcherServlet] in context with path [/sentinel] threw exception [Request processing failed: java.lang.RuntimeException: Account not found] with root cause
java.lang.RuntimeException: Account not found
	at com.sentinelflow.service.impl.TransactionServiceImpl.lambda$processTransaction$0(TransactionServiceImpl.java:43)
	at java.base/java.util.Optional.orElseThrow(Optional.java:403)
	at com.sentinelflow.service.impl.TransactionServiceImpl.processTransaction(TransactionServiceImpl.java:42)
	at java.base/jdk.internal.reflect.DirectMethodHandleAccessor.invoke(DirectMethodHandleAccessor.java:103)
	at java.base/java.lang.reflect.Method.invoke(Method.java:580)
	at org.springframework.aop.support.AopUtils.invokeJoinpointUsingReflection(AopUtils.java:359)
	at org.springframework.aop.framework.ReflectiveMethodInvocation.invokeJoinpoint(ReflectiveMethodInvocation.java:190)
	at org.springframework.aop.framework.ReflectiveMethodInvocation.proceed(ReflectiveMethodInvocation.java:158)
	at org.springframework.transaction.interceptor.TransactionInterceptor$1.proceedWithInvocation(TransactionInterceptor.java:133)
	at org.springframework.transaction.interceptor.TransactionAspectSupport.invokeWithinTransaction(TransactionAspectSupport.java:371)
	at org.springframework.transaction.interceptor.TransactionInterceptor.invoke(TransactionInterceptor.java:130)
	at org.springframework.aop.framework.ReflectiveMethodInvocation.proceed(ReflectiveMethodInvocation.java:179)
	at org.springframework.aop.framework.CglibAopProxy$DynamicAdvisedInterceptor.intercept(CglibAopProxy.java:719)
	at com.sentinelflow.service.impl.TransactionServiceImpl$$SpringCGLIB$$0.processTransaction(<generated>)
	at com.sentinelflow.controller.TransactionController.createTransaction(TransactionController.java:30)
	at java.base/jdk.internal.reflect.DirectMethodHandleAccessor.invoke(DirectMethodHandleAccessor.java:103)
	at java.base/java.lang.reflect.Method.invoke(Method.java:580)
	at org.springframework.web.method.support.InvocableHandlerMethod.doInvoke(InvocableHandlerMethod.java:252)
	at org.springframework.web.method.support.InvocableHandlerMethod.invokeForRequest(InvocableHandlerMethod.java:184)
	at org.springframework.web.servlet.mvc.method.annotation.ServletInvocableHandlerMethod.invokeAndHandle(ServletInvocableHandlerMethod.java:117)
	at org.springframework.web.servlet.mvc.method.annotation.RequestMappingHandlerAdapter.invokeHandlerMethod(RequestMappingHandlerAdapter.java:934)
	at org.springframework.web.servlet.mvc.method.annotation.RequestMappingHandlerAdapter.handleInternal(RequestMappingHandlerAdapter.java:853)
	at org.springframework.web.servlet.mvc.method.AbstractHandlerMethodAdapter.handle(AbstractHandlerMethodAdapter.java:86)
	at org.springframework.web.servlet.DispatcherServlet.doDispatch(DispatcherServlet.java:963)
	at org.springframework.web.servlet.DispatcherServlet.doService(DispatcherServlet.java:866)
	at org.springframework.web.servlet.FrameworkServlet.processRequest(FrameworkServlet.java:1000)
	at org.springframework.web.servlet.FrameworkServlet.doPost(FrameworkServlet.java:903)
	at jakarta.servlet.http.HttpServlet.service(HttpServlet.java:649)
	at org.springframework.web.servlet.FrameworkServlet.service(FrameworkServlet.java:874)
	at jakarta.servlet.http.HttpServlet.service(HttpServlet.java:710)
	at org.apache.catalina.core.ApplicationFilterChain.doFilter(ApplicationFilterChain.java:132)
	at org.apache.tomcat.websocket.server.WsFilter.doFilter(WsFilter.java:59)
	at org.apache.catalina.core.ApplicationFilterChain.doFilter(ApplicationFilterChain.java:111)
	at org.springframework.web.filter.RequestContextFilter.doFilterInternal(RequestContextFilter.java:100)
	at org.springframework.web.filter.OncePerRequestFilter.doFilter(OncePerRequestFilter.java:116)
	at org.apache.catalina.core.ApplicationFilterChain.doFilter(ApplicationFilterChain.java:111)
	at org.springframework.web.filter.FormContentFilter.doFilterInternal(FormContentFilter.java:93)
	at org.springframework.web.filter.OncePerRequestFilter.doFilter(OncePerRequestFilter.java:116)
	at org.apache.catalina.core.ApplicationFilterChain.doFilter(ApplicationFilterChain.java:111)
	at org.springframework.web.filter.CharacterEncodingFilter.doFilterInternal(CharacterEncodingFilter.java:199)
	at org.springframework.web.filter.OncePerRequestFilter.doFilter(OncePerRequestFilter.java:116)
	at org.apache.catalina.core.ApplicationFilterChain.doFilter(ApplicationFilterChain.java:111)
	at org.apache.catalina.core.StandardWrapperValve.invoke(StandardWrapperValve.java:165)
	at org.apache.catalina.core.StandardContextValve.invoke(StandardContextValve.java:77)
	at org.apache.catalina.authenticator.AuthenticatorBase.invoke(AuthenticatorBase.java:535)
	at org.apache.catalina.core.StandardHostValve.invoke(StandardHostValve.java:115)
	at org.apache.catalina.valves.ErrorReportValve.invoke(ErrorReportValve.java:86)
	at org.apache.catalina.core.StandardEngineValve.invoke(StandardEngineValve.java:71)
	at org.apache.catalina.connector.CoyoteAdapter.service(CoyoteAdapter.java:347)
	at org.apache.coyote.http11.Http11Processor.service(Http11Processor.java:406)
	at org.apache.coyote.AbstractProcessorLight.process(AbstractProcessorLight.java:71)
	at org.apache.coyote.AbstractProtocol$ConnectionHandler.process(AbstractProtocol.java:1307)
	at org.apache.tomcat.util.net.NioEndpoint$SocketProcessor.doRun(NioEndpoint.java:2036)
	at org.apache.tomcat.util.net.SocketProcessorBase.run(SocketProcessorBase.java:74)
	at org.apache.tomcat.util.threads.ThreadPoolExecutor.runWorker(ThreadPoolExecutor.java:949)
	at org.apache.tomcat.util.threads.ThreadPoolExecutor$Worker.run(ThreadPoolExecutor.java:483)
	at org.apache.tomcat.util.threads.TaskThread$WrappingRunnable.run(TaskThread.java:74)
	at java.base/java.lang.Thread.run(Thread.java:1570)
2026-09-19 14:56:53 [http-nio-8082-exec-3] DEBUG o.s.web.servlet.DispatcherServlet - "ERROR" dispatch for GET "/sentinel/error", parameters={}
2026-09-19 14:56:53 [http-nio-8082-exec-3] DEBUG o.s.w.s.m.m.a.RequestMappingHandlerMapping - Mapped to org.springframework.boot.webmvc.autoconfigure.error.BasicErrorController#error(HttpServletRequest)
2026-09-19 14:56:53 [http-nio-8082-exec-3] DEBUG o.s.w.s.m.m.a.HttpEntityMethodProcessor - Using 'application/json', given [application/json, text/plain, */*] and supported [application/json, application/*+json, application/yaml]
2026-09-19 14:56:53 [http-nio-8082-exec-3] DEBUG o.s.w.s.m.m.a.HttpEntityMethodProcessor - Writing [{timestamp=Sat Sep 19 14:56:53 IST 2026, status=500, error=Internal Server Error, trace=java.lang.Ru (truncated)...]
2026-09-19 14:56:53 [http-nio-8082-exec-3] DEBUG o.s.web.servlet.DispatcherServlet - Exiting from "ERROR" dispatch, status 500
2026-09-19 14:57:17 [http-nio-8082-exec-4] DEBUG o.s.web.servlet.DispatcherServlet - POST "/sentinel/api/v1/transactions", parameters={}
2026-09-19 14:57:17 [http-nio-8082-exec-4] DEBUG o.s.w.s.m.m.a.RequestMappingHandlerMapping - Mapped to com.sentinelflow.controller.TransactionController#createTransaction(TransactionRequest)
2026-09-19 14:57:17 [http-nio-8082-exec-4] DEBUG o.s.w.s.m.m.a.RequestResponseBodyMethodProcessor - Read "application/json;charset=UTF-8" to [com.sentinelflow.dto.TransactionRequest@7c26be73]
2026-09-19 14:57:17 [http-nio-8082-exec-4] DEBUG o.s.d.j.r.query.PartTreeJpaQuery - QueryPreparer: Derived query for query method [public abstract java.util.Optional com.sentinelflow.repositories.RuleConfigRepository.findByRuleCode(java.lang.String)]: 'SELECT r FROM RuleConfig r WHERE r.ruleCode = :ruleCode'
2026-09-19 14:57:17 [http-nio-8082-exec-4] DEBUG o.s.d.j.r.query.PartTreeJpaQuery - QueryPreparer: Derived query for query method [public abstract java.util.Optional com.sentinelflow.repositories.RuleConfigRepository.findByRuleCode(java.lang.String)]: 'SELECT r FROM RuleConfig r WHERE r.ruleCode = :ruleCode'
2026-09-19 14:57:17 [http-nio-8082-exec-4] DEBUG o.s.d.j.r.query.PartTreeJpaQuery - QueryPreparer: Derived query for query method [public abstract boolean com.sentinelflow.repositories.HighRiskJurisdictionRepository.existsByCountryCodeAndActive(java.lang.String,boolean)]: 'SELECT h.id FROM HighRiskJurisdiction h WHERE h.countryCode = :countryCode AND h.active = :active'
2026-09-19 14:57:17 [http-nio-8082-exec-4] DEBUG o.s.d.j.r.query.PartTreeJpaQuery - QueryPreparer: Derived query for query method [public abstract java.util.Optional com.sentinelflow.repositories.RuleConfigRepository.findByRuleCode(java.lang.String)]: 'SELECT r FROM RuleConfig r WHERE r.ruleCode = :ruleCode'
2026-09-19 14:57:17 [http-nio-8082-exec-4] DEBUG o.s.d.j.r.query.PartTreeJpaQuery - QueryPreparer: Derived query for query method [public abstract java.util.Optional com.sentinelflow.repositories.RuleConfigRepository.findByRuleCode(java.lang.String)]: 'SELECT r FROM RuleConfig r WHERE r.ruleCode = :ruleCode'
2026-09-19 14:57:17 [http-nio-8082-exec-4] DEBUG o.s.d.j.r.query.PartTreeJpaQuery - QueryPreparer: Derived query for query method [public abstract java.util.Optional com.sentinelflow.repositories.RuleConfigRepository.findByRuleCode(java.lang.String)]: 'SELECT r FROM RuleConfig r WHERE r.ruleCode = :ruleCode'
2026-09-19 14:57:17 [http-nio-8082-exec-4] DEBUG o.s.w.s.m.m.a.HttpEntityMethodProcessor - Using 'application/json', given [application/json, text/plain, */*] and supported [application/json, application/*+json, application/yaml]
2026-09-19 14:57:17 [http-nio-8082-exec-4] DEBUG o.s.w.s.m.m.a.HttpEntityMethodProcessor - Writing [com.sentinelflow.dto.TransactionResponse@17701d4b]
2026-09-19 14:57:17 [http-nio-8082-exec-4] DEBUG o.s.web.servlet.DispatcherServlet - Completed 200 OK
2026-09-19 14:58:25 [http-nio-8082-exec-5] DEBUG o.s.web.servlet.DispatcherServlet - GET "/sentinel/api/v1/accounts", parameters={}
2026-09-19 14:58:25 [http-nio-8082-exec-5] DEBUG o.s.w.s.m.m.a.RequestMappingHandlerMapping - Mapped to com.sentinelflow.controller.AccountController#getAllAccounts()
2026-09-19 14:58:26 [http-nio-8082-exec-5] DEBUG o.s.w.s.m.m.a.RequestResponseBodyMethodProcessor - Using 'application/json', given [application/json, text/plain, */*] and supported [application/json, application/*+json, application/yaml]
2026-09-19 14:58:26 [http-nio-8082-exec-5] DEBUG o.s.w.s.m.m.a.RequestResponseBodyMethodProcessor - Writing [[com.sentinelflow.dto.AccountResponse@46ed5271, com.sentinelflow.dto.AccountResponse@71bee775]]
2026-09-19 14:58:26 [http-nio-8082-exec-5] DEBUG o.s.web.servlet.DispatcherServlet - Completed 200 OK
2026-09-19 14:58:41 [http-nio-8082-exec-7] DEBUG o.s.web.servlet.DispatcherServlet - GET "/sentinel/api/v1/accounts", parameters={}
2026-09-19 14:58:41 [http-nio-8082-exec-7] DEBUG o.s.w.s.m.m.a.RequestMappingHandlerMapping - Mapped to com.sentinelflow.controller.AccountController#getAllAccounts()
2026-09-19 14:58:41 [http-nio-8082-exec-7] DEBUG o.s.w.s.m.m.a.RequestResponseBodyMethodProcessor - Using 'application/json', given [application/json, text/plain, */*] and supported [application/json, application/*+json, application/yaml]
2026-09-19 14:58:41 [http-nio-8082-exec-7] DEBUG o.s.w.s.m.m.a.RequestResponseBodyMethodProcessor - Writing [[com.sentinelflow.dto.AccountResponse@55b861b2, com.sentinelflow.dto.AccountResponse@187e673e]]
2026-09-19 14:58:41 [http-nio-8082-exec-7] DEBUG o.s.web.servlet.DispatcherServlet - Completed 200 OK
2026-09-19 14:59:39 [http-nio-8082-exec-8] DEBUG o.s.web.servlet.DispatcherServlet - GET "/sentinel/api/v1/accounts", parameters={}
2026-09-19 14:59:39 [http-nio-8082-exec-8] DEBUG o.s.w.s.m.m.a.RequestMappingHandlerMapping - Mapped to com.sentinelflow.controller.AccountController#getAllAccounts()
2026-09-19 14:59:39 [http-nio-8082-exec-8] DEBUG o.s.w.s.m.m.a.RequestResponseBodyMethodProcessor - Using 'application/json', given [application/json, text/plain, */*] and supported [application/json, application/*+json, application/yaml]
2026-09-19 14:59:39 [http-nio-8082-exec-8] DEBUG o.s.w.s.m.m.a.RequestResponseBodyMethodProcessor - Writing [[com.sentinelflow.dto.AccountResponse@72eb8907, com.sentinelflow.dto.AccountResponse@584cde9b]]
2026-09-19 14:59:39 [http-nio-8082-exec-8] DEBUG o.s.web.servlet.DispatcherServlet - Completed 200 OK
2026-09-19 14:59:55 [http-nio-8082-exec-9] DEBUG o.s.web.servlet.DispatcherServlet - GET "/sentinel/api/v1/accounts", parameters={}
2026-09-19 14:59:55 [http-nio-8082-exec-9] DEBUG o.s.w.s.m.m.a.RequestMappingHandlerMapping - Mapped to com.sentinelflow.controller.AccountController#getAllAccounts()
2026-09-19 14:59:55 [http-nio-8082-exec-9] DEBUG o.s.w.s.m.m.a.RequestResponseBodyMethodProcessor - Using 'application/json', given [application/json, text/plain, */*] and supported [application/json, application/*+json, application/yaml]
2026-09-19 14:59:55 [http-nio-8082-exec-9] DEBUG o.s.w.s.m.m.a.RequestResponseBodyMethodProcessor - Writing [[com.sentinelflow.dto.AccountResponse@55ed5f62, com.sentinelflow.dto.AccountResponse@6624a299]]
2026-09-19 14:59:55 [http-nio-8082-exec-9] DEBUG o.s.web.servlet.DispatcherServlet - Completed 200 OK
2026-09-19 15:00:33 [http-nio-8082-exec-10] DEBUG o.s.web.servlet.DispatcherServlet - GET "/sentinel/api/v1/accounts", parameters={}
2026-09-19 15:00:33 [http-nio-8082-exec-10] DEBUG o.s.w.s.m.m.a.RequestMappingHandlerMapping - Mapped to com.sentinelflow.controller.AccountController#getAllAccounts()
2026-09-19 15:00:33 [http-nio-8082-exec-10] DEBUG o.s.w.s.m.m.a.RequestResponseBodyMethodProcessor - Using 'application/json', given [application/json, text/plain, */*] and supported [application/json, application/*+json, application/yaml]
2026-09-19 15:00:33 [http-nio-8082-exec-10] DEBUG o.s.w.s.m.m.a.RequestResponseBodyMethodProcessor - Writing [[com.sentinelflow.dto.AccountResponse@16978328, com.sentinelflow.dto.AccountResponse@78fcd4d0]]
2026-09-19 15:00:33 [http-nio-8082-exec-10] DEBUG o.s.web.servlet.DispatcherServlet - Completed 200 OK
2026-09-19 15:02:55 [RMI TCP Connection(16)-127.0.0.1] INFO  o.s.b.a.SpringApplicationAdminMXBeanRegistrar$SpringApplicationAdmin - Application shutdown requested.
2026-09-19 15:02:55 [RMI TCP Connection(16)-127.0.0.1] INFO  o.s.boot.tomcat.GracefulShutdown - Commencing graceful shutdown. Waiting for active requests to complete
2026-09-19 15:02:55 [tomcat-shutdown] INFO  o.s.boot.tomcat.GracefulShutdown - Graceful shutdown complete
2026-09-19 15:02:55 [RMI TCP Connection(16)-127.0.0.1] INFO  o.s.o.j.LocalContainerEntityManagerFactoryBean - Closing JPA EntityManagerFactory for persistence unit 'default'
2026-09-19 15:02:55 [RMI TCP Connection(16)-127.0.0.1] INFO  com.zaxxer.hikari.HikariDataSource - HikariPool-1 - Shutdown initiated...
2026-09-19 15:02:55 [RMI TCP Connection(16)-127.0.0.1] INFO  com.zaxxer.hikari.HikariDataSource - HikariPool-1 - Shutdown completed.
2026-09-19 15:03:59 [restartedMain] INFO  c.s.SentinelFlowApplication - Starting SentinelFlowApplication using Java 22 with PID 9776 (D:\Java\SentinelFlow\target\classes started by hp in D:\Java\SentinelFlow)
2026-09-19 15:03:59 [restartedMain] DEBUG c.s.SentinelFlowApplication - Running with Spring Boot v4.1.1, Spring v7.0.9
2026-09-19 15:03:59 [restartedMain] INFO  c.s.SentinelFlowApplication - No active profile set, falling back to 1 default profile: "default"
2026-09-19 15:03:59 [restartedMain] INFO  o.s.b.d.e.DevToolsPropertyDefaultsPostProcessor - Devtools property defaults active! Set 'spring.devtools.add-properties' to 'false' to disable
2026-09-19 15:03:59 [restartedMain] INFO  o.s.b.d.e.DevToolsPropertyDefaultsPostProcessor - For additional web related logging consider setting the 'logging.level.web' property to 'DEBUG'
2026-09-19 15:04:00 [restartedMain] INFO  o.s.d.r.c.RepositoryConfigurationDelegate - Bootstrapping Spring Data JPA repositories in DEFAULT mode.
2026-09-19 15:04:00 [restartedMain] INFO  o.s.d.r.c.RepositoryConfigurationDelegate - Finished Spring Data repository scanning in 42 ms. Found 7 JPA repository interfaces.
2026-09-19 15:04:00 [restartedMain] INFO  o.s.boot.tomcat.TomcatWebServer - Tomcat initialized with port 8082 (http)
2026-09-19 15:04:00 [restartedMain] INFO  o.a.catalina.core.StandardService - Starting service [Tomcat]
2026-09-19 15:04:00 [restartedMain] INFO  o.a.catalina.core.StandardEngine - Starting Servlet engine: [Apache Tomcat/11.0.24]
2026-09-19 15:04:00 [restartedMain] INFO  o.s.b.w.c.s.WebApplicationContextInitializer - Root WebApplicationContext: initialization completed in 1377 ms
2026-09-19 15:04:00 [restartedMain] INFO  org.hibernate.orm.jpa - HHH008540: Processing PersistenceUnitInfo [name: default]
2026-09-19 15:04:00 [restartedMain] INFO  org.hibernate.orm.core - HHH000001: Hibernate ORM core version 7.4.5.Final
2026-09-19 15:04:01 [restartedMain] INFO  o.s.o.j.p.SpringPersistenceUnitInfo - No LoadTimeWeaver setup: ignoring JPA class transformer
2026-09-19 15:04:01 [restartedMain] INFO  com.zaxxer.hikari.HikariDataSource - HikariPool-1 - Starting...
2026-09-19 15:04:01 [restartedMain] INFO  com.zaxxer.hikari.pool.HikariPool - HikariPool-1 - Added connection org.postgresql.jdbc.PgConnection@2fa73094
2026-09-19 15:04:01 [restartedMain] INFO  com.zaxxer.hikari.HikariDataSource - HikariPool-1 - Start completed.
2026-09-19 15:04:01 [restartedMain] INFO  o.hibernate.orm.connections.pooling - HHH10001005: Database info:
	Database JDBC URL [jdbc:postgresql://localhost:5433/AzentioHackthon]
	Database driver: PostgreSQL JDBC Driver
	Database dialect: PostgreSQLDialect
	Database version: 18.6
	Default catalog/schema: AzentioHackthon/public
	Autocommit mode: undefined/unknown
	Isolation level: READ_COMMITTED [default READ_COMMITTED]
	JDBC fetch size: none
	Pool: DataSourceConnectionProvider
	Minimum pool size: undefined/unknown
	Maximum pool size: undefined/unknown
2026-09-19 15:04:03 [restartedMain] INFO  org.hibernate.orm.core - HHH000489: No JTA platform available (set 'hibernate.transaction.jta.platform' to enable JTA platform integration)
2026-09-19 15:04:03 [restartedMain] INFO  org.hibernate.orm.jdbc.batch - HHH100501: Automatic JDBC statement batching enabled (maximum batch size 20)
2026-09-19 15:04:03 [restartedMain] INFO  o.s.o.j.LocalContainerEntityManagerFactoryBean - Initialized JPA EntityManagerFactory for persistence unit 'default'
2026-09-19 15:04:03 [restartedMain] DEBUG o.s.d.j.r.c.JpaMetamodelMappingContextFactoryBean - Initializing JpaMetamodelMappingContext…
2026-09-19 15:04:03 [restartedMain] DEBUG o.s.d.j.r.c.JpaMetamodelMappingContextFactoryBean - Finished initializing JpaMetamodelMappingContext
2026-09-19 15:04:03 [restartedMain] INFO  o.s.d.j.r.q.QueryEnhancerFactories - Hibernate is in classpath; If applicable, HQL parser will be used.
2026-09-19 15:04:03 [restartedMain] DEBUG o.s.d.j.repository.query.NamedQuery - Looking up named query 'RuleConfig.findByRuleCode'
2026-09-19 15:04:03 [restartedMain] DEBUG o.s.d.j.repository.query.NamedQuery - Did not find named query RuleConfig.findByRuleCode
2026-09-19 15:04:03 [restartedMain] DEBUG o.s.d.j.repository.query.NamedQuery - Did not find named query Transaction.findTransactionsByAccountAndTimeRange.count
2026-09-19 15:04:04 [restartedMain] DEBUG o.s.d.j.repository.query.NamedQuery - Did not find named query Transaction.calculateAccountTransactionTotalFor90Days.count
2026-09-19 15:04:04 [restartedMain] DEBUG o.s.d.j.repository.query.NamedQuery - Did not find named query Transaction.calculateAccountTransactionTotal.count
2026-09-19 15:04:04 [restartedMain] DEBUG o.s.d.j.repository.query.NamedQuery - Did not find named query Transaction.findHighValueTransactionsByAccountAndTimeRange.count
2026-09-19 15:04:04 [restartedMain] DEBUG o.s.d.j.repository.query.NamedQuery - Did not find named query Transaction.findByCountryCodeAndStatusAndTransactionDatetimeBetween.count
2026-09-19 15:04:04 [restartedMain] DEBUG o.s.d.j.repository.query.NamedQuery - Did not find named query Transaction.findTransactionsByAmountAndTimeRange.count
2026-09-19 15:04:04 [restartedMain] DEBUG o.s.d.j.repository.query.NamedQuery - Did not find named query Transaction.sumTransactionAmountByAccountAndTimeRange.count
2026-09-19 15:04:04 [restartedMain] DEBUG o.s.d.j.repository.query.NamedQuery - Did not find named query Transaction.sumTransactionAmountByCustomerAndTimeRange.count
2026-09-19 15:04:04 [restartedMain] DEBUG o.s.d.j.repository.query.NamedQuery - Did not find named query Transaction.countTransactionsByAccountAndTimeRange.count
2026-09-19 15:04:04 [restartedMain] DEBUG o.s.d.j.repository.query.NamedQuery - Did not find named query Transaction.findByAccountId.count
2026-09-19 15:04:04 [restartedMain] DEBUG o.s.d.j.repository.query.NamedQuery - Did not find named query Transaction.findByCountryCode.count
2026-09-19 15:04:04 [restartedMain] DEBUG o.s.d.j.repository.query.NamedQuery - Did not find named query Transaction.findByIsHighRiskTrue.count
2026-09-19 15:04:04 [restartedMain] DEBUG o.s.d.j.repository.query.NamedQuery - Did not find named query Transaction.findByAccountIdAndStatus.count
2026-09-19 15:04:04 [restartedMain] DEBUG o.s.d.j.repository.query.NamedQuery - Did not find named query Transaction.findTransactionsByTypeAndTimeRange.count
2026-09-19 15:04:04 [restartedMain] DEBUG o.s.d.j.repository.query.NamedQuery - Did not find named query Transaction.findHighRiskTransactionsByChannel.count
2026-09-19 15:04:04 [restartedMain] DEBUG o.s.d.j.repository.query.NamedQuery - Looking up named query 'HighRiskJurisdiction.existsByCountryCodeAndActive'
2026-09-19 15:04:04 [restartedMain] DEBUG o.s.d.j.repository.query.NamedQuery - Did not find named query HighRiskJurisdiction.existsByCountryCodeAndActive
2026-09-19 15:04:05 [restartedMain] DEBUG o.s.d.j.repository.query.NamedQuery - Did not find named query Account.findActiveJointAccounts.count
2026-09-19 15:04:05 [restartedMain] DEBUG o.s.d.j.repository.query.NamedQuery - Did not find named query Account.findByAccountNumber.count
2026-09-19 15:04:05 [restartedMain] DEBUG o.s.d.j.repository.query.NamedQuery - Did not find named query Account.findByCustomerIdAndStatus.count
2026-09-19 15:04:05 [restartedMain] DEBUG o.s.d.j.repository.query.NamedQuery - Did not find named query Account.findAccountsOpenedBetween.count
2026-09-19 15:04:05 [restartedMain] DEBUG o.s.d.j.repository.query.NamedQuery - Did not find named query Account.findByIsActiveTrueAndCurrency.count
2026-09-19 15:04:05 [restartedMain] DEBUG o.s.d.j.repository.query.NamedQuery - Did not find named query Account.findActiveAccountsByCustomerId.count
2026-09-19 15:04:05 [restartedMain] DEBUG o.s.d.j.repository.query.NamedQuery - Did not find named query Account.findActiveAccountsWithMinBalance.count
2026-09-19 15:04:05 [restartedMain] DEBUG o.s.d.j.repository.query.NamedQuery - Did not find named query Account.findActiveAccountsByCustomerAndCurrency.count
2026-09-19 15:04:05 [restartedMain] DEBUG o.s.d.j.repository.query.NamedQuery - Did not find named query Account.findByCustomerId.count
2026-09-19 15:04:05 [restartedMain] DEBUG o.s.d.j.repository.query.NamedQuery - Did not find named query Account.findByStatus.count
2026-09-19 15:04:05 [restartedMain] DEBUG o.s.d.j.repository.query.NamedQuery - Did not find named query Alert.findOpenAlertsSortedByRiskScore.count
2026-09-19 15:04:05 [restartedMain] DEBUG o.s.d.j.repository.query.NamedQuery - Did not find named query Alert.findByRuleCode.count
2026-09-19 15:04:05 [restartedMain] DEBUG o.s.d.j.repository.query.NamedQuery - Did not find named query Alert.findByAlertStatusAndCreatedByOrderByTriggeredAtDesc.count
2026-09-19 15:04:05 [restartedMain] DEBUG o.s.d.j.repository.query.NamedQuery - Did not find named query Alert.findOpenAlertsByRuleCodeAndCustomer.count
2026-09-19 15:04:05 [restartedMain] DEBUG o.s.d.j.repository.query.NamedQuery - Did not find named query Alert.findByCustomerId.count
2026-09-19 15:04:05 [restartedMain] DEBUG o.s.d.j.repository.query.NamedQuery - Did not find named query Alert.findByAccountId.count
2026-09-19 15:04:05 [restartedMain] DEBUG o.s.d.j.repository.query.NamedQuery - Did not find named query Alert.findByAlertStatus.count
2026-09-19 15:04:05 [restartedMain] DEBUG o.s.d.j.repository.query.NamedQuery - Did not find named query Alert.countOpenAlerts.count
2026-09-19 15:04:05 [restartedMain] DEBUG o.s.d.j.repository.query.NamedQuery - Did not find named query Alert.findCriticalAlerts.count
2026-09-19 15:04:05 [restartedMain] DEBUG o.s.d.j.repository.query.NamedQuery - Did not find named query Alert.findByTransactionId.count
2026-09-19 15:04:05 [restartedMain] DEBUG o.s.d.j.repository.query.NamedQuery - Did not find named query Alert.findAlertsByDateRange.count
2026-09-19 15:04:05 [restartedMain] DEBUG o.s.d.j.repository.query.NamedQuery - Did not find named query Alert.findOpenAlertsByCustomerId.count
2026-09-19 15:04:05 [restartedMain] DEBUG o.s.d.j.repository.query.NamedQuery - Did not find named query Alert.countOpenAlertsByCustomerId.count
2026-09-19 15:04:05 [restartedMain] DEBUG o.s.d.j.repository.query.NamedQuery - Did not find named query Alert.findAlertsByRiskScoreAndTimeRange.count
2026-09-19 15:04:05 [restartedMain] DEBUG o.s.w.s.m.m.a.RequestMappingHandlerMapping - 11 mappings in 'requestMappingHandlerMapping'
2026-09-19 15:04:05 [restartedMain] DEBUG o.s.w.s.h.SimpleUrlHandlerMapping - Patterns [/webjars/**, /**, /swagger-ui*/*swagger-initializer.js, /swagger-ui*/**] in 'resourceHandlerMapping'
2026-09-19 15:04:05 [restartedMain] DEBUG o.s.w.s.m.m.a.RequestMappingHandlerAdapter - ControllerAdvice beans: 0 @ModelAttribute, 0 @InitBinder, 2 RequestBodyAdvice, 1 ResponseBodyAdvice
2026-09-19 15:04:05 [restartedMain] DEBUG o.s.w.s.m.m.a.ExceptionHandlerExceptionResolver - ControllerAdvice beans: 1 @ExceptionHandler, 1 ResponseBodyAdvice
2026-09-19 15:04:05 [restartedMain] DEBUG o.s.d.j.repository.query.NamedQuery - Did not find named query AmlCase.findByOpenedAtBetweenOrderByOpenedAtDesc.count
2026-09-19 15:04:05 [restartedMain] DEBUG o.s.d.j.repository.query.NamedQuery - Did not find named query AmlCase.findByCustomerId.count
2026-09-19 15:04:05 [restartedMain] DEBUG o.s.d.j.repository.query.NamedQuery - Did not find named query AmlCase.findBySeverity.count
2026-09-19 15:04:05 [restartedMain] DEBUG o.s.d.j.repository.query.NamedQuery - Did not find named query AmlCase.countOpenCases.count
2026-09-19 15:04:05 [restartedMain] DEBUG o.s.d.j.repository.query.NamedQuery - Did not find named query AmlCase.findByCaseStatus.count
2026-09-19 15:04:05 [restartedMain] DEBUG o.s.d.j.repository.query.NamedQuery - Did not find named query AmlCase.findByAssignedTo.count
2026-09-19 15:04:05 [restartedMain] DEBUG o.s.d.j.repository.query.NamedQuery - Did not find named query AmlCase.countOpenCasesByCustomerId.count
2026-09-19 15:04:05 [restartedMain] DEBUG o.s.d.j.repository.query.NamedQuery - Did not find named query AmlCase.findClosedCasesByDateRange.count
2026-09-19 15:04:05 [restartedMain] DEBUG o.s.d.j.repository.query.NamedQuery - Did not find named query AmlCase.findUnassignedOpenCases.count
2026-09-19 15:04:05 [restartedMain] DEBUG o.s.d.j.repository.query.NamedQuery - Did not find named query AmlCase.findOpenCasesByCustomerId.count
2026-09-19 15:04:05 [restartedMain] DEBUG o.s.d.j.repository.query.NamedQuery - Did not find named query AmlCase.findHighSeverityCases.count
2026-09-19 15:04:05 [restartedMain] DEBUG o.s.d.j.repository.query.NamedQuery - Did not find named query AmlCase.countOpenCasesAssignedToAnalyst.count
2026-09-19 15:04:05 [restartedMain] DEBUG o.s.d.j.repository.query.NamedQuery - Did not find named query AmlCase.findOpenCasesAssignedToAnalyst.count
2026-09-19 15:04:05 [restartedMain] DEBUG o.s.d.j.repository.query.NamedQuery - Did not find named query AmlCase.findOpenCasesSortedBySeverity.count
2026-09-19 15:04:05 [restartedMain] DEBUG o.s.d.j.repository.query.NamedQuery - Did not find named query Customer.findByIsActiveTrueAndNumComplaintsGreaterThan.count
2026-09-19 15:04:05 [restartedMain] DEBUG o.s.d.j.repository.query.NamedQuery - Did not find named query Customer.findByKycStatus.count
2026-09-19 15:04:05 [restartedMain] DEBUG o.s.d.j.repository.query.NamedQuery - Did not find named query Customer.findByEmail.count
2026-09-19 15:04:05 [restartedMain] DEBUG o.s.d.j.repository.query.NamedQuery - Did not find named query Customer.findByPhone.count
2026-09-19 15:04:05 [restartedMain] DEBUG o.s.d.j.repository.query.NamedQuery - Did not find named query Customer.findByRiskRating.count
2026-09-19 15:04:05 [restartedMain] DEBUG o.s.d.j.repository.query.NamedQuery - Did not find named query Customer.findVerifiedCustomers.count
2026-09-19 15:04:05 [restartedMain] DEBUG o.s.d.j.repository.query.NamedQuery - Did not find named query Customer.findHighRiskCustomers.count
2026-09-19 15:04:05 [restartedMain] DEBUG o.s.d.j.repository.query.NamedQuery - Did not find named query Customer.findActiveCustomersByCountry.count
2026-09-19 15:04:05 [restartedMain] DEBUG o.s.d.j.repository.query.NamedQuery - Did not find named query Customer.findByPoliticallyExposedTrue.count
2026-09-19 15:04:05 [restartedMain] DEBUG o.s.d.j.repository.query.NamedQuery - Did not find named query Customer.findExposedHighRiskCustomers.count
2026-09-19 15:04:06 [restartedMain] INFO  o.s.boot.tomcat.TomcatWebServer - Tomcat started on port 8082 (http) with context path '/sentinel'
2026-09-19 15:04:06 [restartedMain] INFO  c.s.SentinelFlowApplication - Started SentinelFlowApplication in 7.136 seconds (process running for 7.848)
2026-09-19 15:05:18 [http-nio-8082-exec-1] INFO  o.a.c.c.C.[.[localhost].[/sentinel] - Initializing Spring DispatcherServlet 'dispatcherServlet'
2026-09-19 15:05:18 [http-nio-8082-exec-1] INFO  o.s.web.servlet.DispatcherServlet - Initializing Servlet 'dispatcherServlet'
2026-09-19 15:05:18 [http-nio-8082-exec-1] DEBUG o.s.web.servlet.DispatcherServlet - Detected StandardServletMultipartResolver
2026-09-19 15:05:18 [http-nio-8082-exec-1] DEBUG o.s.web.servlet.DispatcherServlet - Detected AcceptHeaderLocaleResolver
2026-09-19 15:05:19 [http-nio-8082-exec-1] DEBUG o.s.web.servlet.DispatcherServlet - Detected org.springframework.web.servlet.view.DefaultRequestToViewNameTranslator@4a7002a
2026-09-19 15:05:19 [http-nio-8082-exec-1] DEBUG o.s.web.servlet.DispatcherServlet - Detected org.springframework.web.servlet.support.SessionFlashMapManager@4fcb5701
2026-09-19 15:05:19 [http-nio-8082-exec-1] DEBUG o.s.web.servlet.DispatcherServlet - enableLoggingRequestDetails='false': request parameters and headers will be masked to prevent unsafe logging of potentially sensitive data
2026-09-19 15:05:19 [http-nio-8082-exec-1] INFO  o.s.web.servlet.DispatcherServlet - Completed initialization in 21 ms
2026-09-19 15:05:19 [http-nio-8082-exec-1] DEBUG o.s.web.servlet.DispatcherServlet - GET "/sentinel/api/v1/accounts", parameters={}
2026-09-19 15:05:19 [http-nio-8082-exec-1] DEBUG o.s.w.s.m.m.a.RequestMappingHandlerMapping - Mapped to com.sentinelflow.controller.AccountController#getAllAccounts()
2026-09-19 15:05:19 [http-nio-8082-exec-1] DEBUG o.s.w.s.m.m.a.RequestResponseBodyMethodProcessor - Using 'application/json', given [application/json, text/plain, */*] and supported [application/json, application/*+json, application/yaml]
2026-09-19 15:05:19 [http-nio-8082-exec-1] DEBUG o.s.w.s.m.m.a.RequestResponseBodyMethodProcessor - Writing [[com.sentinelflow.dto.AccountResponse@a50d9b5, com.sentinelflow.dto.AccountResponse@45744e1c]]
2026-09-19 15:05:19 [http-nio-8082-exec-1] DEBUG o.s.web.servlet.DispatcherServlet - Completed 200 OK
2026-09-19 15:06:32 [RMI TCP Connection(11)-127.0.0.1] INFO  o.s.b.a.SpringApplicationAdminMXBeanRegistrar$SpringApplicationAdmin - Application shutdown requested.
2026-09-19 15:06:32 [RMI TCP Connection(11)-127.0.0.1] INFO  o.s.boot.tomcat.GracefulShutdown - Commencing graceful shutdown. Waiting for active requests to complete
2026-09-19 15:06:33 [tomcat-shutdown] INFO  o.s.boot.tomcat.GracefulShutdown - Graceful shutdown complete
2026-09-19 15:06:33 [RMI TCP Connection(11)-127.0.0.1] INFO  o.s.o.j.LocalContainerEntityManagerFactoryBean - Closing JPA EntityManagerFactory for persistence unit 'default'
2026-09-19 15:06:33 [RMI TCP Connection(11)-127.0.0.1] INFO  com.zaxxer.hikari.HikariDataSource - HikariPool-1 - Shutdown initiated...
2026-09-19 15:06:33 [RMI TCP Connection(11)-127.0.0.1] INFO  com.zaxxer.hikari.HikariDataSource - HikariPool-1 - Shutdown completed.
2026-09-19 15:07:03 [restartedMain] INFO  c.s.SentinelFlowApplication - Starting SentinelFlowApplication using Java 22 with PID 21112 (D:\Java\SentinelFlow\target\classes started by hp in D:\Java\SentinelFlow)
2026-09-19 15:07:03 [restartedMain] DEBUG c.s.SentinelFlowApplication - Running with Spring Boot v4.1.1, Spring v7.0.9
2026-09-19 15:07:03 [restartedMain] INFO  c.s.SentinelFlowApplication - No active profile set, falling back to 1 default profile: "default"
2026-09-19 15:07:03 [restartedMain] INFO  o.s.b.d.e.DevToolsPropertyDefaultsPostProcessor - Devtools property defaults active! Set 'spring.devtools.add-properties' to 'false' to disable
2026-09-19 15:07:03 [restartedMain] INFO  o.s.b.d.e.DevToolsPropertyDefaultsPostProcessor - For additional web related logging consider setting the 'logging.level.web' property to 'DEBUG'
2026-09-19 15:07:05 [restartedMain] INFO  o.s.d.r.c.RepositoryConfigurationDelegate - Bootstrapping Spring Data JPA repositories in DEFAULT mode.
2026-09-19 15:07:05 [restartedMain] INFO  o.s.d.r.c.RepositoryConfigurationDelegate - Finished Spring Data repository scanning in 71 ms. Found 7 JPA repository interfaces.
2026-09-19 15:07:06 [restartedMain] INFO  o.s.boot.tomcat.TomcatWebServer - Tomcat initialized with port 8082 (http)
2026-09-19 15:07:06 [restartedMain] INFO  o.a.catalina.core.StandardService - Starting service [Tomcat]
2026-09-19 15:07:06 [restartedMain] INFO  o.a.catalina.core.StandardEngine - Starting Servlet engine: [Apache Tomcat/11.0.24]
2026-09-19 15:07:06 [restartedMain] INFO  o.s.b.w.c.s.WebApplicationContextInitializer - Root WebApplicationContext: initialization completed in 2183 ms
2026-09-19 15:07:06 [restartedMain] INFO  org.hibernate.orm.jpa - HHH008540: Processing PersistenceUnitInfo [name: default]
2026-09-19 15:07:06 [restartedMain] INFO  org.hibernate.orm.core - HHH000001: Hibernate ORM core version 7.4.5.Final
2026-09-19 15:07:07 [restartedMain] INFO  o.s.o.j.p.SpringPersistenceUnitInfo - No LoadTimeWeaver setup: ignoring JPA class transformer
2026-09-19 15:07:07 [restartedMain] INFO  com.zaxxer.hikari.HikariDataSource - HikariPool-1 - Starting...
2026-09-19 15:07:07 [restartedMain] INFO  com.zaxxer.hikari.pool.HikariPool - HikariPool-1 - Added connection org.postgresql.jdbc.PgConnection@66817b5
2026-09-19 15:07:07 [restartedMain] INFO  com.zaxxer.hikari.HikariDataSource - HikariPool-1 - Start completed.
2026-09-19 15:07:07 [restartedMain] INFO  o.hibernate.orm.connections.pooling - HHH10001005: Database info:
	Database JDBC URL [jdbc:postgresql://localhost:5433/AzentioHackthon]
	Database driver: PostgreSQL JDBC Driver
	Database dialect: PostgreSQLDialect
	Database version: 18.6
	Default catalog/schema: AzentioHackthon/public
	Autocommit mode: undefined/unknown
	Isolation level: READ_COMMITTED [default READ_COMMITTED]
	JDBC fetch size: none
	Pool: DataSourceConnectionProvider
	Minimum pool size: undefined/unknown
	Maximum pool size: undefined/unknown
2026-09-19 15:07:09 [restartedMain] INFO  org.hibernate.orm.core - HHH000489: No JTA platform available (set 'hibernate.transaction.jta.platform' to enable JTA platform integration)
2026-09-19 15:07:09 [restartedMain] INFO  org.hibernate.orm.jdbc.batch - HHH100501: Automatic JDBC statement batching enabled (maximum batch size 20)
2026-09-19 15:07:09 [restartedMain] INFO  o.s.o.j.LocalContainerEntityManagerFactoryBean - Initialized JPA EntityManagerFactory for persistence unit 'default'
2026-09-19 15:07:09 [restartedMain] DEBUG o.s.d.j.r.c.JpaMetamodelMappingContextFactoryBean - Initializing JpaMetamodelMappingContext…
2026-09-19 15:07:09 [restartedMain] DEBUG o.s.d.j.r.c.JpaMetamodelMappingContextFactoryBean - Finished initializing JpaMetamodelMappingContext
2026-09-19 15:07:09 [restartedMain] INFO  o.s.d.j.r.q.QueryEnhancerFactories - Hibernate is in classpath; If applicable, HQL parser will be used.
2026-09-19 15:07:09 [restartedMain] DEBUG o.s.d.j.repository.query.NamedQuery - Looking up named query 'RuleConfig.findByRuleCode'
2026-09-19 15:07:09 [restartedMain] DEBUG o.s.d.j.repository.query.NamedQuery - Did not find named query RuleConfig.findByRuleCode
2026-09-19 15:07:09 [restartedMain] DEBUG o.s.d.j.repository.query.NamedQuery - Did not find named query Transaction.findByCountryCode.count
2026-09-19 15:07:10 [restartedMain] DEBUG o.s.d.j.repository.query.NamedQuery - Did not find named query Transaction.findByAccountId.count
2026-09-19 15:07:10 [restartedMain] DEBUG o.s.d.j.repository.query.NamedQuery - Did not find named query Transaction.findHighRiskTransactionsByChannel.count
2026-09-19 15:07:10 [restartedMain] DEBUG o.s.d.j.repository.query.NamedQuery - Did not find named query Transaction.findTransactionsByTypeAndTimeRange.count
2026-09-19 15:07:10 [restartedMain] DEBUG o.s.d.j.repository.query.NamedQuery - Did not find named query Transaction.findTransactionsByAccountAndTimeRange.count
2026-09-19 15:07:10 [restartedMain] DEBUG o.s.d.j.repository.query.NamedQuery - Did not find named query Transaction.calculateAccountTransactionTotalFor90Days.count
2026-09-19 15:07:10 [restartedMain] DEBUG o.s.d.j.repository.query.NamedQuery - Did not find named query Transaction.calculateAccountTransactionTotal.count
2026-09-19 15:07:10 [restartedMain] DEBUG o.s.d.j.repository.query.NamedQuery - Did not find named query Transaction.findHighValueTransactionsByAccountAndTimeRange.count
2026-09-19 15:07:10 [restartedMain] DEBUG o.s.d.j.repository.query.NamedQuery - Did not find named query Transaction.findByIsHighRiskTrue.count
2026-09-19 15:07:10 [restartedMain] DEBUG o.s.d.j.repository.query.NamedQuery - Did not find named query Transaction.findByAccountIdAndStatus.count
2026-09-19 15:07:10 [restartedMain] DEBUG o.s.d.j.repository.query.NamedQuery - Did not find named query Transaction.findByCountryCodeAndStatusAndTransactionDatetimeBetween.count
2026-09-19 15:07:10 [restartedMain] DEBUG o.s.d.j.repository.query.NamedQuery - Did not find named query Transaction.sumTransactionAmountByCustomerAndTimeRange.count
2026-09-19 15:07:10 [restartedMain] DEBUG o.s.d.j.repository.query.NamedQuery - Did not find named query Transaction.countTransactionsByAccountAndTimeRange.count
2026-09-19 15:07:10 [restartedMain] DEBUG o.s.d.j.repository.query.NamedQuery - Did not find named query Transaction.findTransactionsByAmountAndTimeRange.count
2026-09-19 15:07:10 [restartedMain] DEBUG o.s.d.j.repository.query.NamedQuery - Did not find named query Transaction.sumTransactionAmountByAccountAndTimeRange.count
2026-09-19 15:07:10 [restartedMain] DEBUG o.s.d.j.repository.query.NamedQuery - Looking up named query 'HighRiskJurisdiction.existsByCountryCodeAndActive'
2026-09-19 15:07:10 [restartedMain] DEBUG o.s.d.j.repository.query.NamedQuery - Did not find named query HighRiskJurisdiction.existsByCountryCodeAndActive
2026-09-19 15:07:10 [restartedMain] DEBUG o.s.d.j.repository.query.NamedQuery - Did not find named query Account.findByStatus.count
2026-09-19 15:07:10 [restartedMain] DEBUG o.s.d.j.repository.query.NamedQuery - Did not find named query Account.findByCustomerId.count
2026-09-19 15:07:10 [restartedMain] DEBUG o.s.d.j.repository.query.NamedQuery - Did not find named query Account.findByIsActiveTrueAndCurrency.count
2026-09-19 15:07:10 [restartedMain] DEBUG o.s.d.j.repository.query.NamedQuery - Did not find named query Account.findActiveAccountsByCustomerId.count
2026-09-19 15:07:10 [restartedMain] DEBUG o.s.d.j.repository.query.NamedQuery - Did not find named query Account.findActiveAccountsWithMinBalance.count
2026-09-19 15:07:10 [restartedMain] DEBUG o.s.d.j.repository.query.NamedQuery - Did not find named query Account.findByCustomerIdAndStatus.count
2026-09-19 15:07:10 [restartedMain] DEBUG o.s.d.j.repository.query.NamedQuery - Did not find named query Account.findByAccountNumber.count
2026-09-19 15:07:10 [restartedMain] DEBUG o.s.d.j.repository.query.NamedQuery - Did not find named query Account.findAccountsOpenedBetween.count
2026-09-19 15:07:10 [restartedMain] DEBUG o.s.d.j.repository.query.NamedQuery - Did not find named query Account.findActiveJointAccounts.count
2026-09-19 15:07:10 [restartedMain] DEBUG o.s.d.j.repository.query.NamedQuery - Did not find named query Account.findActiveAccountsByCustomerAndCurrency.count
2026-09-19 15:07:10 [restartedMain] DEBUG o.s.d.j.repository.query.NamedQuery - Did not find named query Alert.countOpenAlerts.count
2026-09-19 15:07:10 [restartedMain] DEBUG o.s.d.j.repository.query.NamedQuery - Did not find named query Alert.findCriticalAlerts.count
2026-09-19 15:07:10 [restartedMain] DEBUG o.s.d.j.repository.query.NamedQuery - Did not find named query Alert.findByAlertStatus.count
2026-09-19 15:07:10 [restartedMain] DEBUG o.s.d.j.repository.query.NamedQuery - Did not find named query Alert.findByAccountId.count
2026-09-19 15:07:10 [restartedMain] DEBUG o.s.d.j.repository.query.NamedQuery - Did not find named query Alert.findByCustomerId.count
2026-09-19 15:07:10 [restartedMain] DEBUG o.s.d.j.repository.query.NamedQuery - Did not find named query Alert.findAlertsByRiskScoreAndTimeRange.count
2026-09-19 15:07:10 [restartedMain] DEBUG o.s.d.j.repository.query.NamedQuery - Did not find named query Alert.countOpenAlertsByCustomerId.count
2026-09-19 15:07:10 [restartedMain] DEBUG o.s.d.j.repository.query.NamedQuery - Did not find named query Alert.findOpenAlertsSortedByRiskScore.count
2026-09-19 15:07:10 [restartedMain] DEBUG o.s.d.j.repository.query.NamedQuery - Did not find named query Alert.findByRuleCode.count
2026-09-19 15:07:10 [restartedMain] DEBUG o.s.d.j.repository.query.NamedQuery - Did not find named query Alert.findByTransactionId.count
2026-09-19 15:07:10 [restartedMain] DEBUG o.s.d.j.repository.query.NamedQuery - Did not find named query Alert.findOpenAlertsByCustomerId.count
2026-09-19 15:07:10 [restartedMain] DEBUG o.s.d.j.repository.query.NamedQuery - Did not find named query Alert.findAlertsByDateRange.count
2026-09-19 15:07:10 [restartedMain] DEBUG o.s.d.j.repository.query.NamedQuery - Did not find named query Alert.findByAlertStatusAndCreatedByOrderByTriggeredAtDesc.count
2026-09-19 15:07:10 [restartedMain] DEBUG o.s.d.j.repository.query.NamedQuery - Did not find named query Alert.findOpenAlertsByRuleCodeAndCustomer.count
2026-09-19 15:07:11 [restartedMain] DEBUG o.s.w.s.m.m.a.RequestMappingHandlerMapping - 11 mappings in 'requestMappingHandlerMapping'
2026-09-19 15:07:11 [restartedMain] DEBUG o.s.w.s.h.SimpleUrlHandlerMapping - Patterns [/webjars/**, /**, /swagger-ui*/*swagger-initializer.js, /swagger-ui*/**] in 'resourceHandlerMapping'
2026-09-19 15:07:11 [restartedMain] DEBUG o.s.w.s.m.m.a.RequestMappingHandlerAdapter - ControllerAdvice beans: 0 @ModelAttribute, 0 @InitBinder, 2 RequestBodyAdvice, 1 ResponseBodyAdvice
2026-09-19 15:07:11 [restartedMain] DEBUG o.s.w.s.m.m.a.ExceptionHandlerExceptionResolver - ControllerAdvice beans: 1 @ExceptionHandler, 1 ResponseBodyAdvice
2026-09-19 15:07:11 [restartedMain] DEBUG o.s.d.j.repository.query.NamedQuery - Did not find named query Customer.findByKycStatus.count
2026-09-19 15:07:11 [restartedMain] DEBUG o.s.d.j.repository.query.NamedQuery - Did not find named query Customer.findByPhone.count
2026-09-19 15:07:11 [restartedMain] DEBUG o.s.d.j.repository.query.NamedQuery - Did not find named query Customer.findByEmail.count
2026-09-19 15:07:11 [restartedMain] DEBUG o.s.d.j.repository.query.NamedQuery - Did not find named query Customer.findByRiskRating.count
2026-09-19 15:07:11 [restartedMain] DEBUG o.s.d.j.repository.query.NamedQuery - Did not find named query Customer.findActiveCustomersByCountry.count
2026-09-19 15:07:11 [restartedMain] DEBUG o.s.d.j.repository.query.NamedQuery - Did not find named query Customer.findByPoliticallyExposedTrue.count
2026-09-19 15:07:11 [restartedMain] DEBUG o.s.d.j.repository.query.NamedQuery - Did not find named query Customer.findExposedHighRiskCustomers.count
2026-09-19 15:07:11 [restartedMain] DEBUG o.s.d.j.repository.query.NamedQuery - Did not find named query Customer.findByIsActiveTrueAndNumComplaintsGreaterThan.count
2026-09-19 15:07:11 [restartedMain] DEBUG o.s.d.j.repository.query.NamedQuery - Did not find named query Customer.findVerifiedCustomers.count
2026-09-19 15:07:11 [restartedMain] DEBUG o.s.d.j.repository.query.NamedQuery - Did not find named query Customer.findHighRiskCustomers.count
2026-09-19 15:07:11 [restartedMain] DEBUG o.s.d.j.repository.query.NamedQuery - Did not find named query AmlCase.findByAssignedTo.count
2026-09-19 15:07:11 [restartedMain] DEBUG o.s.d.j.repository.query.NamedQuery - Did not find named query AmlCase.findBySeverity.count
2026-09-19 15:07:11 [restartedMain] DEBUG o.s.d.j.repository.query.NamedQuery - Did not find named query AmlCase.countOpenCases.count
2026-09-19 15:07:11 [restartedMain] DEBUG o.s.d.j.repository.query.NamedQuery - Did not find named query AmlCase.findByCaseStatus.count
2026-09-19 15:07:11 [restartedMain] DEBUG o.s.d.j.repository.query.NamedQuery - Did not find named query AmlCase.findByCustomerId.count
2026-09-19 15:07:11 [restartedMain] DEBUG o.s.d.j.repository.query.NamedQuery - Did not find named query AmlCase.countOpenCasesAssignedToAnalyst.count
2026-09-19 15:07:11 [restartedMain] DEBUG o.s.d.j.repository.query.NamedQuery - Did not find named query AmlCase.findOpenCasesAssignedToAnalyst.count
2026-09-19 15:07:11 [restartedMain] DEBUG o.s.d.j.repository.query.NamedQuery - Did not find named query AmlCase.findOpenCasesSortedBySeverity.count
2026-09-19 15:07:11 [restartedMain] DEBUG o.s.d.j.repository.query.NamedQuery - Did not find named query AmlCase.findHighSeverityCases.count
2026-09-19 15:07:11 [restartedMain] DEBUG o.s.d.j.repository.query.NamedQuery - Did not find named query AmlCase.findClosedCasesByDateRange.count
2026-09-19 15:07:11 [restartedMain] DEBUG o.s.d.j.repository.query.NamedQuery - Did not find named query AmlCase.findOpenCasesByCustomerId.count
2026-09-19 15:07:11 [restartedMain] DEBUG o.s.d.j.repository.query.NamedQuery - Did not find named query AmlCase.countOpenCasesByCustomerId.count
2026-09-19 15:07:11 [restartedMain] DEBUG o.s.d.j.repository.query.NamedQuery - Did not find named query AmlCase.findUnassignedOpenCases.count
2026-09-19 15:07:11 [restartedMain] DEBUG o.s.d.j.repository.query.NamedQuery - Did not find named query AmlCase.findByOpenedAtBetweenOrderByOpenedAtDesc.count
2026-09-19 15:07:11 [restartedMain] INFO  o.s.boot.tomcat.TomcatWebServer - Tomcat started on port 8082 (http) with context path '/sentinel'
2026-09-19 15:07:11 [restartedMain] INFO  c.s.SentinelFlowApplication - Started SentinelFlowApplication in 8.525 seconds (process running for 10.1)
2026-09-19 15:08:55 [http-nio-8082-exec-2] INFO  o.a.c.c.C.[.[localhost].[/sentinel] - Initializing Spring DispatcherServlet 'dispatcherServlet'
2026-09-19 15:08:55 [http-nio-8082-exec-2] INFO  o.s.web.servlet.DispatcherServlet - Initializing Servlet 'dispatcherServlet'
2026-09-19 15:08:55 [http-nio-8082-exec-2] DEBUG o.s.web.servlet.DispatcherServlet - Detected StandardServletMultipartResolver
2026-09-19 15:08:55 [http-nio-8082-exec-2] DEBUG o.s.web.servlet.DispatcherServlet - Detected AcceptHeaderLocaleResolver
2026-09-19 15:08:55 [http-nio-8082-exec-2] DEBUG o.s.web.servlet.DispatcherServlet - Detected org.springframework.web.servlet.view.DefaultRequestToViewNameTranslator@27463c0a
2026-09-19 15:08:55 [http-nio-8082-exec-2] DEBUG o.s.web.servlet.DispatcherServlet - Detected org.springframework.web.servlet.support.SessionFlashMapManager@2d9e5918
2026-09-19 15:08:55 [http-nio-8082-exec-2] DEBUG o.s.web.servlet.DispatcherServlet - enableLoggingRequestDetails='false': request parameters and headers will be masked to prevent unsafe logging of potentially sensitive data
2026-09-19 15:08:55 [http-nio-8082-exec-2] INFO  o.s.web.servlet.DispatcherServlet - Completed initialization in 11 ms
2026-09-19 15:08:55 [http-nio-8082-exec-2] DEBUG o.s.web.servlet.DispatcherServlet - GET "/sentinel/api/v1/alerts", parameters={}
2026-09-19 15:08:55 [http-nio-8082-exec-2] DEBUG o.s.w.s.m.m.a.RequestMappingHandlerMapping - Mapped to com.sentinelflow.controller.AlertController#getAllAlerts()
2026-09-19 15:08:55 [http-nio-8082-exec-2] DEBUG o.s.w.s.m.m.a.RequestResponseBodyMethodProcessor - Using 'application/json', given [application/json, text/plain, */*] and supported [application/json, application/*+json, application/yaml]
2026-09-19 15:08:55 [http-nio-8082-exec-2] DEBUG o.s.w.s.m.m.a.RequestResponseBodyMethodProcessor - Writing [[com.sentinelflow.dto.AlertResponse@a6f4a45]]
2026-09-19 15:08:55 [http-nio-8082-exec-2] DEBUG o.s.web.servlet.DispatcherServlet - Completed 200 OK
2026-09-19 15:09:43 [http-nio-8082-exec-5] DEBUG o.s.web.servlet.DispatcherServlet - GET "/sentinel/api/v1/accounts", parameters={}
2026-09-19 15:09:43 [http-nio-8082-exec-5] DEBUG o.s.w.s.m.m.a.RequestMappingHandlerMapping - Mapped to com.sentinelflow.controller.AccountController#getAllAccounts()
2026-09-19 15:09:43 [http-nio-8082-exec-5] DEBUG o.s.w.s.m.m.a.RequestResponseBodyMethodProcessor - Using 'application/json', given [application/json, text/plain, */*] and supported [application/json, application/*+json, application/yaml]
2026-09-19 15:09:43 [http-nio-8082-exec-5] DEBUG o.s.w.s.m.m.a.RequestResponseBodyMethodProcessor - Writing [[com.sentinelflow.dto.AccountResponse@5c6d3800, com.sentinelflow.dto.AccountResponse@40b44ec8]]
2026-09-19 15:09:43 [http-nio-8082-exec-5] DEBUG o.s.web.servlet.DispatcherServlet - Completed 200 OK
